timestamp,location_name,coordinates,lat,lon,speed,free_flow_speed,vehicle_count,confidence,road_closure
2026-05-01T00:00:00,Ring Road - Maadi,"29.9544,31.2858",29.9544,31.2858,66,66,8,0.916624,False
2026-05-01T00:15:00,October Bridge,"30.0526,31.2372",30.0526,31.2372,53,63,22,0.982404,False
2026-05-01T00:30:00,26th July Corridor,"30.0381,31.0264",30.0381,31.0264,42,59,6,0.999983,False
2026-05-01T00:45:00,Abbas El Akkad,"30.0631,31.3341",30.0631,31.3341,66,77,47,0.967854,False
2026-05-01T01:00:00,Galaa Square,"30.0398,31.2188",30.0398,31.2188,37,79,26,0.937857,False
2026-05-01T01:15:00,Salah Salem,"30.0645,31.282",30.0645,31.282,53,61,27,0.929527,False
2026-05-01T01:30:00,Autostrad - Sheraton,"30.1065,31.3711",30.1065,31.3711,46,67,45,0.890732,False
2026-05-01T01:45:00,Tahrir Square,"30.0444,31.2357",30.0444,31.2357,73,73,11,0.855849,False
2026-05-01T02:00:00,Corniche El Nil,"30.0263,31.2268",30.0263,31.2268,58,80,22,0.935296,False
2026-05-01T02:15:00,Mosheer Tantawy Axis,"30.0242,31.3486",30.0242,31.3486,57,66,37,0.962666,False
2026-05-01T02:30:00,Rod El Farag Axis,"30.0881,31.2185",30.0881,31.2185,53,62,40,0.876117,False
2026-05-01T02:45:00,Ring Road - Marg,"30.1554,31.3323",30.1554,31.3323,54,79,8,0.875785,False
2026-05-01T03:00:00,Ring Road - Moneeb,"29.9881,31.2227",29.9881,31.2227,51,66,46,0.950767,False
2026-05-01T03:15:00,Gamaat El Dowal St,"30.0543,31.2005",30.0543,31.2005,55,59,14,0.947783,False
2026-05-01T03:30:00,Faisal Street,"30.0051,31.1574",30.0051,31.1574,54,79,46,0.937941,False
2026-05-01T03:45:00,North 90th Street,"30.0308,31.4721",30.0308,31.4721,37,72,34,0.9423,False
2026-05-01T04:00:00,South 90th Street,"30.0195,31.4326",30.0195,31.4326,57,66,5,0.969576,False
2026-05-01T04:15:00,Ring Road - Maadi,"29.9544,31.2858",29.9544,31.2858,53,73,14,0.894678,False
2026-05-01T04:30:00,October Bridge,"30.0526,31.2372",30.0526,31.2372,36,73,13,0.916235,False
2026-05-01T04:45:00,26th July Corridor,"30.0381,31.0264",30.0381,31.0264,54,75,44,0.910934,False
2026-05-01T05:00:00,Abbas El Akkad,"30.0631,31.3341",30.0631,31.3341,71,71,38,0.855747,False
2026-05-01T05:15:00,Galaa Square,"30.0398,31.2188",30.0398,31.2188,35,62,24,0.930007,False
2026-05-01T05:30:00,Salah Salem,"30.0645,31.282",30.0645,31.282,67,79,6,0.980271,False
2026-05-01T05:45:00,Autostrad - Sheraton,"30.1065,31.3711",30.1065,31.3711,73,74,17,0.874355,False
2026-05-01T06:00:00,Tahrir Square,"30.0444,31.2357",30.0444,31.2357,74,74,49,0.852358,False
2026-05-01T06:15:00,Corniche El Nil,"30.0263,31.2268",30.0263,31.2268,60,79,15,0.90214,False
2026-05-01T06:30:00,Mosheer Tantawy Axis,"30.0242,31.3486",30.0242,31.3486,44,65,6,0.864627,False
2026-05-01T06:45:00,Rod El Farag Axis,"30.0881,31.2185",30.0881,31.2185,72,80,27,0.979532,False
2026-05-01T07:00:00,Ring Road - Marg,"30.1554,31.3323",30.1554,31.3323,46,63,10,0.916266,False
2026-05-01T07:15:00,Ring Road - Moneeb,"29.9881,31.2227",29.9881,31.2227,61,66,15,0.882334,False
2026-05-01T07:30:00,Gamaat El Dowal St,"30.0543,31.2005",30.0543,31.2005,50,66,24,0.850347,False
2026-05-01T07:45:00,Faisal Street,"30.0051,31.1574",30.0051,31.1574,67,73,42,0.93173,False
2026-05-01T08:00:00,North 90th Street,"30.0308,31.4721",30.0308,31.4721,36,64,21,0.878119,False
2026-05-01T08:15:00,South 90th Street,"30.0195,31.4326",30.0195,31.4326,62,74,39,0.853069,False
2026-05-01T08:30:00,Ring Road - Maadi,"29.9544,31.2858",29.9544,31.2858,75,75,32,0.96325,False
2026-05-01T08:45:00,October Bridge,"30.0526,31.2372",30.0526,31.2372,55,65,34,0.85379,False
2026-05-01T09:00:00,26th July Corridor,"30.0381,31.0264",30.0381,31.0264,66,80,41,0.946134,False
2026-05-01T09:15:00,Abbas El Akkad,"30.0631,31.3341",30.0631,31.3341,49,57,39,0.99098,False
2026-05-01T09:30:00,Galaa Square,"30.0398,31.2188",30.0398,31.2188,35,80,11,0.942569,False
2026-05-01T09:45:00,Salah Salem,"30.0645,31.282",30.0645,31.282,64,78,13,0.864042,False
2026-05-01T10:00:00,Autostrad - Sheraton,"30.1065,31.3711",30.1065,31.3711,49,57,10,0.881523,False
2026-05-01T10:15:00,Tahrir Square,"30.0444,31.2357",30.0444,31.2357,44,61,40,0.85175,False
2026-05-01T10:30:00,Corniche El Nil,"30.0263,31.2268",30.0263,31.2268,59,76,40,0.900955,False
2026-05-01T10:45:00,Mosheer Tantawy Axis,"30.0242,31.3486",30.0242,31.3486,39,58,7,0.934068,False
2026-05-01T11:00:00,Rod El Farag Axis,"30.0881,31.2185",30.0881,31.2185,36,74,17,0.885065,False
2026-05-01T11:15:00,Ring Road - Marg,"30.1554,31.3323",30.1554,31.3323,75,75,42,0.948866,False
2026-05-01T11:30:00,Ring Road - Moneeb,"29.9881,31.2227",29.9881,31.2227,65,65,26,0.871697,False
2026-05-01T11:45:00,Gamaat El Dowal St,"30.0543,31.2005",30.0543,31.2005,37,65,24,0.956618,False
2026-05-01T12:00:00,Faisal Street,"30.0051,31.1574",30.0051,31.1574,51,74,25,0.86422,False
2026-05-01T12:15:00,North 90th Street,"30.0308,31.4721",30.0308,31.4721,64,72,47,0.865845,False
2026-05-01T12:30:00,South 90th Street,"30.0195,31.4326",30.0195,31.4326,57,60,10,0.997715,False
2026-05-01T12:45:00,Ring Road - Maadi,"29.9544,31.2858",29.9544,31.2858,62,79,16,0.920007,False
2026-05-01T13:00:00,October Bridge,"30.0526,31.2372",30.0526,31.2372,38,64,18,0.992777,False
2026-05-01T13:15:00,26th July Corridor,"30.0381,31.0264",30.0381,31.0264,64,77,5,0.916059,False
2026-05-01T13:30:00,Abbas El Akkad,"30.0631,31.3341",30.0631,31.3341,45,76,39,0.868551,False
2026-05-01T13:45:00,Galaa Square,"30.0398,31.2188",30.0398,31.2188,57,76,37,0.908956,False
2026-05-01T14:00:00,Salah Salem,"30.0645,31.282",30.0645,31.282,47,71,47,0.932245,False
2026-05-01T14:15:00,Autostrad - Sheraton,"30.1065,31.3711",30.1065,31.3711,60,79,16,0.902876,False
2026-05-01T14:30:00,Tahrir Square,"30.0444,31.2357",30.0444,31.2357,57,63,49,0.983088,False
2026-05-01T14:45:00,Corniche El Nil,"30.0263,31.2268",30.0263,31.2268,65,74,24,0.870485,False
2026-05-01T15:00:00,Mosheer Tantawy Axis,"30.0242,31.3486",30.0242,31.3486,59,75,30,0.925944,False
2026-05-01T15:15:00,Rod El Farag Axis,"30.0881,31.2185",30.0881,31.2185,56,57,23,0.971553,False
2026-05-01T15:30:00,Ring Road - Marg,"30.1554,31.3323",30.1554,31.3323,50,80,21,0.971546,False
2026-05-01T15:45:00,Ring Road - Moneeb,"29.9881,31.2227",29.9881,31.2227,47,69,22,0.878077,False
2026-05-01T16:00:00,Gamaat El Dowal St,"30.0543,31.2005",30.0543,31.2005,35,59,31,0.97761,False
2026-05-01T16:15:00,Faisal Street,"30.0051,31.1574",30.0051,31.1574,64,64,30,0.866527,False
2026-05-01T16:30:00,North 90th Street,"30.0308,31.4721",30.0308,31.4721,72,72,16,0.999213,False
2026-05-01T16:45:00,South 90th Street,"30.0195,31.4326",30.0195,31.4326,47,61,37,0.925328,False
2026-05-01T17:00:00,Ring Road - Maadi,"29.9544,31.2858",29.9544,31.2858,65,67,14,0.905554,False
2026-05-01T17:15:00,October Bridge,"30.0526,31.2372",30.0526,31.2372,38,73,22,0.957019,False
2026-05-01T17:30:00,26th July Corridor,"30.0381,31.0264",30.0381,31.0264,46,55,49,0.950723,False
2026-05-01T17:45:00,Abbas El Akkad,"30.0631,31.3341",30.0631,31.3341,53,64,22,0.886011,False
2026-05-01T18:00:00,Galaa Square,"30.0398,31.2188",30.0398,31.2188,47,70,22,0.908419,False
2026-05-01T18:15:00,Salah Salem,"30.0645,31.282",30.0645,31.282,42,71,33,0.854474,False
2026-05-01T18:30:00,Autostrad - Sheraton,"30.1065,31.3711",30.1065,31.3711,42,69,44,0.969516,False
2026-05-01T18:45:00,Tahrir Square,"30.0444,31.2357",30.0444,31.2357,60,66,32,0.957122,False
2026-05-01T19:00:00,Corniche El Nil,"30.0263,31.2268",30.0263,31.2268,39,58,21,0.853465,False
2026-05-01T19:15:00,Mosheer Tantawy Axis,"30.0242,31.3486",30.0242,31.3486,54,75,42,0.951498,False
2026-05-01T19:30:00,Rod El Farag Axis,"30.0881,31.2185",30.0881,31.2185,72,79,7,0.960023,False
2026-05-01T19:45:00,Ring Road - Marg,"30.1554,31.3323",30.1554,31.3323,36,71,27,0.970533,False
2026-05-01T20:00:00,Ring Road - Moneeb,"29.9881,31.2227",29.9881,31.2227,65,65,5,0.90394,False
2026-05-01T20:15:00,Gamaat El Dowal St,"30.0543,31.2005",30.0543,31.2005,50,73,9,0.933065,False
2026-05-01T20:30:00,Faisal Street,"30.0051,31.1574",30.0051,31.1574,36,72,17,0.889907,False
2026-05-01T20:45:00,North 90th Street,"30.0308,31.4721",30.0308,31.4721,66,79,28,0.850214,False
2026-05-01T21:00:00,South 90th Street,"30.0195,31.4326",30.0195,31.4326,46,73,40,0.867636,False
2026-05-01T21:15:00,Ring Road - Maadi,"29.9544,31.2858",29.9544,31.2858,43,80,33,0.888094,False
2026-05-01T21:30:00,October Bridge,"30.0526,31.2372",30.0526,31.2372,37,55,45,0.91948,False
2026-05-01T21:45:00,26th July Corridor,"30.0381,31.0264",30.0381,31.0264,43,59,28,0.987624,False
2026-05-01T22:00:00,Abbas El Akkad,"30.0631,31.3341",30.0631,31.3341,57,76,50,0.894474,False
2026-05-01T22:15:00,Galaa Square,"30.0398,31.2188",30.0398,31.2188,42,57,17,0.857523,False
2026-05-01T22:30:00,Salah Salem,"30.0645,31.282",30.0645,31.282,59,65,9,0.957327,False
2026-05-01T22:45:00,Autostrad - Sheraton,"30.1065,31.3711",30.1065,31.3711,59,78,5,0.90233,False
2026-05-01T23:00:00,Tahrir Square,"30.0444,31.2357",30.0444,31.2357,49,56,24,0.976213,False
2026-05-01T23:15:00,Corniche El Nil,"30.0263,31.2268",30.0263,31.2268,64,72,9,0.908148,False
2026-05-01T23:30:00,Mosheer Tantawy Axis,"30.0242,31.3486",30.0242,31.3486,71,71,24,0.946566,False
2026-05-01T23:45:00,Rod El Farag Axis,"30.0881,31.2185",30.0881,31.2185,67,67,24,0.989707,False
2026-05-02T00:00:00,Ring Road - Marg,"30.1554,31.3323",30.1554,31.3323,73,73,39,0.921153,False
2026-05-02T00:15:00,Ring Road - Moneeb,"29.9881,31.2227",29.9881,31.2227,47,69,5,0.9771,False
2026-05-02T00:30:00,Gamaat El Dowal St,"30.0543,31.2005",30.0543,31.2005,57,65,7,0.933534,False
2026-05-02T00:45:00,Faisal Street,"30.0051,31.1574",30.0051,31.1574,57,79,36,0.917369,False
2026-05-02T01:00:00,North 90th Street,"30.0308,31.4721",30.0308,31.4721,50,60,49,0.990952,False
2026-05-02T01:15:00,South 90th Street,"30.0195,31.4326",30.0195,31.4326,66,72,27,0.86842,False
2026-05-02T01:30:00,Ring Road - Maadi,"29.9544,31.2858",29.9544,31.2858,75,76,18,0.929876,False
2026-05-02T01:45:00,October Bridge,"30.0526,31.2372",30.0526,31.2372,70,70,15,0.983818,False
2026-05-02T02:00:00,26th July Corridor,"30.0381,31.0264",30.0381,31.0264,47,79,39,0.924187,False
2026-05-02T02:15:00,Abbas El Akkad,"30.0631,31.3341",30.0631,31.3341,44,61,41,0.922697,False
2026-05-02T02:30:00,Galaa Square,"30.0398,31.2188",30.0398,31.2188,50,79,6,0.934518,False
2026-05-02T02:45:00,Salah Salem,"30.0645,31.282",30.0645,31.282,53,69,46,0.988569,False
2026-05-02T03:00:00,Autostrad - Sheraton,"30.1065,31.3711",30.1065,31.3711,55,66,40,0.870892,False
2026-05-02T03:15:00,Tahrir Square,"30.0444,31.2357",30.0444,31.2357,67,72,28,0.885098,False
2026-05-02T03:30:00,Corniche El Nil,"30.0263,31.2268",30.0263,31.2268,36,69,28,0.890965,False
2026-05-02T03:45:00,Mosheer Tantawy Axis,"30.0242,31.3486",30.0242,31.3486,74,76,45,0.863214,False
2026-05-02T04:00:00,Rod El Farag Axis,"30.0881,31.2185",30.0881,31.2185,65,66,22,0.865518,False
2026-05-02T04:15:00,Ring Road - Marg,"30.1554,31.3323",30.1554,31.3323,57,61,20,0.956481,False
2026-05-02T04:30:00,Ring Road - Moneeb,"29.9881,31.2227",29.9881,31.2227,45,76,48,0.927298,False
2026-05-02T04:45:00,Gamaat El Dowal St,"30.0543,31.2005",30.0543,31.2005,71,71,35,0.945463,False
2026-05-02T05:00:00,Faisal Street,"30.0051,31.1574",30.0051,31.1574,52,79,18,0.860376,False
2026-05-02T05:15:00,North 90th Street,"30.0308,31.4721",30.0308,31.4721,45,55,25,0.908747,False
2026-05-02T05:30:00,South 90th Street,"30.0195,31.4326",30.0195,31.4326,72,72,10,0.933261,False
2026-05-02T05:45:00,Ring Road - Maadi,"29.9544,31.2858",29.9544,31.2858,59,80,42,0.917557,False
2026-05-02T06:00:00,October Bridge,"30.0526,31.2372",30.0526,31.2372,44,75,19,0.898926,False
2026-05-02T06:15:00,26th July Corridor,"30.0381,31.0264",30.0381,31.0264,62,62,37,0.941472,False
2026-05-02T06:30:00,Abbas El Akkad,"30.0631,31.3341",30.0631,31.3341,36,71,36,0.980605,False
2026-05-02T06:45:00,Galaa Square,"30.0398,31.2188",30.0398,31.2188,50,75,14,0.984949,False
2026-05-02T07:00:00,Salah Salem,"30.0645,31.282",30.0645,31.282,74,75,12,0.948522,False
2026-05-02T07:15:00,Autostrad - Sheraton,"30.1065,31.3711",30.1065,31.3711,61,75,22,0.887751,False
2026-05-02T07:30:00,Tahrir Square,"30.0444,31.2357",30.0444,31.2357,45,79,8,0.921677,False
2026-05-02T07:45:00,Corniche El Nil,"30.0263,31.2268",30.0263,31.2268,44,60,8,0.920883,False
2026-05-02T08:00:00,Mosheer Tantawy Axis,"30.0242,31.3486",30.0242,31.3486,46,56,34,0.980076,False
2026-05-02T08:15:00,Rod El Farag Axis,"30.0881,31.2185",30.0881,31.2185,51,77,11,0.934527,False
2026-05-02T08:30:00,Ring Road - Marg,"30.1554,31.3323",30.1554,31.3323,68,74,47,0.87201,False
2026-05-02T08:45:00,Ring Road - Moneeb,"29.9881,31.2227",29.9881,31.2227,63,76,13,0.913508,False
2026-05-02T09:00:00,Gamaat El Dowal St,"30.0543,31.2005",30.0543,31.2005,44,75,33,0.939359,False
2026-05-02T09:15:00,Faisal Street,"30.0051,31.1574",30.0051,31.1574,51,60,35,0.912838,False
2026-05-02T09:30:00,North 90th Street,"30.0308,31.4721",30.0308,31.4721,66,79,12,0.9717,False
2026-05-02T09:45:00,South 90th Street,"30.0195,31.4326",30.0195,31.4326,35,62,22,0.943008,False
2026-05-02T10:00:00,Ring Road - Maadi,"29.9544,31.2858",29.9544,31.2858,50,69,31,0.911542,False
2026-05-02T10:15:00,October Bridge,"30.0526,31.2372",30.0526,31.2372,74,74,33,0.904523,False
2026-05-02T10:30:00,26th July Corridor,"30.0381,31.0264",30.0381,31.0264,41,63,24,0.935408,False
2026-05-02T10:45:00,Abbas El Akkad,"30.0631,31.3341",30.0631,31.3341,47,61,18,0.967138,False
2026-05-02T11:00:00,Galaa Square,"30.0398,31.2188",30.0398,31.2188,57,76,27,0.883693,False
2026-05-02T11:15:00,Salah Salem,"30.0645,31.282",30.0645,31.282,70,70,17,0.873074,False
2026-05-02T11:30:00,Autostrad - Sheraton,"30.1065,31.3711",30.1065,31.3711,36,75,41,0.858001,False
2026-05-02T11:45:00,Tahrir Square,"30.0444,31.2357",30.0444,31.2357,68,68,50,0.87876,False
2026-05-02T12:00:00,Corniche El Nil,"30.0263,31.2268",30.0263,31.2268,66,66,23,0.925729,False
2026-05-02T12:15:00,Mosheer Tantawy Axis,"30.0242,31.3486",30.0242,31.3486,65,65,13,0.926522,False
2026-05-02T12:30:00,Rod El Farag Axis,"30.0881,31.2185",30.0881,31.2185,36,55,29,0.933784,False
2026-05-02T12:45:00,Ring Road - Marg,"30.1554,31.3323",30.1554,31.3323,74,74,22,0.951394,False
2026-05-02T13:00:00,Ring Road - Moneeb,"29.9881,31.2227",29.9881,31.2227,62,80,27,0.898572,False
2026-05-02T13:15:00,Gamaat El Dowal St,"30.0543,31.2005",30.0543,31.2005,72,72,49,0.851438,False
2026-05-02T13:30:00,Faisal Street,"30.0051,31.1574",30.0051,31.1574,51,64,33,0.860638,False
2026-05-02T13:45:00,North 90th Street,"30.0308,31.4721",30.0308,31.4721,49,73,33,0.907782,False
2026-05-02T14:00:00,South 90th Street,"30.0195,31.4326",30.0195,31.4326,72,72,17,0.940477,False
2026-05-02T14:15:00,Ring Road - Maadi,"29.9544,31.2858",29.9544,31.2858,52,74,44,0.99639,False
2026-05-02T14:30:00,October Bridge,"30.0526,31.2372",30.0526,31.2372,48,56,28,0.984472,False
2026-05-02T14:45:00,26th July Corridor,"30.0381,31.0264",30.0381,31.0264,75,75,29,0.88839,False
2026-05-02T15:00:00,Abbas El Akkad,"30.0631,31.3341",30.0631,31.3341,49,55,17,0.976526,False
2026-05-02T15:15:00,Galaa Square,"30.0398,31.2188",30.0398,31.2188,62,68,15,0.87105,False
2026-05-02T15:30:00,Salah Salem,"30.0645,31.282",30.0645,31.282,55,74,28,0.858998,False
2026-05-02T15:45:00,Autostrad - Sheraton,"30.1065,31.3711",30.1065,31.3711,53,78,34,0.854822,False
2026-05-02T16:00:00,Tahrir Square,"30.0444,31.2357",30.0444,31.2357,39,61,10,0.972047,False
2026-05-02T16:15:00,Corniche El Nil,"30.0263,31.2268",30.0263,31.2268,64,64,12,0.960651,False
2026-05-02T16:30:00,Mosheer Tantawy Axis,"30.0242,31.3486",30.0242,31.3486,35,66,46,0.980605,False
2026-05-02T16:45:00,Rod El Farag Axis,"30.0881,31.2185",30.0881,31.2185,56,61,42,0.913124,False
2026-05-02T17:00:00,Ring Road - Marg,"30.1554,31.3323",30.1554,31.3323,75,75,34,0.941936,False
2026-05-02T17:15:00,Ring Road - Moneeb,"29.9881,31.2227",29.9881,31.2227,72,72,22,0.987769,False
2026-05-02T17:30:00,Gamaat El Dowal St,"30.0543,31.2005",30.0543,31.2005,59,60,30,0.990734,False
2026-05-02T17:45:00,Faisal Street,"30.0051,31.1574",30.0051,31.1574,54,77,14,0.923731,False
2026-05-02T18:00:00,North 90th Street,"30.0308,31.4721",30.0308,31.4721,38,74,35,0.939467,False
2026-05-02T18:15:00,South 90th Street,"30.0195,31.4326",30.0195,31.4326,43,73,49,0.980639,False
2026-05-02T18:30:00,Ring Road - Maadi,"29.9544,31.2858",29.9544,31.2858,73,73,41,0.963212,False
2026-05-02T18:45:00,October Bridge,"30.0526,31.2372",30.0526,31.2372,49,63,43,0.952906,False
2026-05-02T19:00:00,26th July Corridor,"30.0381,31.0264",30.0381,31.0264,47,72,47,0.887829,False
2026-05-02T19:15:00,Abbas El Akkad,"30.0631,31.3341",30.0631,31.3341,47,62,24,0.90533,False
2026-05-02T19:30:00,Galaa Square,"30.0398,31.2188",30.0398,31.2188,54,75,12,0.957185,False
2026-05-02T19:45:00,Salah Salem,"30.0645,31.282",30.0645,31.282,48,63,14,0.925115,False
2026-05-02T20:00:00,Autostrad - Sheraton,"30.1065,31.3711",30.1065,31.3711,60,60,26,0.980696,False
2026-05-02T20:15:00,Tahrir Square,"30.0444,31.2357",30.0444,31.2357,43,78,47,0.854811,False
2026-05-02T20:30:00,Corniche El Nil,"30.0263,31.2268",30.0263,31.2268,45,61,35,0.963783,False
2026-05-02T20:45:00,Mosheer Tantawy Axis,"30.0242,31.3486",30.0242,31.3486,53,59,14,0.896384,False
2026-05-02T21:00:00,Rod El Farag Axis,"30.0881,31.2185",30.0881,31.2185,68,68,29,0.916738,False
2026-05-02T21:15:00,Ring Road - Marg,"30.1554,31.3323",30.1554,31.3323,58,58,38,0.937613,False
2026-05-02T21:30:00,Ring Road - Moneeb,"29.9881,31.2227",29.9881,31.2227,70,70,18,0.852631,False
2026-05-02T21:45:00,Gamaat El Dowal St,"30.0543,31.2005",30.0543,31.2005,54,72,42,0.929628,False
2026-05-02T22:00:00,Faisal Street,"30.0051,31.1574",30.0051,31.1574,65,69,24,0.996643,False
2026-05-02T22:15:00,North 90th Street,"30.0308,31.4721",30.0308,31.4721,35,63,41,0.945153,False
2026-05-02T22:30:00,South 90th Street,"30.0195,31.4326",30.0195,31.4326,61,73,44,0.89606,False
2026-05-02T22:45:00,Ring Road - Maadi,"29.9544,31.2858",29.9544,31.2858,47,62,20,0.871492,False
2026-05-02T23:00:00,October Bridge,"30.0526,31.2372",30.0526,31.2372,71,71,42,0.864624,False
2026-05-02T23:15:00,26th July Corridor,"30.0381,31.0264",30.0381,31.0264,43,76,31,0.941761,False
2026-05-02T23:30:00,Abbas El Akkad,"30.0631,31.3341",30.0631,31.3341,44,61,33,0.86186,False
2026-05-02T23:45:00,Galaa Square,"30.0398,31.2188",30.0398,31.2188,41,63,8,0.993096,False
2026-05-03T00:00:00,Salah Salem,"30.0645,31.282",30.0645,31.282,39,58,49,0.977602,False
2026-05-03T00:15:00,Autostrad - Sheraton,"30.1065,31.3711",30.1065,31.3711,29,57,17,0.894572,False
2026-05-03T00:30:00,Tahrir Square,"30.0444,31.2357",30.0444,31.2357,48,63,76,0.865044,False
2026-05-03T00:45:00,Corniche El Nil,"30.0263,31.2268",30.0263,31.2268,65,77,45,0.955437,False
2026-05-03T01:00:00,Mosheer Tantawy Axis,"30.0242,31.3486",30.0242,31.3486,51,77,51,0.930384,False
2026-05-03T01:15:00,Rod El Farag Axis,"30.0881,31.2185",30.0881,31.2185,31,79,34,0.961311,False
2026-05-03T01:30:00,Ring Road - Marg,"30.1554,31.3323",30.1554,31.3323,27,79,16,0.858545,False
2026-05-03T01:45:00,Ring Road - Moneeb,"29.9881,31.2227",29.9881,31.2227,57,64,48,0.902498,False
2026-05-03T02:00:00,Gamaat El Dowal St,"30.0543,31.2005",30.0543,31.2005,65,67,72,0.908852,False
2026-05-03T02:15:00,Faisal Street,"30.0051,31.1574",30.0051,31.1574,62,67,10,0.962406,False
2026-05-03T02:30:00,North 90th Street,"30.0308,31.4721",30.0308,31.4721,26,64,21,0.951735,False
2026-05-03T02:45:00,South 90th Street,"30.0195,31.4326",30.0195,31.4326,48,80,51,0.985097,False
2026-05-03T03:00:00,Ring Road - Maadi,"29.9544,31.2858",29.9544,31.2858,37,67,50,0.952806,False
2026-05-03T03:15:00,October Bridge,"30.0526,31.2372",30.0526,31.2372,33,71,55,0.989566,False
2026-05-03T03:30:00,26th July Corridor,"30.0381,31.0264",30.0381,31.0264,62,74,27,0.876001,False
2026-05-03T03:45:00,Abbas El Akkad,"30.0631,31.3341",30.0631,31.3341,53,79,53,0.85581,False
2026-05-03T04:00:00,Galaa Square,"30.0398,31.2188",30.0398,31.2188,61,69,18,0.912718,False
2026-05-03T04:15:00,Salah Salem,"30.0645,31.282",30.0645,31.282,33,77,37,0.900079,False
2026-05-03T04:30:00,Autostrad - Sheraton,"30.1065,31.3711",30.1065,31.3711,60,80,49,0.88858,False
2026-05-03T04:45:00,Tahrir Square,"30.0444,31.2357",30.0444,31.2357,32,76,79,0.977464,False
2026-05-03T05:00:00,Corniche El Nil,"30.0263,31.2268",30.0263,31.2268,30,74,49,0.988602,False
2026-05-03T05:15:00,Mosheer Tantawy Axis,"30.0242,31.3486",30.0242,31.3486,45,66,42,0.872146,False
2026-05-03T05:30:00,Rod El Farag Axis,"30.0881,31.2185",30.0881,31.2185,61,63,56,0.993835,False
2026-05-03T05:45:00,Ring Road - Marg,"30.1554,31.3323",30.1554,31.3323,49,66,47,0.886556,False
2026-05-03T06:00:00,Ring Road - Moneeb,"29.9881,31.2227",29.9881,31.2227,25,78,79,0.989218,False
2026-05-03T06:15:00,Gamaat El Dowal St,"30.0543,31.2005",30.0543,31.2005,55,74,58,0.87122,False
2026-05-03T06:30:00,Faisal Street,"30.0051,31.1574",30.0051,31.1574,31,70,41,0.907097,False
2026-05-03T06:45:00,North 90th Street,"30.0308,31.4721",30.0308,31.4721,30,67,38,0.926589,False
2026-05-03T07:00:00,South 90th Street,"30.0195,31.4326",30.0195,31.4326,34,67,120,0.965458,False
2026-05-03T07:15:00,Ring Road - Maadi,"29.9544,31.2858",29.9544,31.2858,34,59,79,0.941765,False
2026-05-03T07:30:00,October Bridge,"30.0526,31.2372",30.0526,31.2372,23,78,65,0.944396,False
2026-05-03T07:45:00,26th July Corridor,"30.0381,31.0264",30.0381,31.0264,10,80,89,0.968384,False
2026-05-03T08:00:00,Abbas El Akkad,"30.0631,31.3341",30.0631,31.3341,33,68,84,0.947208,False
2026-05-03T08:15:00,Galaa Square,"30.0398,31.2188",30.0398,31.2188,26,68,49,0.918527,False
2026-05-03T08:30:00,Salah Salem,"30.0645,31.282",30.0645,31.282,24,71,41,0.885726,False
2026-05-03T08:45:00,Autostrad - Sheraton,"30.1065,31.3711",30.1065,31.3711,28,70,78,0.939884,False
2026-05-03T09:00:00,Tahrir Square,"30.0444,31.2357",30.0444,31.2357,18,58,77,0.859511,False
2026-05-03T09:15:00,Corniche El Nil,"30.0263,31.2268",30.0263,31.2268,23,79,81,0.865205,False
2026-05-03T09:30:00,Mosheer Tantawy Axis,"30.0242,31.3486",30.0242,31.3486,16,71,56,0.957533,False
2026-05-03T09:45:00,Rod El Farag Axis,"30.0881,31.2185",30.0881,31.2185,29,58,98,0.991622,False
2026-05-03T10:00:00,Ring Road - Marg,"30.1554,31.3323",30.1554,31.3323,35,67,99,0.919316,False
2026-05-03T10:15:00,Ring Road - Moneeb,"29.9881,31.2227",29.9881,31.2227,20,80,110,0.978106,False
2026-05-03T10:30:00,Gamaat El Dowal St,"30.0543,31.2005",30.0543,31.2005,20,77,99,0.960723,False
2026-05-03T10:45:00,Faisal Street,"30.0051,31.1574",30.0051,31.1574,34,70,63,0.994924,False
2026-05-03T11:00:00,North 90th Street,"30.0308,31.4721",30.0308,31.4721,59,78,72,0.876214,False
2026-05-03T11:15:00,South 90th Street,"30.0195,31.4326",30.0195,31.4326,34,76,51,0.934368,False
2026-05-03T11:30:00,Ring Road - Maadi,"29.9544,31.2858",29.9544,31.2858,52,74,45,0.878918,False
2026-05-03T11:45:00,October Bridge,"30.0526,31.2372",30.0526,31.2372,47,59,67,0.959754,False
2026-05-03T12:00:00,26th July Corridor,"30.0381,31.0264",30.0381,31.0264,48,58,14,0.919789,False
2026-05-03T12:15:00,Abbas El Akkad,"30.0631,31.3341",30.0631,31.3341,38,60,62,0.940604,False
2026-05-03T12:30:00,Galaa Square,"30.0398,31.2188",30.0398,31.2188,65,65,40,0.898518,False
2026-05-03T12:45:00,Salah Salem,"30.0645,31.282",30.0645,31.282,51,60,71,0.916368,False
2026-05-03T13:00:00,Autostrad - Sheraton,"30.1065,31.3711",30.1065,31.3711,55,62,29,0.897429,False
2026-05-03T13:15:00,Tahrir Square,"30.0444,31.2357",30.0444,31.2357,59,76,39,0.855244,False
2026-05-03T13:30:00,Corniche El Nil,"30.0263,31.2268",30.0263,31.2268,58,58,25,0.872453,False
2026-05-03T13:45:00,Mosheer Tantawy Axis,"30.0242,31.3486",30.0242,31.3486,52,79,16,0.933288,False
2026-05-03T14:00:00,Rod El Farag Axis,"30.0881,31.2185",30.0881,31.2185,52,65,67,0.871547,False
2026-05-03T14:15:00,Ring Road - Marg,"30.1554,31.3323",30.1554,31.3323,42,58,26,0.981212,False
2026-05-03T14:30:00,Ring Road - Moneeb,"29.9881,31.2227",29.9881,31.2227,65,65,47,0.877084,False
2026-05-03T14:45:00,Gamaat El Dowal St,"30.0543,31.2005",30.0543,31.2005,54,78,47,0.928803,False
2026-05-03T15:00:00,Faisal Street,"30.0051,31.1574",30.0051,31.1574,63,79,16,0.862398,False
2026-05-03T15:15:00,North 90th Street,"30.0308,31.4721",30.0308,31.4721,50,80,37,0.878815,False
2026-05-03T15:30:00,South 90th Street,"30.0195,31.4326",30.0195,31.4326,38,64,31,0.938825,False
2026-05-03T15:45:00,Ring Road - Maadi,"29.9544,31.2858",29.9544,31.2858,61,67,65,0.902457,False
2026-05-03T16:00:00,October Bridge,"30.0526,31.2372",30.0526,31.2372,33,78,44,0.996184,False
2026-05-03T16:15:00,26th July Corridor,"30.0381,31.0264",30.0381,31.0264,14,77,110,0.867389,False
2026-05-03T16:30:00,Abbas El Akkad,"30.0631,31.3341",30.0631,31.3341,19,61,96,0.979188,False
2026-05-03T16:45:00,Galaa Square,"30.0398,31.2188",30.0398,31.2188,26,60,77,0.974615,False
2026-05-03T17:00:00,Salah Salem,"30.0645,31.282",30.0645,31.282,17,71,81,0.918386,False
2026-05-03T17:15:00,Autostrad - Sheraton,"30.1065,31.3711",30.1065,31.3711,10,62,111,0.953188,False
2026-05-03T17:30:00,Tahrir Square,"30.0444,31.2357",30.0444,31.2357,22,75,40,0.978866,False
2026-05-03T17:45:00,Corniche El Nil,"30.0263,31.2268",30.0263,31.2268,22,69,117,0.940222,False
2026-05-03T18:00:00,Mosheer Tantawy Axis,"30.0242,31.3486",30.0242,31.3486,27,78,115,0.872351,False
2026-05-03T18:15:00,Rod El Farag Axis,"30.0881,31.2185",30.0881,31.2185,22,65,67,0.988814,False
2026-05-03T18:30:00,Ring Road - Marg,"30.1554,31.3323",30.1554,31.3323,22,75,76,0.928129,False
2026-05-03T18:45:00,Ring Road - Moneeb,"29.9881,31.2227",29.9881,31.2227,20,79,93,0.902507,False
2026-05-03T19:00:00,Gamaat El Dowal St,"30.0543,31.2005",30.0543,31.2005,27,67,98,0.866666,False
2026-05-03T19:15:00,Faisal Street,"30.0051,31.1574",30.0051,31.1574,34,65,68,0.977379,False
2026-05-03T19:30:00,North 90th Street,"30.0308,31.4721",30.0308,31.4721,29,69,109,0.991676,False
2026-05-03T19:45:00,South 90th Street,"30.0195,31.4326",30.0195,31.4326,27,76,64,0.989526,False
2026-05-03T20:00:00,Ring Road - Maadi,"29.9544,31.2858",29.9544,31.2858,26,56,69,0.971186,False
2026-05-03T20:15:00,October Bridge,"30.0526,31.2372",30.0526,31.2372,18,67,120,0.966238,False
2026-05-03T20:30:00,26th July Corridor,"30.0381,31.0264",30.0381,31.0264,29,67,112,0.939785,False
2026-05-03T20:45:00,Abbas El Akkad,"30.0631,31.3341",30.0631,31.3341,22,72,56,0.997687,False
2026-05-03T21:00:00,Galaa Square,"30.0398,31.2188",30.0398,31.2188,39,74,39,0.997745,False
2026-05-03T21:15:00,Salah Salem,"30.0645,31.282",30.0645,31.282,39,58,28,0.873832,False
2026-05-03T21:30:00,Autostrad - Sheraton,"30.1065,31.3711",30.1065,31.3711,29,55,46,0.961102,False
2026-05-03T21:45:00,Tahrir Square,"30.0444,31.2357",30.0444,31.2357,53,56,43,0.931277,False
2026-05-03T22:00:00,Corniche El Nil,"30.0263,31.2268",30.0263,31.2268,60,60,28,0.904767,False
2026-05-03T22:15:00,Mosheer Tantawy Axis,"30.0242,31.3486",30.0242,31.3486,36,58,16,0.987284,False
2026-05-03T22:30:00,Rod El Farag Axis,"30.0881,31.2185",30.0881,31.2185,45,79,10,0.889143,False
2026-05-03T22:45:00,Ring Road - Marg,"30.1554,31.3323",30.1554,31.3323,49,56,46,0.929895,False
2026-05-03T23:00:00,Ring Road - Moneeb,"29.9881,31.2227",29.9881,31.2227,54,59,37,0.913205,False
2026-05-03T23:15:00,Gamaat El Dowal St,"30.0543,31.2005",30.0543,31.2005,35,55,65,0.977176,False
2026-05-03T23:30:00,Faisal Street,"30.0051,31.1574",30.0051,31.1574,32,66,62,0.928681,False
2026-05-03T23:45:00,North 90th Street,"30.0308,31.4721",30.0308,31.4721,36,68,32,0.913937,False
2026-05-04T00:00:00,South 90th Street,"30.0195,31.4326",30.0195,31.4326,33,66,62,0.938236,False
2026-05-04T00:15:00,Ring Road - Maadi,"29.9544,31.2858",29.9544,31.2858,62,65,54,0.861246,False
2026-05-04T00:30:00,October Bridge,"30.0526,31.2372",30.0526,31.2372,44,60,72,0.887264,False
2026-05-04T00:45:00,26th July Corridor,"30.0381,31.0264",30.0381,31.0264,26,60,34,0.867061,False
2026-05-04T01:00:00,Abbas El Akkad,"30.0631,31.3341",30.0631,31.3341,41,68,17,0.990472,False
2026-05-04T01:15:00,Galaa Square,"30.0398,31.2188",30.0398,31.2188,62,77,60,0.868308,False
2026-05-04T01:30:00,Salah Salem,"30.0645,31.282",30.0645,31.282,49,56,24,0.864445,False
2026-05-04T01:45:00,Autostrad - Sheraton,"30.1065,31.3711",30.1065,31.3711,29,55,60,0.984821,False
2026-05-04T02:00:00,Tahrir Square,"30.0444,31.2357",30.0444,31.2357,35,63,50,0.911697,False
2026-05-04T02:15:00,Corniche El Nil,"30.0263,31.2268",30.0263,31.2268,49,79,63,0.936258,False
2026-05-04T02:30:00,Mosheer Tantawy Axis,"30.0242,31.3486",30.0242,31.3486,62,68,56,0.864764,False
2026-05-04T02:45:00,Rod El Farag Axis,"30.0881,31.2185",30.0881,31.2185,56,77,51,0.931864,False
2026-05-04T03:00:00,Ring Road - Marg,"30.1554,31.3323",30.1554,31.3323,59,63,13,0.880685,False
2026-05-04T03:15:00,Ring Road - Moneeb,"29.9881,31.2227",29.9881,31.2227,33,70,30,0.929969,False
2026-05-04T03:30:00,Gamaat El Dowal St,"30.0543,31.2005",30.0543,31.2005,60,60,63,0.961702,False
2026-05-04T03:45:00,Faisal Street,"30.0051,31.1574",30.0051,31.1574,52,80,41,0.885073,False
2026-05-04T04:00:00,North 90th Street,"30.0308,31.4721",30.0308,31.4721,53,69,10,0.933887,False
2026-05-04T04:15:00,South 90th Street,"30.0195,31.4326",30.0195,31.4326,33,56,63,0.989888,False
2026-05-04T04:30:00,Ring Road - Maadi,"29.9544,31.2858",29.9544,31.2858,39,75,14,0.858503,False
2026-05-04T04:45:00,October Bridge,"30.0526,31.2372",30.0526,31.2372,50,56,37,0.928706,False
2026-05-04T05:00:00,26th July Corridor,"30.0381,31.0264",30.0381,31.0264,64,64,55,0.977503,False
2026-05-04T05:15:00,Abbas El Akkad,"30.0631,31.3341",30.0631,31.3341,29,66,12,0.87024,False
2026-05-04T05:30:00,Galaa Square,"30.0398,31.2188",30.0398,31.2188,36,59,26,0.868835,False
2026-05-04T05:45:00,Salah Salem,"30.0645,31.282",30.0645,31.282,27,64,52,0.85474,False
2026-05-04T06:00:00,Autostrad - Sheraton,"30.1065,31.3711",30.1065,31.3711,54,67,38,0.924386,False
2026-05-04T06:15:00,Tahrir Square,"30.0444,31.2357",30.0444,31.2357,32,61,53,0.939606,False
2026-05-04T06:30:00,Corniche El Nil,"30.0263,31.2268",30.0263,31.2268,51,79,65,0.965877,False
2026-05-04T06:45:00,Mosheer Tantawy Axis,"30.0242,31.3486",30.0242,31.3486,64,68,48,0.941344,False
2026-05-04T07:00:00,Rod El Farag Axis,"30.0881,31.2185",30.0881,31.2185,16,67,99,0.998854,False
2026-05-04T07:15:00,Ring Road - Marg,"30.1554,31.3323",30.1554,31.3323,25,56,71,0.967097,False
2026-05-04T07:30:00,Ring Road - Moneeb,"29.9881,31.2227",29.9881,31.2227,29,78,67,0.985727,False
2026-05-04T07:45:00,Gamaat El Dowal St,"30.0543,31.2005",30.0543,31.2005,18,60,107,0.972822,False
2026-05-04T08:00:00,Faisal Street,"30.0051,31.1574",30.0051,31.1574,14,75,81,0.896892,False
2026-05-04T08:15:00,North 90th Street,"30.0308,31.4721",30.0308,31.4721,15,75,42,0.877499,False
2026-05-04T08:30:00,South 90th Street,"30.0195,31.4326",30.0195,31.4326,31,70,112,0.854001,False
2026-05-04T08:45:00,Ring Road - Maadi,"29.9544,31.2858",29.9544,31.2858,12,70,49,0.870714,False
2026-05-04T09:00:00,October Bridge,"30.0526,31.2372",30.0526,31.2372,11,70,91,0.87119,False
2026-05-04T09:15:00,26th July Corridor,"30.0381,31.0264",30.0381,31.0264,21,65,77,0.855186,False
2026-05-04T09:30:00,Abbas El Akkad,"30.0631,31.3341",30.0631,31.3341,20,59,51,0.945882,False
2026-05-04T09:45:00,Galaa Square,"30.0398,31.2188",30.0398,31.2188,25,73,114,0.900351,False
2026-05-04T10:00:00,Salah Salem,"30.0645,31.282",30.0645,31.282,29,79,60,0.920548,False
2026-05-04T10:15:00,Autostrad - Sheraton,"30.1065,31.3711",30.1065,31.3711,23,58,68,0.99143,False
2026-05-04T10:30:00,Tahrir Square,"30.0444,31.2357",30.0444,31.2357,24,68,72,0.945447,False
2026-05-04T10:45:00,Corniche El Nil,"30.0263,31.2268",30.0263,31.2268,10,74,49,0.982012,False
2026-05-04T11:00:00,Mosheer Tantawy Axis,"30.0242,31.3486",30.0242,31.3486,57,74,66,0.972906,False
2026-05-04T11:15:00,Rod El Farag Axis,"30.0881,31.2185",30.0881,31.2185,59,63,16,0.941861,False
2026-05-04T11:30:00,Ring Road - Marg,"30.1554,31.3323",30.1554,31.3323,54,63,19,0.966789,False
2026-05-04T11:45:00,Ring Road - Moneeb,"29.9881,31.2227",29.9881,31.2227,39,60,54,0.909825,False
2026-05-04T12:00:00,Gamaat El Dowal St,"30.0543,31.2005",30.0543,31.2005,56,75,31,0.902937,False
2026-05-04T12:15:00,Faisal Street,"30.0051,31.1574",30.0051,31.1574,33,60,44,0.985925,False
2026-05-04T12:30:00,North 90th Street,"30.0308,31.4721",30.0308,31.4721,36,61,14,0.885329,False
2026-05-04T12:45:00,South 90th Street,"30.0195,31.4326",30.0195,31.4326,58,77,31,0.975881,False
2026-05-04T13:00:00,Ring Road - Maadi,"29.9544,31.2858",29.9544,31.2858,47,79,54,0.943194,False
2026-05-04T13:15:00,October Bridge,"30.0526,31.2372",30.0526,31.2372,33,65,45,0.96677,False
2026-05-04T13:30:00,26th July Corridor,"30.0381,31.0264",30.0381,31.0264,49,66,17,0.910093,False
2026-05-04T13:45:00,Abbas El Akkad,"30.0631,31.3341",30.0631,31.3341,60,77,77,0.854235,False
2026-05-04T14:00:00,Galaa Square,"30.0398,31.2188",30.0398,31.2188,56,71,57,0.966898,False
2026-05-04T14:15:00,Salah Salem,"30.0645,31.282",30.0645,31.282,59,74,51,0.947978,False
2026-05-04T14:30:00,Autostrad - Sheraton,"30.1065,31.3711",30.1065,31.3711,57,67,25,0.872502,False
2026-05-04T14:45:00,Tahrir Square,"30.0444,31.2357",30.0444,31.2357,51,59,71,0.931701,False
2026-05-04T15:00:00,Corniche El Nil,"30.0263,31.2268",30.0263,31.2268,60,60,64,0.960389,False
2026-05-04T15:15:00,Mosheer Tantawy Axis,"30.0242,31.3486",30.0242,31.3486,25,69,28,0.862756,False
2026-05-04T15:30:00,Rod El Farag Axis,"30.0881,31.2185",30.0881,31.2185,61,76,57,0.974938,False
2026-05-04T15:45:00,Ring Road - Marg,"30.1554,31.3323",30.1554,31.3323,38,63,33,0.980982,False
2026-05-04T16:00:00,Ring Road - Moneeb,"29.9881,31.2227",29.9881,31.2227,19,55,75,0.915655,False
2026-05-04T16:15:00,Gamaat El Dowal St,"30.0543,31.2005",30.0543,31.2005,29,70,106,0.979106,False
2026-05-04T16:30:00,Faisal Street,"30.0051,31.1574",30.0051,31.1574,24,74,55,0.874444,False
2026-05-04T16:45:00,North 90th Street,"30.0308,31.4721",30.0308,31.4721,35,80,120,0.989316,False
2026-05-04T17:00:00,South 90th Street,"30.0195,31.4326",30.0195,31.4326,21,61,64,0.96628,False
2026-05-04T17:15:00,Ring Road - Maadi,"29.9544,31.2858",29.9544,31.2858,11,68,56,0.996933,False
2026-05-04T17:30:00,October Bridge,"30.0526,31.2372",30.0526,31.2372,13,65,78,0.946271,False
2026-05-04T17:45:00,26th July Corridor,"30.0381,31.0264",30.0381,31.0264,11,67,88,0.921737,False
2026-05-04T18:00:00,Abbas El Akkad,"30.0631,31.3341",30.0631,31.3341,15,80,41,0.962671,False
2026-05-04T18:15:00,Galaa Square,"30.0398,31.2188",30.0398,31.2188,15,80,114,0.865709,False
2026-05-04T18:30:00,Salah Salem,"30.0645,31.282",30.0645,31.282,32,69,72,0.939854,False
2026-05-04T18:45:00,Autostrad - Sheraton,"30.1065,31.3711",30.1065,31.3711,18,71,101,0.878673,False
2026-05-04T19:00:00,Tahrir Square,"30.0444,31.2357",30.0444,31.2357,12,55,77,0.895132,False
2026-05-04T19:15:00,Corniche El Nil,"30.0263,31.2268",30.0263,31.2268,19,72,44,0.865923,False
2026-05-04T19:30:00,Mosheer Tantawy Axis,"30.0242,31.3486",30.0242,31.3486,25,64,65,0.949281,False
2026-05-04T19:45:00,Rod El Farag Axis,"30.0881,31.2185",30.0881,31.2185,15,77,85,0.940039,False
2026-05-04T20:00:00,Ring Road - Marg,"30.1554,31.3323",30.1554,31.3323,35,67,67,0.958735,False
2026-05-04T20:15:00,Ring Road - Moneeb,"29.9881,31.2227",29.9881,31.2227,29,70,117,0.859649,False
2026-05-04T20:30:00,Gamaat El Dowal St,"30.0543,31.2005",30.0543,31.2005,21,56,99,0.990852,False
2026-05-04T20:45:00,Faisal Street,"30.0051,31.1574",30.0051,31.1574,14,61,99,0.969588,False
2026-05-04T21:00:00,North 90th Street,"30.0308,31.4721",30.0308,31.4721,45,76,28,0.875548,False
2026-05-04T21:15:00,South 90th Street,"30.0195,31.4326",30.0195,31.4326,45,56,67,0.925342,False
2026-05-04T21:30:00,Ring Road - Maadi,"29.9544,31.2858",29.9544,31.2858,61,72,59,0.882913,False
2026-05-04T21:45:00,October Bridge,"30.0526,31.2372",30.0526,31.2372,39,55,21,0.871098,False
2026-05-04T22:00:00,26th July Corridor,"30.0381,31.0264",30.0381,31.0264,53,72,67,0.912521,False
2026-05-04T22:15:00,Abbas El Akkad,"30.0631,31.3341",30.0631,31.3341,27,70,32,0.895152,False
2026-05-04T22:30:00,Galaa Square,"30.0398,31.2188",30.0398,31.2188,32,69,51,0.992901,False
2026-05-04T22:45:00,Salah Salem,"30.0645,31.282",30.0645,31.282,27,72,60,0.945031,False
2026-05-04T23:00:00,Autostrad - Sheraton,"30.1065,31.3711",30.1065,31.3711,51,67,77,0.939716,False
2026-05-04T23:15:00,Tahrir Square,"30.0444,31.2357",30.0444,31.2357,40,72,40,0.905393,False
2026-05-04T23:30:00,Corniche El Nil,"30.0263,31.2268",30.0263,31.2268,45,78,65,0.958853,False
2026-05-04T23:45:00,Mosheer Tantawy Axis,"30.0242,31.3486",30.0242,31.3486,38,56,78,0.911524,False
2026-05-05T00:00:00,Rod El Farag Axis,"30.0881,31.2185",30.0881,31.2185,27,72,80,0.863178,False
2026-05-05T00:15:00,Ring Road - Marg,"30.1554,31.3323",30.1554,31.3323,54,60,45,0.992055,False
2026-05-05T00:30:00,Ring Road - Moneeb,"29.9881,31.2227",29.9881,31.2227,33,59,19,0.922967,False
2026-05-05T00:45:00,Gamaat El Dowal St,"30.0543,31.2005",30.0543,31.2005,38,64,43,0.850676,False
2026-05-05T01:00:00,Faisal Street,"30.0051,31.1574",30.0051,31.1574,53,74,46,0.985919,False
2026-05-05T01:15:00,North 90th Street,"30.0308,31.4721",30.0308,31.4721,54,55,61,0.902786,False
2026-05-05T01:30:00,South 90th Street,"30.0195,31.4326",30.0195,31.4326,39,55,11,0.858194,False
2026-05-05T01:45:00,Ring Road - Maadi,"29.9544,31.2858",29.9544,31.2858,53,58,27,0.995777,False
2026-05-05T02:00:00,October Bridge,"30.0526,31.2372",30.0526,31.2372,36,73,75,0.996245,False
2026-05-05T02:15:00,26th July Corridor,"30.0381,31.0264",30.0381,31.0264,42,71,33,0.914473,False
2026-05-05T02:30:00,Abbas El Akkad,"30.0631,31.3341",30.0631,31.3341,49,68,62,0.929432,False
2026-05-05T02:45:00,Galaa Square,"30.0398,31.2188",30.0398,31.2188,38,68,68,0.913944,False
2026-05-05T03:00:00,Salah Salem,"30.0645,31.282",30.0645,31.282,46,59,32,0.886741,False
2026-05-05T03:15:00,Autostrad - Sheraton,"30.1065,31.3711",30.1065,31.3711,39,56,32,0.911098,False
2026-05-05T03:30:00,Tahrir Square,"30.0444,31.2357",30.0444,31.2357,44,78,25,0.972342,False
2026-05-05T03:45:00,Corniche El Nil,"30.0263,31.2268",30.0263,31.2268,57,71,73,0.971702,False
2026-05-05T04:00:00,Mosheer Tantawy Axis,"30.0242,31.3486",30.0242,31.3486,30,61,33,0.908482,False
2026-05-05T04:15:00,Rod El Farag Axis,"30.0881,31.2185",30.0881,31.2185,40,60,38,0.883096,False
2026-05-05T04:30:00,Ring Road - Marg,"30.1554,31.3323",30.1554,31.3323,25,65,60,0.855009,False
2026-05-05T04:45:00,Ring Road - Moneeb,"29.9881,31.2227",29.9881,31.2227,65,65,77,0.984969,False
2026-05-05T05:00:00,Gamaat El Dowal St,"30.0543,31.2005",30.0543,31.2005,48,73,35,0.938095,False
2026-05-05T05:15:00,Faisal Street,"30.0051,31.1574",30.0051,31.1574,45,58,41,0.930905,False
2026-05-05T05:30:00,North 90th Street,"30.0308,31.4721",30.0308,31.4721,28,67,25,0.941868,False
2026-05-05T05:45:00,South 90th Street,"30.0195,31.4326",30.0195,31.4326,36,70,73,0.86993,False
2026-05-05T06:00:00,Ring Road - Maadi,"29.9544,31.2858",29.9544,31.2858,57,79,37,0.868235,False
2026-05-05T06:15:00,October Bridge,"30.0526,31.2372",30.0526,31.2372,58,64,79,0.94007,False
2026-05-05T06:30:00,26th July Corridor,"30.0381,31.0264",30.0381,31.0264,65,68,19,0.998805,False
2026-05-05T06:45:00,Abbas El Akkad,"30.0631,31.3341",30.0631,31.3341,62,73,30,0.867934,False
2026-05-05T07:00:00,Galaa Square,"30.0398,31.2188",30.0398,31.2188,23,79,103,0.881057,False
2026-05-05T07:15:00,Salah Salem,"30.0645,31.282",30.0645,31.282,21,61,84,0.918159,False
2026-05-05T07:30:00,Autostrad - Sheraton,"30.1065,31.3711",30.1065,31.3711,28,72,86,0.950699,False
2026-05-05T07:45:00,Tahrir Square,"30.0444,31.2357",30.0444,31.2357,15,69,115,0.914093,False
2026-05-05T08:00:00,Corniche El Nil,"30.0263,31.2268",30.0263,31.2268,18,62,103,0.940545,False
2026-05-05T08:15:00,Mosheer Tantawy Axis,"30.0242,31.3486",30.0242,31.3486,26,80,69,0.916949,False
2026-05-05T08:30:00,Rod El Farag Axis,"30.0881,31.2185",30.0881,31.2185,22,78,51,0.956268,False
2026-05-05T08:45:00,Ring Road - Marg,"30.1554,31.3323",30.1554,31.3323,29,77,112,0.853619,False
2026-05-05T09:00:00,Ring Road - Moneeb,"29.9881,31.2227",29.9881,31.2227,22,78,70,0.904266,False
2026-05-05T09:15:00,Gamaat El Dowal St,"30.0543,31.2005",30.0543,31.2005,25,64,98,0.984853,False
2026-05-05T09:30:00,Faisal Street,"30.0051,31.1574",30.0051,31.1574,29,63,67,0.891765,False
2026-05-05T09:45:00,North 90th Street,"30.0308,31.4721",30.0308,31.4721,22,76,55,0.982967,False
2026-05-05T10:00:00,South 90th Street,"30.0195,31.4326",30.0195,31.4326,22,60,114,0.94903,False
2026-05-05T10:15:00,Ring Road - Maadi,"29.9544,31.2858",29.9544,31.2858,34,61,86,0.85025,False
2026-05-05T10:30:00,October Bridge,"30.0526,31.2372",30.0526,31.2372,11,59,112,0.953168,False
2026-05-05T10:45:00,26th July Corridor,"30.0381,31.0264",30.0381,31.0264,23,60,112,0.991514,False
2026-05-05T11:00:00,Abbas El Akkad,"30.0631,31.3341",30.0631,31.3341,26,57,75,0.943094,False
2026-05-05T11:15:00,Galaa Square,"30.0398,31.2188",30.0398,31.2188,41,56,18,0.983082,False
2026-05-05T11:30:00,Salah Salem,"30.0645,31.282",30.0645,31.282,40,62,54,0.892828,False
2026-05-05T11:45:00,Autostrad - Sheraton,"30.1065,31.3711",30.1065,31.3711,26,64,13,0.944236,False
2026-05-05T12:00:00,Tahrir Square,"30.0444,31.2357",30.0444,31.2357,25,56,25,0.993762,False
2026-05-05T12:15:00,Corniche El Nil,"30.0263,31.2268",30.0263,31.2268,33,67,40,0.935737,False
2026-05-05T12:30:00,Mosheer Tantawy Axis,"30.0242,31.3486",30.0242,31.3486,61,61,30,0.905205,False
2026-05-05T12:45:00,Rod El Farag Axis,"30.0881,31.2185",30.0881,31.2185,57,59,19,0.944823,False
2026-05-05T13:00:00,Ring Road - Marg,"30.1554,31.3323",30.1554,31.3323,30,62,15,0.871165,False
2026-05-05T13:15:00,Ring Road - Moneeb,"29.9881,31.2227",29.9881,31.2227,60,77,45,0.876735,False
2026-05-05T13:30:00,Gamaat El Dowal St,"30.0543,31.2005",30.0543,31.2005,52,62,26,0.941679,False
2026-05-05T13:45:00,Faisal Street,"30.0051,31.1574",30.0051,31.1574,41,69,37,0.906721,False
2026-05-05T14:00:00,North 90th Street,"30.0308,31.4721",30.0308,31.4721,46,58,30,0.867202,False
2026-05-05T14:15:00,South 90th Street,"30.0195,31.4326",30.0195,31.4326,45,56,53,0.856328,False
2026-05-05T14:30:00,Ring Road - Maadi,"29.9544,31.2858",29.9544,31.2858,38,63,13,0.942179,False
2026-05-05T14:45:00,October Bridge,"30.0526,31.2372",30.0526,31.2372,53,56,72,0.857241,False
2026-05-05T15:00:00,26th July Corridor,"30.0381,31.0264",30.0381,31.0264,64,77,45,0.918879,False
2026-05-05T15:15:00,Abbas El Akkad,"30.0631,31.3341",30.0631,31.3341,26,69,54,0.91457,False
2026-05-05T15:30:00,Galaa Square,"30.0398,31.2188",30.0398,31.2188,42,66,55,0.917903,False
2026-05-05T15:45:00,Salah Salem,"30.0645,31.282",30.0645,31.282,51,64,63,0.878704,False
2026-05-05T16:00:00,Autostrad - Sheraton,"30.1065,31.3711",30.1065,31.3711,35,56,60,0.859421,False
2026-05-05T16:15:00,Tahrir Square,"30.0444,31.2357",30.0444,31.2357,35,77,93,0.946057,False
2026-05-05T16:30:00,Corniche El Nil,"30.0263,31.2268",30.0263,31.2268,14,73,85,0.907414,False
2026-05-05T16:45:00,Mosheer Tantawy Axis,"30.0242,31.3486",30.0242,31.3486,21,68,98,0.863353,False
2026-05-05T17:00:00,Rod El Farag Axis,"30.0881,31.2185",30.0881,31.2185,25,59,96,0.987403,False
2026-05-05T17:15:00,Ring Road - Marg,"30.1554,31.3323",30.1554,31.3323,30,55,45,0.904647,False
2026-05-05T17:30:00,Ring Road - Moneeb,"29.9881,31.2227",29.9881,31.2227,23,71,76,0.870584,False
2026-05-05T17:45:00,Gamaat El Dowal St,"30.0543,31.2005",30.0543,31.2005,27,66,50,0.92866,False
2026-05-05T18:00:00,Faisal Street,"30.0051,31.1574",30.0051,31.1574,12,75,65,0.902551,False
2026-05-05T18:15:00,North 90th Street,"30.0308,31.4721",30.0308,31.4721,10,68,93,0.933232,False
2026-05-05T18:30:00,South 90th Street,"30.0195,31.4326",30.0195,31.4326,31,60,103,0.970721,False
2026-05-05T18:45:00,Ring Road - Maadi,"29.9544,31.2858",29.9544,31.2858,20,78,57,0.895053,False
2026-05-05T19:00:00,October Bridge,"30.0526,31.2372",30.0526,31.2372,33,74,99,0.964438,False
2026-05-05T19:15:00,26th July Corridor,"30.0381,31.0264",30.0381,31.0264,21,68,84,0.907562,False
2026-05-05T19:30:00,Abbas El Akkad,"30.0631,31.3341",30.0631,31.3341,14,72,53,0.885166,False
2026-05-05T19:45:00,Galaa Square,"30.0398,31.2188",30.0398,31.2188,11,60,111,0.856948,False
2026-05-05T20:00:00,Salah Salem,"30.0645,31.282",30.0645,31.282,19,66,84,0.997396,False
2026-05-05T20:15:00,Autostrad - Sheraton,"30.1065,31.3711",30.1065,31.3711,23,72,110,0.946264,False
2026-05-05T20:30:00,Tahrir Square,"30.0444,31.2357",30.0444,31.2357,19,75,70,0.92176,False
2026-05-05T20:45:00,Corniche El Nil,"30.0263,31.2268",30.0263,31.2268,20,62,77,0.958941,False
2026-05-05T21:00:00,Mosheer Tantawy Axis,"30.0242,31.3486",30.0242,31.3486,56,79,56,0.997301,False
2026-05-05T21:15:00,Rod El Farag Axis,"30.0881,31.2185",30.0881,31.2185,55,59,26,0.932722,False
2026-05-05T21:30:00,Ring Road - Marg,"30.1554,31.3323",30.1554,31.3323,40,58,78,0.863325,False
2026-05-05T21:45:00,Ring Road - Moneeb,"29.9881,31.2227",29.9881,31.2227,48,61,32,0.8765,False
2026-05-05T22:00:00,Gamaat El Dowal St,"30.0543,31.2005",30.0543,31.2005,53,71,68,0.857978,False
2026-05-05T22:15:00,Faisal Street,"30.0051,31.1574",30.0051,31.1574,56,61,15,0.992532,False
2026-05-05T22:30:00,North 90th Street,"30.0308,31.4721",30.0308,31.4721,60,78,75,0.997143,False
2026-05-05T22:45:00,South 90th Street,"30.0195,31.4326",30.0195,31.4326,56,74,70,0.959327,False
2026-05-05T23:00:00,Ring Road - Maadi,"29.9544,31.2858",29.9544,31.2858,28,56,54,0.881611,False
2026-05-05T23:15:00,October Bridge,"30.0526,31.2372",30.0526,31.2372,52,57,79,0.906205,False
2026-05-05T23:30:00,26th July Corridor,"30.0381,31.0264",30.0381,31.0264,25,76,10,0.973476,False
2026-05-05T23:45:00,Abbas El Akkad,"30.0631,31.3341",30.0631,31.3341,62,75,78,0.897001,False
2026-05-06T00:00:00,Galaa Square,"30.0398,31.2188",30.0398,31.2188,55,55,52,0.852345,False
2026-05-06T00:15:00,Salah Salem,"30.0645,31.282",30.0645,31.282,38,63,36,0.858523,False
2026-05-06T00:30:00,Autostrad - Sheraton,"30.1065,31.3711",30.1065,31.3711,51,68,27,0.87857,False
2026-05-06T00:45:00,Tahrir Square,"30.0444,31.2357",30.0444,31.2357,41,70,28,0.895652,False
2026-05-06T01:00:00,Corniche El Nil,"30.0263,31.2268",30.0263,31.2268,37,62,33,0.916534,False
2026-05-06T01:15:00,Mosheer Tantawy Axis,"30.0242,31.3486",30.0242,31.3486,27,72,47,0.950793,False
2026-05-06T01:30:00,Rod El Farag Axis,"30.0881,31.2185",30.0881,31.2185,55,65,11,0.862638,False
2026-05-06T01:45:00,Ring Road - Marg,"30.1554,31.3323",30.1554,31.3323,28,70,19,0.890011,False
2026-05-06T02:00:00,Ring Road - Moneeb,"29.9881,31.2227",29.9881,31.2227,48,76,17,0.945015,False
2026-05-06T02:15:00,Gamaat El Dowal St,"30.0543,31.2005",30.0543,31.2005,33,74,58,0.860803,False
2026-05-06T02:30:00,Faisal Street,"30.0051,31.1574",30.0051,31.1574,39,73,34,0.980325,False
2026-05-06T02:45:00,North 90th Street,"30.0308,31.4721",30.0308,31.4721,29,55,51,0.895424,False
2026-05-06T03:00:00,South 90th Street,"30.0195,31.4326",30.0195,31.4326,53,75,36,0.973399,False
2026-05-06T03:15:00,Ring Road - Maadi,"29.9544,31.2858",29.9544,31.2858,33,69,40,0.874808,False
2026-05-06T03:30:00,October Bridge,"30.0526,31.2372",30.0526,31.2372,63,73,74,0.947464,False
2026-05-06T03:45:00,26th July Corridor,"30.0381,31.0264",30.0381,31.0264,54,65,67,0.953908,False
2026-05-06T04:00:00,Abbas El Akkad,"30.0631,31.3341",30.0631,31.3341,26,69,11,0.906354,False
2026-05-06T04:15:00,Galaa Square,"30.0398,31.2188",30.0398,31.2188,42,71,60,0.991581,False
2026-05-06T04:30:00,Salah Salem,"30.0645,31.282",30.0645,31.282,51,62,73,0.892041,False
2026-05-06T04:45:00,Autostrad - Sheraton,"30.1065,31.3711",30.1065,31.3711,64,68,22,0.927362,False
2026-05-06T05:00:00,Tahrir Square,"30.0444,31.2357",30.0444,31.2357,27,64,11,0.948479,False
2026-05-06T05:15:00,Corniche El Nil,"30.0263,31.2268",30.0263,31.2268,38,58,51,0.966722,False
2026-05-06T05:30:00,Mosheer Tantawy Axis,"30.0242,31.3486",30.0242,31.3486,34,62,69,0.897648,False
2026-05-06T05:45:00,Rod El Farag Axis,"30.0881,31.2185",30.0881,31.2185,57,66,75,0.882274,False
2026-05-06T06:00:00,Ring Road - Marg,"30.1554,31.3323",30.1554,31.3323,63,66,76,0.92464,False
2026-05-06T06:15:00,Ring Road - Moneeb,"29.9881,31.2227",29.9881,31.2227,27,67,14,0.979926,False
2026-05-06T06:30:00,Gamaat El Dowal St,"30.0543,31.2005",30.0543,31.2005,34,63,17,0.939454,False
2026-05-06T06:45:00,Faisal Street,"30.0051,31.1574",30.0051,31.1574,41,57,33,0.98293,False
2026-05-06T07:00:00,North 90th Street,"30.0308,31.4721",30.0308,31.4721,33,72,48,0.975676,False
2026-05-06T07:15:00,South 90th Street,"30.0195,31.4326",30.0195,31.4326,18,78,70,0.96398,False
2026-05-06T07:30:00,Ring Road - Maadi,"29.9544,31.2858",29.9544,31.2858,22,73,105,0.926822,False
2026-05-06T07:45:00,October Bridge,"30.0526,31.2372",30.0526,31.2372,20,61,42,0.868979,False
2026-05-06T08:00:00,26th July Corridor,"30.0381,31.0264",30.0381,31.0264,26,77,62,0.892078,False
2026-05-06T08:15:00,Abbas El Akkad,"30.0631,31.3341",30.0631,31.3341,15,61,77,0.93552,False
2026-05-06T08:30:00,Galaa Square,"30.0398,31.2188",30.0398,31.2188,24,72,80,0.859701,False
2026-05-06T08:45:00,Salah Salem,"30.0645,31.282",30.0645,31.282,27,78,46,0.873185,False
2026-05-06T09:00:00,Autostrad - Sheraton,"30.1065,31.3711",30.1065,31.3711,20,59,83,0.994646,False
2026-05-06T09:15:00,Tahrir Square,"30.0444,31.2357",30.0444,31.2357,28,69,116,0.960765,False
2026-05-06T09:30:00,Corniche El Nil,"30.0263,31.2268",30.0263,31.2268,21,72,42,0.860563,False
2026-05-06T09:45:00,Mosheer Tantawy Axis,"30.0242,31.3486",30.0242,31.3486,13,60,55,0.860527,False
2026-05-06T10:00:00,Rod El Farag Axis,"30.0881,31.2185",30.0881,31.2185,28,56,60,0.929782,False
2026-05-06T10:15:00,Ring Road - Marg,"30.1554,31.3323",30.1554,31.3323,23,76,93,0.888543,False
2026-05-06T10:30:00,Ring Road - Moneeb,"29.9881,31.2227",29.9881,31.2227,10,60,69,0.876019,False
2026-05-06T10:45:00,Gamaat El Dowal St,"30.0543,31.2005",30.0543,31.2005,33,79,41,0.866403,False
2026-05-06T11:00:00,Faisal Street,"30.0051,31.1574",30.0051,31.1574,54,65,77,0.978813,False
2026-05-06T11:15:00,North 90th Street,"30.0308,31.4721",30.0308,31.4721,60,79,76,0.876546,False
2026-05-06T11:30:00,South 90th Street,"30.0195,31.4326",30.0195,31.4326,60,60,76,0.870529,False
2026-05-06T11:45:00,Ring Road - Maadi,"29.9544,31.2858",29.9544,31.2858,27,80,80,0.868052,False
2026-05-06T12:00:00,October Bridge,"30.0526,31.2372",30.0526,31.2372,54,67,21,0.866403,False
2026-05-06T12:15:00,26th July Corridor,"30.0381,31.0264",30.0381,31.0264,51,58,19,0.879947,False
2026-05-06T12:30:00,Abbas El Akkad,"30.0631,31.3341",30.0631,31.3341,34,78,58,0.993414,False
2026-05-06T12:45:00,Galaa Square,"30.0398,31.2188",30.0398,31.2188,29,79,19,0.952209,False
2026-05-06T13:00:00,Salah Salem,"30.0645,31.282",30.0645,31.282,49,59,36,0.945213,False
2026-05-06T13:15:00,Autostrad - Sheraton,"30.1065,31.3711",30.1065,31.3711,38,62,44,0.965874,False
2026-05-06T13:30:00,Tahrir Square,"30.0444,31.2357",30.0444,31.2357,47,79,51,0.911158,False
2026-05-06T13:45:00,Corniche El Nil,"30.0263,31.2268",30.0263,31.2268,50,62,74,0.99712,False
2026-05-06T14:00:00,Mosheer Tantawy Axis,"30.0242,31.3486",30.0242,31.3486,48,70,56,0.884813,False
2026-05-06T14:15:00,Rod El Farag Axis,"30.0881,31.2185",30.0881,31.2185,64,64,47,0.951844,False
2026-05-06T14:30:00,Ring Road - Marg,"30.1554,31.3323",30.1554,31.3323,61,61,17,0.982608,False
2026-05-06T14:45:00,Ring Road - Moneeb,"29.9881,31.2227",29.9881,31.2227,60,79,75,0.893246,False
2026-05-06T15:00:00,Gamaat El Dowal St,"30.0543,31.2005",30.0543,31.2005,46,64,21,0.919313,False
2026-05-06T15:15:00,Faisal Street,"30.0051,31.1574",30.0051,31.1574,38,80,74,0.870147,False
2026-05-06T15:30:00,North 90th Street,"30.0308,31.4721",30.0308,31.4721,47,63,76,0.919382,False
2026-05-06T15:45:00,South 90th Street,"30.0195,31.4326",30.0195,31.4326,54,68,24,0.920228,False
2026-05-06T16:00:00,Ring Road - Maadi,"29.9544,31.2858",29.9544,31.2858,20,65,44,0.9888,False
2026-05-06T16:15:00,October Bridge,"30.0526,31.2372",30.0526,31.2372,34,80,57,0.867547,False
2026-05-06T16:30:00,26th July Corridor,"30.0381,31.0264",30.0381,31.0264,18,58,88,0.951487,False
2026-05-06T16:45:00,Abbas El Akkad,"30.0631,31.3341",30.0631,31.3341,17,75,61,0.875696,False
2026-05-06T17:00:00,Galaa Square,"30.0398,31.2188",30.0398,31.2188,27,63,95,0.929375,False
2026-05-06T17:15:00,Salah Salem,"30.0645,31.282",30.0645,31.282,26,57,54,0.909596,False
2026-05-06T17:30:00,Autostrad - Sheraton,"30.1065,31.3711",30.1065,31.3711,14,64,54,0.97587,False
2026-05-06T17:45:00,Tahrir Square,"30.0444,31.2357",30.0444,31.2357,14,77,65,0.851146,False
2026-05-06T18:00:00,Corniche El Nil,"30.0263,31.2268",30.0263,31.2268,28,67,42,0.932602,False
2026-05-06T18:15:00,Mosheer Tantawy Axis,"30.0242,31.3486",30.0242,31.3486,33,61,113,0.992044,False
2026-05-06T18:30:00,Rod El Farag Axis,"30.0881,31.2185",30.0881,31.2185,27,72,109,0.996238,False
2026-05-06T18:45:00,Ring Road - Marg,"30.1554,31.3323",30.1554,31.3323,21,60,47,0.962509,False
2026-05-06T19:00:00,Ring Road - Moneeb,"29.9881,31.2227",29.9881,31.2227,11,66,66,0.905717,False
2026-05-06T19:15:00,Gamaat El Dowal St,"30.0543,31.2005",30.0543,31.2005,15,57,96,0.978505,False
2026-05-06T19:30:00,Faisal Street,"30.0051,31.1574",30.0051,31.1574,11,62,50,0.935256,False
2026-05-06T19:45:00,North 90th Street,"30.0308,31.4721",30.0308,31.4721,11,67,51,0.942167,False
2026-05-06T20:00:00,South 90th Street,"30.0195,31.4326",30.0195,31.4326,35,80,50,0.902785,False
2026-05-06T20:15:00,Ring Road - Maadi,"29.9544,31.2858",29.9544,31.2858,26,56,62,0.877849,False
2026-05-06T20:30:00,October Bridge,"30.0526,31.2372",30.0526,31.2372,21,62,82,0.988624,False
2026-05-06T20:45:00,26th July Corridor,"30.0381,31.0264",30.0381,31.0264,10,73,116,0.929295,False
2026-05-06T21:00:00,Abbas El Akkad,"30.0631,31.3341",30.0631,31.3341,28,60,57,0.996892,False
2026-05-06T21:15:00,Galaa Square,"30.0398,31.2188",30.0398,31.2188,44,57,69,0.877712,False
2026-05-06T21:30:00,Salah Salem,"30.0645,31.282",30.0645,31.282,28,59,14,0.982689,False
2026-05-06T21:45:00,Autostrad - Sheraton,"30.1065,31.3711",30.1065,31.3711,51,55,79,0.952099,False
2026-05-06T22:00:00,Tahrir Square,"30.0444,31.2357",30.0444,31.2357,49,71,21,0.990102,False
2026-05-06T22:15:00,Corniche El Nil,"30.0263,31.2268",30.0263,31.2268,56,57,47,0.908144,False
2026-05-06T22:30:00,Mosheer Tantawy Axis,"30.0242,31.3486",30.0242,31.3486,56,73,20,0.967723,False
2026-05-06T22:45:00,Rod El Farag Axis,"30.0881,31.2185",30.0881,31.2185,62,62,37,0.892431,False
2026-05-06T23:00:00,Ring Road - Marg,"30.1554,31.3323",30.1554,31.3323,59,60,74,0.973026,False
2026-05-06T23:15:00,Ring Road - Moneeb,"29.9881,31.2227",29.9881,31.2227,39,71,36,0.982908,False
2026-05-06T23:30:00,Gamaat El Dowal St,"30.0543,31.2005",30.0543,31.2005,45,61,54,0.90061,False
2026-05-06T23:45:00,Faisal Street,"30.0051,31.1574",30.0051,31.1574,41,55,19,0.96648,False
2026-05-07T00:00:00,North 90th Street,"30.0308,31.4721",30.0308,31.4721,26,64,78,0.945819,False
2026-05-07T00:15:00,South 90th Street,"30.0195,31.4326",30.0195,31.4326,51,78,78,0.897965,False
2026-05-07T00:30:00,Ring Road - Maadi,"29.9544,31.2858",29.9544,31.2858,60,65,16,0.894129,False
2026-05-07T00:45:00,October Bridge,"30.0526,31.2372",30.0526,31.2372,49,75,59,0.981703,False
2026-05-07T01:00:00,26th July Corridor,"30.0381,31.0264",30.0381,31.0264,62,62,17,0.986743,False
2026-05-07T01:15:00,Abbas El Akkad,"30.0631,31.3341",30.0631,31.3341,44,60,65,0.944868,False
2026-05-07T01:30:00,Galaa Square,"30.0398,31.2188",30.0398,31.2188,65,78,10,0.958637,False
2026-05-07T01:45:00,Salah Salem,"30.0645,31.282",30.0645,31.282,26,55,70,0.957665,False
2026-05-07T02:00:00,Autostrad - Sheraton,"30.1065,31.3711",30.1065,31.3711,41,65,60,0.972349,False
2026-05-07T02:15:00,Tahrir Square,"30.0444,31.2357",30.0444,31.2357,63,63,32,0.961954,False
2026-05-07T02:30:00,Corniche El Nil,"30.0263,31.2268",30.0263,31.2268,47,68,51,0.856105,False
2026-05-07T02:45:00,Mosheer Tantawy Axis,"30.0242,31.3486",30.0242,31.3486,46,60,66,0.999934,False
2026-05-07T03:00:00,Rod El Farag Axis,"30.0881,31.2185",30.0881,31.2185,42,61,75,0.90432,False
2026-05-07T03:15:00,Ring Road - Marg,"30.1554,31.3323",30.1554,31.3323,64,79,65,0.991678,False
2026-05-07T03:30:00,Ring Road - Moneeb,"29.9881,31.2227",29.9881,31.2227,57,62,51,0.924141,False
2026-05-07T03:45:00,Gamaat El Dowal St,"30.0543,31.2005",30.0543,31.2005,27,73,26,0.928063,False
2026-05-07T04:00:00,Faisal Street,"30.0051,31.1574",30.0051,31.1574,25,75,44,0.910648,False
2026-05-07T04:15:00,North 90th Street,"30.0308,31.4721",30.0308,31.4721,48,80,38,0.947792,False
2026-05-07T04:30:00,South 90th Street,"30.0195,31.4326",30.0195,31.4326,25,79,38,0.932242,False
2026-05-07T04:45:00,Ring Road - Maadi,"29.9544,31.2858",29.9544,31.2858,27,57,65,0.947449,False
2026-05-07T05:00:00,October Bridge,"30.0526,31.2372",30.0526,31.2372,59,71,46,0.865641,False
2026-05-07T05:15:00,26th July Corridor,"30.0381,31.0264",30.0381,31.0264,53,60,60,0.87596,False
2026-05-07T05:30:00,Abbas El Akkad,"30.0631,31.3341",30.0631,31.3341,37,62,10,0.936204,False
2026-05-07T05:45:00,Galaa Square,"30.0398,31.2188",30.0398,31.2188,41,56,31,0.964215,False
2026-05-07T06:00:00,Salah Salem,"30.0645,31.282",30.0645,31.282,45,68,71,0.973235,False
2026-05-07T06:15:00,Autostrad - Sheraton,"30.1065,31.3711",30.1065,31.3711,52,55,15,0.935403,False
2026-05-07T06:30:00,Tahrir Square,"30.0444,31.2357",30.0444,31.2357,43,71,61,0.962813,False
2026-05-07T06:45:00,Corniche El Nil,"30.0263,31.2268",30.0263,31.2268,26,72,36,0.929864,False
2026-05-07T07:00:00,Mosheer Tantawy Axis,"30.0242,31.3486",30.0242,31.3486,12,70,94,0.976035,False
2026-05-07T07:15:00,Rod El Farag Axis,"30.0881,31.2185",30.0881,31.2185,28,77,66,0.951836,False
2026-05-07T07:30:00,Ring Road - Marg,"30.1554,31.3323",30.1554,31.3323,35,65,84,0.884376,False
2026-05-07T07:45:00,Ring Road - Moneeb,"29.9881,31.2227",29.9881,31.2227,16,76,53,0.983747,False
2026-05-07T08:00:00,Gamaat El Dowal St,"30.0543,31.2005",30.0543,31.2005,21,57,73,0.939981,False
2026-05-07T08:15:00,Faisal Street,"30.0051,31.1574",30.0051,31.1574,19,62,114,0.85607,False
2026-05-07T08:30:00,North 90th Street,"30.0308,31.4721",30.0308,31.4721,30,67,52,0.858046,False
2026-05-07T08:45:00,South 90th Street,"30.0195,31.4326",30.0195,31.4326,31,56,50,0.956083,False
2026-05-07T09:00:00,Ring Road - Maadi,"29.9544,31.2858",29.9544,31.2858,14,65,64,0.977322,False
2026-05-07T09:15:00,October Bridge,"30.0526,31.2372",30.0526,31.2372,32,55,46,0.904351,False
2026-05-07T09:30:00,26th July Corridor,"30.0381,31.0264",30.0381,31.0264,16,56,48,0.919862,False
2026-05-07T09:45:00,Abbas El Akkad,"30.0631,31.3341",30.0631,31.3341,12,80,50,0.880417,False
2026-05-07T10:00:00,Galaa Square,"30.0398,31.2188",30.0398,31.2188,34,60,112,0.895521,False
2026-05-07T10:15:00,Salah Salem,"30.0645,31.282",30.0645,31.282,26,72,40,0.941719,False
2026-05-07T10:30:00,Autostrad - Sheraton,"30.1065,31.3711",30.1065,31.3711,24,60,70,0.872473,False
2026-05-07T10:45:00,Tahrir Square,"30.0444,31.2357",30.0444,31.2357,15,72,60,0.888197,False
2026-05-07T11:00:00,Corniche El Nil,"30.0263,31.2268",30.0263,31.2268,40,76,26,0.953422,False
2026-05-07T11:15:00,Mosheer Tantawy Axis,"30.0242,31.3486",30.0242,31.3486,39,78,32,0.957987,False
2026-05-07T11:30:00,Rod El Farag Axis,"30.0881,31.2185",30.0881,31.2185,59,59,51,0.936786,False
2026-05-07T11:45:00,Ring Road - Marg,"30.1554,31.3323",30.1554,31.3323,56,80,31,0.985221,False
2026-05-07T12:00:00,Ring Road - Moneeb,"29.9881,31.2227",29.9881,31.2227,27,66,60,0.969482,False
2026-05-07T12:15:00,Gamaat El Dowal St,"30.0543,31.2005",30.0543,31.2005,62,70,63,0.956969,False
2026-05-07T12:30:00,Faisal Street,"30.0051,31.1574",30.0051,31.1574,31,62,42,0.961731,False
2026-05-07T12:45:00,North 90th Street,"30.0308,31.4721",30.0308,31.4721,36,63,75,0.969066,False
2026-05-07T13:00:00,South 90th Street,"30.0195,31.4326",30.0195,31.4326,65,65,55,0.900051,False
2026-05-07T13:15:00,Ring Road - Maadi,"29.9544,31.2858",29.9544,31.2858,62,70,17,0.982358,False
2026-05-07T13:30:00,October Bridge,"30.0526,31.2372",30.0526,31.2372,41,66,77,0.985198,False
2026-05-07T13:45:00,26th July Corridor,"30.0381,31.0264",30.0381,31.0264,55,79,40,0.900182,False
2026-05-07T14:00:00,Abbas El Akkad,"30.0631,31.3341",30.0631,31.3341,46,78,42,0.85953,False
2026-05-07T14:15:00,Galaa Square,"30.0398,31.2188",30.0398,31.2188,50,57,29,0.964872,False
2026-05-07T14:30:00,Salah Salem,"30.0645,31.282",30.0645,31.282,53,58,11,0.931344,False
2026-05-07T14:45:00,Autostrad - Sheraton,"30.1065,31.3711",30.1065,31.3711,25,63,45,0.98503,False
2026-05-07T15:00:00,Tahrir Square,"30.0444,31.2357",30.0444,31.2357,37,58,60,0.914257,False
2026-05-07T15:15:00,Corniche El Nil,"30.0263,31.2268",30.0263,31.2268,47,59,77,0.93956,False
2026-05-07T15:30:00,Mosheer Tantawy Axis,"30.0242,31.3486",30.0242,31.3486,48,60,56,0.926824,False
2026-05-07T15:45:00,Rod El Farag Axis,"30.0881,31.2185",30.0881,31.2185,35,73,30,0.852361,False
2026-05-07T16:00:00,Ring Road - Marg,"30.1554,31.3323",30.1554,31.3323,34,67,50,0.869406,False
2026-05-07T16:15:00,Ring Road - Moneeb,"29.9881,31.2227",29.9881,31.2227,24,62,60,0.913518,False
2026-05-07T16:30:00,Gamaat El Dowal St,"30.0543,31.2005",30.0543,31.2005,35,68,103,0.867412,False
2026-05-07T16:45:00,Faisal Street,"30.0051,31.1574",30.0051,31.1574,12,65,93,0.922938,False
2026-05-07T17:00:00,North 90th Street,"30.0308,31.4721",30.0308,31.4721,20,56,76,0.931393,False
2026-05-07T17:15:00,South 90th Street,"30.0195,31.4326",30.0195,31.4326,25,72,88,0.942249,False
2026-05-07T17:30:00,Ring Road - Maadi,"29.9544,31.2858",29.9544,31.2858,29,72,119,0.867281,False
2026-05-07T17:45:00,October Bridge,"30.0526,31.2372",30.0526,31.2372,12,66,88,0.871204,False
2026-05-07T18:00:00,26th July Corridor,"30.0381,31.0264",30.0381,31.0264,24,76,93,0.854487,False
2026-05-07T18:15:00,Abbas El Akkad,"30.0631,31.3341",30.0631,31.3341,17,69,66,0.884242,False
2026-05-07T18:30:00,Galaa Square,"30.0398,31.2188",30.0398,31.2188,29,79,60,0.963333,False
2026-05-07T18:45:00,Salah Salem,"30.0645,31.282",30.0645,31.282,13,78,52,0.952672,False
2026-05-07T19:00:00,Autostrad - Sheraton,"30.1065,31.3711",30.1065,31.3711,25,76,48,0.914836,False
2026-05-07T19:15:00,Tahrir Square,"30.0444,31.2357",30.0444,31.2357,30,59,115,0.88962,False
2026-05-07T19:30:00,Corniche El Nil,"30.0263,31.2268",30.0263,31.2268,14,59,92,0.941843,False
2026-05-07T19:45:00,Mosheer Tantawy Axis,"30.0242,31.3486",30.0242,31.3486,14,57,94,0.874175,False
2026-05-07T20:00:00,Rod El Farag Axis,"30.0881,31.2185",30.0881,31.2185,28,65,97,0.876489,False
2026-05-07T20:15:00,Ring Road - Marg,"30.1554,31.3323",30.1554,31.3323,27,76,54,0.931613,False
2026-05-07T20:30:00,Ring Road - Moneeb,"29.9881,31.2227",29.9881,31.2227,22,55,74,0.896014,False
2026-05-07T20:45:00,Gamaat El Dowal St,"30.0543,31.2005",30.0543,31.2005,32,57,77,0.954736,False
2026-05-07T21:00:00,Faisal Street,"30.0051,31.1574",30.0051,31.1574,28,59,44,0.940189,False
2026-05-07T21:15:00,North 90th Street,"30.0308,31.4721",30.0308,31.4721,56,76,22,0.98696,False
2026-05-07T21:30:00,South 90th Street,"30.0195,31.4326",30.0195,31.4326,31,66,70,0.938184,False
2026-05-07T21:45:00,Ring Road - Maadi,"29.9544,31.2858",29.9544,31.2858,54,65,22,0.931666,False
2026-05-07T22:00:00,October Bridge,"30.0526,31.2372",30.0526,31.2372,51,57,34,0.861931,False
2026-05-07T22:15:00,26th July Corridor,"30.0381,31.0264",30.0381,31.0264,54,56,61,0.860648,False
2026-05-07T22:30:00,Abbas El Akkad,"30.0631,31.3341",30.0631,31.3341,27,76,10,0.889285,False
2026-05-07T22:45:00,Galaa Square,"30.0398,31.2188",30.0398,31.2188,46,75,53,0.987094,False
2026-05-07T23:00:00,Salah Salem,"30.0645,31.282",30.0645,31.282,36,73,29,0.98521,False
2026-05-07T23:15:00,Autostrad - Sheraton,"30.1065,31.3711",30.1065,31.3711,60,60,58,0.900314,False
2026-05-07T23:30:00,Tahrir Square,"30.0444,31.2357",30.0444,31.2357,52,74,28,0.981072,False
2026-05-07T23:45:00,Corniche El Nil,"30.0263,31.2268",30.0263,31.2268,44,61,42,0.882728,False
2026-05-08T00:00:00,Mosheer Tantawy Axis,"30.0242,31.3486",30.0242,31.3486,43,63,48,0.861705,False
2026-05-08T00:15:00,Rod El Farag Axis,"30.0881,31.2185",30.0881,31.2185,67,67,30,0.865841,False
2026-05-08T00:30:00,Ring Road - Marg,"30.1554,31.3323",30.1554,31.3323,53,66,44,0.90671,False
2026-05-08T00:45:00,Ring Road - Moneeb,"29.9881,31.2227",29.9881,31.2227,39,57,5,0.88167,False
2026-05-08T01:00:00,Gamaat El Dowal St,"30.0543,31.2005",30.0543,31.2005,65,66,26,0.999749,False
2026-05-08T01:15:00,Faisal Street,"30.0051,31.1574",30.0051,31.1574,47,56,32,0.912963,False
2026-05-08T01:30:00,North 90th Street,"30.0308,31.4721",30.0308,31.4721,39,68,29,0.887896,False
2026-05-08T01:45:00,South 90th Street,"30.0195,31.4326",30.0195,31.4326,41,74,38,0.940903,False
2026-05-08T02:00:00,Ring Road - Maadi,"29.9544,31.2858",29.9544,31.2858,68,68,42,0.868044,False
2026-05-08T02:15:00,October Bridge,"30.0526,31.2372",30.0526,31.2372,49,60,25,0.945971,False
2026-05-08T02:30:00,26th July Corridor,"30.0381,31.0264",30.0381,31.0264,65,65,48,0.93627,False
2026-05-08T02:45:00,Abbas El Akkad,"30.0631,31.3341",30.0631,31.3341,51,66,40,0.966217,False
2026-05-08T03:00:00,Galaa Square,"30.0398,31.2188",30.0398,31.2188,56,69,24,0.915944,False
2026-05-08T03:15:00,Salah Salem,"30.0645,31.282",30.0645,31.282,55,67,16,0.943385,False
2026-05-08T03:30:00,Autostrad - Sheraton,"30.1065,31.3711",30.1065,31.3711,50,80,50,0.924536,False
2026-05-08T03:45:00,Tahrir Square,"30.0444,31.2357",30.0444,31.2357,45,55,11,0.976469,False
2026-05-08T04:00:00,Corniche El Nil,"30.0263,31.2268",30.0263,31.2268,61,61,11,0.882243,False
2026-05-08T04:15:00,Mosheer Tantawy Axis,"30.0242,31.3486",30.0242,31.3486,55,71,25,0.949379,False
2026-05-08T04:30:00,Rod El Farag Axis,"30.0881,31.2185",30.0881,31.2185,74,74,12,0.931792,False
2026-05-08T04:45:00,Ring Road - Marg,"30.1554,31.3323",30.1554,31.3323,37,55,33,0.868362,False
2026-05-08T05:00:00,Ring Road - Moneeb,"29.9881,31.2227",29.9881,31.2227,75,75,42,0.949709,False
2026-05-08T05:15:00,Gamaat El Dowal St,"30.0543,31.2005",30.0543,31.2005,67,71,39,0.870756,False
2026-05-08T05:30:00,Faisal Street,"30.0051,31.1574",30.0051,31.1574,60,80,42,0.988556,False
2026-05-08T05:45:00,North 90th Street,"30.0308,31.4721",30.0308,31.4721,56,66,49,0.966821,False
2026-05-08T06:00:00,South 90th Street,"30.0195,31.4326",30.0195,31.4326,74,74,20,0.93393,False
2026-05-08T06:15:00,Ring Road - Maadi,"29.9544,31.2858",29.9544,31.2858,46,70,25,0.947813,False
2026-05-08T06:30:00,October Bridge,"30.0526,31.2372",30.0526,31.2372,74,74,31,0.917946,False
2026-05-08T06:45:00,26th July Corridor,"30.0381,31.0264",30.0381,31.0264,62,68,14,0.97191,False
2026-05-08T07:00:00,Abbas El Akkad,"30.0631,31.3341",30.0631,31.3341,74,74,34,0.866151,False
2026-05-08T07:15:00,Galaa Square,"30.0398,31.2188",30.0398,31.2188,71,71,23,0.892221,False
2026-05-08T07:30:00,Salah Salem,"30.0645,31.282",30.0645,31.282,74,74,49,0.909505,False
2026-05-08T07:45:00,Autostrad - Sheraton,"30.1065,31.3711",30.1065,31.3711,39,77,31,0.854382,False
2026-05-08T08:00:00,Tahrir Square,"30.0444,31.2357",30.0444,31.2357,52,80,8,0.983253,False
2026-05-08T08:15:00,Corniche El Nil,"30.0263,31.2268",30.0263,31.2268,75,75,13,0.905387,False
2026-05-08T08:30:00,Mosheer Tantawy Axis,"30.0242,31.3486",30.0242,31.3486,63,66,33,0.876601,False
2026-05-08T08:45:00,Rod El Farag Axis,"30.0881,31.2185",30.0881,31.2185,37,77,41,0.904229,False
2026-05-08T09:00:00,Ring Road - Marg,"30.1554,31.3323",30.1554,31.3323,47,58,19,0.912623,False
2026-05-08T09:15:00,Ring Road - Moneeb,"29.9881,31.2227",29.9881,31.2227,48,79,9,0.8556,False
2026-05-08T09:30:00,Gamaat El Dowal St,"30.0543,31.2005",30.0543,31.2005,72,72,21,0.963641,False
2026-05-08T09:45:00,Faisal Street,"30.0051,31.1574",30.0051,31.1574,51,57,16,0.976927,False
2026-05-08T10:00:00,North 90th Street,"30.0308,31.4721",30.0308,31.4721,52,63,35,0.885053,False
2026-05-08T10:15:00,South 90th Street,"30.0195,31.4326",30.0195,31.4326,63,78,8,0.900186,False
2026-05-08T10:30:00,Ring Road - Maadi,"29.9544,31.2858",29.9544,31.2858,69,69,22,0.98445,False
2026-05-08T10:45:00,October Bridge,"30.0526,31.2372",30.0526,31.2372,66,73,14,0.985353,False
2026-05-08T11:00:00,26th July Corridor,"30.0381,31.0264",30.0381,31.0264,67,67,37,0.885741,False
2026-05-08T11:15:00,Abbas El Akkad,"30.0631,31.3341",30.0631,31.3341,39,76,35,0.859839,False
2026-05-08T11:30:00,Galaa Square,"30.0398,31.2188",30.0398,31.2188,51,80,23,0.987013,False
2026-05-08T11:45:00,Salah Salem,"30.0645,31.282",30.0645,31.282,62,62,44,0.864253,False
2026-05-08T12:00:00,Autostrad - Sheraton,"30.1065,31.3711",30.1065,31.3711,69,69,46,0.954244,False
2026-05-08T12:15:00,Tahrir Square,"30.0444,31.2357",30.0444,31.2357,57,57,29,0.858939,False
2026-05-08T12:30:00,Corniche El Nil,"30.0263,31.2268",30.0263,31.2268,56,76,30,0.893241,False
2026-05-08T12:45:00,Mosheer Tantawy Axis,"30.0242,31.3486",30.0242,31.3486,75,77,37,0.873065,False
2026-05-08T13:00:00,Rod El Farag Axis,"30.0881,31.2185",30.0881,31.2185,45,57,42,0.870962,False
2026-05-08T13:15:00,Ring Road - Marg,"30.1554,31.3323",30.1554,31.3323,51,77,27,0.918011,False
2026-05-08T13:30:00,Ring Road - Moneeb,"29.9881,31.2227",29.9881,31.2227,40,59,29,0.991052,False
2026-05-08T13:45:00,Gamaat El Dowal St,"30.0543,31.2005",30.0543,31.2005,57,57,46,0.930198,False
2026-05-08T14:00:00,Faisal Street,"30.0051,31.1574",30.0051,31.1574,56,62,29,0.905155,False
2026-05-08T14:15:00,North 90th Street,"30.0308,31.4721",30.0308,31.4721,55,60,38,0.970412,False
2026-05-08T14:30:00,South 90th Street,"30.0195,31.4326",30.0195,31.4326,71,71,10,0.883432,False
2026-05-08T14:45:00,Ring Road - Maadi,"29.9544,31.2858",29.9544,31.2858,40,76,24,0.866276,False
2026-05-08T15:00:00,October Bridge,"30.0526,31.2372",30.0526,31.2372,60,60,13,0.909278,False
2026-05-08T15:15:00,26th July Corridor,"30.0381,31.0264",30.0381,31.0264,39,80,6,0.8938,False
2026-05-08T15:30:00,Abbas El Akkad,"30.0631,31.3341",30.0631,31.3341,54,66,8,0.969703,False
2026-05-08T15:45:00,Galaa Square,"30.0398,31.2188",30.0398,31.2188,49,71,22,0.958811,False
2026-05-08T16:00:00,Salah Salem,"30.0645,31.282",30.0645,31.282,75,75,8,0.955329,False
2026-05-08T16:15:00,Autostrad - Sheraton,"30.1065,31.3711",30.1065,31.3711,73,73,21,0.960765,False
2026-05-08T16:30:00,Tahrir Square,"30.0444,31.2357",30.0444,31.2357,45,76,5,0.946638,False
2026-05-08T16:45:00,Corniche El Nil,"30.0263,31.2268",30.0263,31.2268,73,73,30,0.932909,False
2026-05-08T17:00:00,Mosheer Tantawy Axis,"30.0242,31.3486",30.0242,31.3486,69,69,44,0.872341,False
2026-05-08T17:15:00,Rod El Farag Axis,"30.0881,31.2185",30.0881,31.2185,43,70,45,0.895624,False
2026-05-08T17:30:00,Ring Road - Marg,"30.1554,31.3323",30.1554,31.3323,35,56,45,0.899748,False
2026-05-08T17:45:00,Ring Road - Moneeb,"29.9881,31.2227",29.9881,31.2227,72,72,43,0.856389,False
2026-05-08T18:00:00,Gamaat El Dowal St,"30.0543,31.2005",30.0543,31.2005,66,66,8,0.951924,False
2026-05-08T18:15:00,Faisal Street,"30.0051,31.1574",30.0051,31.1574,40,65,21,0.961498,False
2026-05-08T18:30:00,North 90th Street,"30.0308,31.4721",30.0308,31.4721,65,71,12,0.965147,False
2026-05-08T18:45:00,South 90th Street,"30.0195,31.4326",30.0195,31.4326,46,80,29,0.927848,False
2026-05-08T19:00:00,Ring Road - Maadi,"29.9544,31.2858",29.9544,31.2858,61,74,11,0.953312,False
2026-05-08T19:15:00,October Bridge,"30.0526,31.2372",30.0526,31.2372,59,69,10,0.961021,False
2026-05-08T19:30:00,26th July Corridor,"30.0381,31.0264",30.0381,31.0264,67,67,20,0.855484,False
2026-05-08T19:45:00,Abbas El Akkad,"30.0631,31.3341",30.0631,31.3341,38,55,48,0.923265,False
2026-05-08T20:00:00,Galaa Square,"30.0398,31.2188",30.0398,31.2188,40,62,25,0.983181,False
2026-05-08T20:15:00,Salah Salem,"30.0645,31.282",30.0645,31.282,52,64,44,0.928143,False
2026-05-08T20:30:00,Autostrad - Sheraton,"30.1065,31.3711",30.1065,31.3711,58,77,28,0.905154,False
2026-05-08T20:45:00,Tahrir Square,"30.0444,31.2357",30.0444,31.2357,57,65,29,0.916516,False
2026-05-08T21:00:00,Corniche El Nil,"30.0263,31.2268",30.0263,31.2268,70,72,23,0.978965,False
2026-05-08T21:15:00,Mosheer Tantawy Axis,"30.0242,31.3486",30.0242,31.3486,54,66,50,0.9161,False
2026-05-08T21:30:00,Rod El Farag Axis,"30.0881,31.2185",30.0881,31.2185,59,79,38,0.936059,False
2026-05-08T21:45:00,Ring Road - Marg,"30.1554,31.3323",30.1554,31.3323,60,80,38,0.919644,False
2026-05-08T22:00:00,Ring Road - Moneeb,"29.9881,31.2227",29.9881,31.2227,54,65,8,0.929978,False
2026-05-08T22:15:00,Gamaat El Dowal St,"30.0543,31.2005",30.0543,31.2005,50,57,37,0.863317,False
2026-05-08T22:30:00,Faisal Street,"30.0051,31.1574",30.0051,31.1574,42,59,14,0.965551,False
2026-05-08T22:45:00,North 90th Street,"30.0308,31.4721",30.0308,31.4721,35,60,17,0.920766,False
2026-05-08T23:00:00,South 90th Street,"30.0195,31.4326",30.0195,31.4326,60,65,47,0.945718,False
2026-05-08T23:15:00,Ring Road - Maadi,"29.9544,31.2858",29.9544,31.2858,37,74,39,0.874299,False
2026-05-08T23:30:00,October Bridge,"30.0526,31.2372",30.0526,31.2372,42,77,36,0.904052,False
2026-05-08T23:45:00,26th July Corridor,"30.0381,31.0264",30.0381,31.0264,51,79,16,0.892184,False
2026-05-09T00:00:00,Abbas El Akkad,"30.0631,31.3341",30.0631,31.3341,62,62,11,0.911702,False
2026-05-09T00:15:00,Galaa Square,"30.0398,31.2188",30.0398,31.2188,48,78,13,0.926107,False
2026-05-09T00:30:00,Salah Salem,"30.0645,31.282",30.0645,31.282,52,67,10,0.928967,False
2026-05-09T00:45:00,Autostrad - Sheraton,"30.1065,31.3711",30.1065,31.3711,40,70,14,0.871625,False
2026-05-09T01:00:00,Tahrir Square,"30.0444,31.2357",30.0444,31.2357,39,78,34,0.883424,False
2026-05-09T01:15:00,Corniche El Nil,"30.0263,31.2268",30.0263,31.2268,47,63,25,0.895508,False
2026-05-09T01:30:00,Mosheer Tantawy Axis,"30.0242,31.3486",30.0242,31.3486,60,65,25,0.986695,False
2026-05-09T01:45:00,Rod El Farag Axis,"30.0881,31.2185",30.0881,31.2185,58,64,12,0.931156,False
2026-05-09T02:00:00,Ring Road - Marg,"30.1554,31.3323",30.1554,31.3323,68,73,32,0.916417,False
2026-05-09T02:15:00,Ring Road - Moneeb,"29.9881,31.2227",29.9881,31.2227,55,61,47,0.916518,False
2026-05-09T02:30:00,Gamaat El Dowal St,"30.0543,31.2005",30.0543,31.2005,66,66,32,0.859296,False
2026-05-09T02:45:00,Faisal Street,"30.0051,31.1574",30.0051,31.1574,75,75,14,0.957651,False
2026-05-09T03:00:00,North 90th Street,"30.0308,31.4721",30.0308,31.4721,71,79,13,0.93169,False
2026-05-09T03:15:00,South 90th Street,"30.0195,31.4326",30.0195,31.4326,45,76,13,0.89386,False
2026-05-09T03:30:00,Ring Road - Maadi,"29.9544,31.2858",29.9544,31.2858,71,79,41,0.981994,False
2026-05-09T03:45:00,October Bridge,"30.0526,31.2372",30.0526,31.2372,57,80,12,0.92392,False
2026-05-09T04:00:00,26th July Corridor,"30.0381,31.0264",30.0381,31.0264,63,77,44,0.872854,False
2026-05-09T04:15:00,Abbas El Akkad,"30.0631,31.3341",30.0631,31.3341,75,75,39,0.855769,False
2026-05-09T04:30:00,Galaa Square,"30.0398,31.2188",30.0398,31.2188,62,62,15,0.86445,False
2026-05-09T04:45:00,Salah Salem,"30.0645,31.282",30.0645,31.282,69,71,46,0.985405,False
2026-05-09T05:00:00,Autostrad - Sheraton,"30.1065,31.3711",30.1065,31.3711,65,65,29,0.907751,False
2026-05-09T05:15:00,Tahrir Square,"30.0444,31.2357",30.0444,31.2357,52,58,12,0.917133,False
2026-05-09T05:30:00,Corniche El Nil,"30.0263,31.2268",30.0263,31.2268,55,80,16,0.859615,False
2026-05-09T05:45:00,Mosheer Tantawy Axis,"30.0242,31.3486",30.0242,31.3486,73,73,46,0.884992,False
2026-05-09T06:00:00,Rod El Farag Axis,"30.0881,31.2185",30.0881,31.2185,50,72,17,0.873498,False
2026-05-09T06:15:00,Ring Road - Marg,"30.1554,31.3323",30.1554,31.3323,69,77,43,0.892454,False
2026-05-09T06:30:00,Ring Road - Moneeb,"29.9881,31.2227",29.9881,31.2227,39,67,17,0.994426,False
2026-05-09T06:45:00,Gamaat El Dowal St,"30.0543,31.2005",30.0543,31.2005,68,68,49,0.871815,False
2026-05-09T07:00:00,Faisal Street,"30.0051,31.1574",30.0051,31.1574,71,71,6,0.920804,False
2026-05-09T07:15:00,North 90th Street,"30.0308,31.4721",30.0308,31.4721,65,68,41,0.908812,False
2026-05-09T07:30:00,South 90th Street,"30.0195,31.4326",30.0195,31.4326,70,77,28,0.899592,False
2026-05-09T07:45:00,Ring Road - Maadi,"29.9544,31.2858",29.9544,31.2858,72,72,49,0.906277,False
2026-05-09T08:00:00,October Bridge,"30.0526,31.2372",30.0526,31.2372,72,72,28,0.952094,False
2026-05-09T08:15:00,26th July Corridor,"30.0381,31.0264",30.0381,31.0264,55,69,8,0.959509,False
2026-05-09T08:30:00,Abbas El Akkad,"30.0631,31.3341",30.0631,31.3341,41,80,26,0.948882,False
2026-05-09T08:45:00,Galaa Square,"30.0398,31.2188",30.0398,31.2188,36,73,43,0.884585,False
2026-05-09T09:00:00,Salah Salem,"30.0645,31.282",30.0645,31.282,47,55,25,0.871877,False
2026-05-09T09:15:00,Autostrad - Sheraton,"30.1065,31.3711",30.1065,31.3711,50,69,43,0.862756,False
2026-05-09T09:30:00,Tahrir Square,"30.0444,31.2357",30.0444,31.2357,59,59,47,0.886307,False
2026-05-09T09:45:00,Corniche El Nil,"30.0263,31.2268",30.0263,31.2268,74,74,19,0.863468,False
2026-05-09T10:00:00,Mosheer Tantawy Axis,"30.0242,31.3486",30.0242,31.3486,68,75,36,0.957873,False
2026-05-09T10:15:00,Rod El Farag Axis,"30.0881,31.2185",30.0881,31.2185,75,75,44,0.935988,False
2026-05-09T10:30:00,Ring Road - Marg,"30.1554,31.3323",30.1554,31.3323,50,63,34,0.895551,False
2026-05-09T10:45:00,Ring Road - Moneeb,"29.9881,31.2227",29.9881,31.2227,62,62,34,0.922029,False
2026-05-09T11:00:00,Gamaat El Dowal St,"30.0543,31.2005",30.0543,31.2005,74,74,20,0.897464,False
2026-05-09T11:15:00,Faisal Street,"30.0051,31.1574",30.0051,31.1574,70,70,39,0.861915,False
2026-05-09T11:30:00,North 90th Street,"30.0308,31.4721",30.0308,31.4721,39,67,41,0.935121,False
2026-05-09T11:45:00,South 90th Street,"30.0195,31.4326",30.0195,31.4326,52,63,21,0.964107,False
2026-05-09T12:00:00,Ring Road - Maadi,"29.9544,31.2858",29.9544,31.2858,59,59,27,0.887148,False
2026-05-09T12:15:00,October Bridge,"30.0526,31.2372",30.0526,31.2372,74,74,28,0.888521,False
2026-05-09T12:30:00,26th July Corridor,"30.0381,31.0264",30.0381,31.0264,64,64,22,0.914263,False
2026-05-09T12:45:00,Abbas El Akkad,"30.0631,31.3341",30.0631,31.3341,54,62,38,0.939895,False
2026-05-09T13:00:00,Galaa Square,"30.0398,31.2188",30.0398,31.2188,56,79,19,0.979776,False
2026-05-09T13:15:00,Salah Salem,"30.0645,31.282",30.0645,31.282,53,55,36,0.981202,False
2026-05-09T13:30:00,Autostrad - Sheraton,"30.1065,31.3711",30.1065,31.3711,36,65,20,0.930949,False
2026-05-09T13:45:00,Tahrir Square,"30.0444,31.2357",30.0444,31.2357,45,66,36,0.862345,False
2026-05-09T14:00:00,Corniche El Nil,"30.0263,31.2268",30.0263,31.2268,62,77,34,0.943805,False
2026-05-09T14:15:00,Mosheer Tantawy Axis,"30.0242,31.3486",30.0242,31.3486,42,76,37,0.942809,False
2026-05-09T14:30:00,Rod El Farag Axis,"30.0881,31.2185",30.0881,31.2185,71,71,34,0.969041,False
2026-05-09T14:45:00,Ring Road - Marg,"30.1554,31.3323",30.1554,31.3323,47,60,36,0.968286,False
2026-05-09T15:00:00,Ring Road - Moneeb,"29.9881,31.2227",29.9881,31.2227,40,64,47,0.934662,False
2026-05-09T15:15:00,Gamaat El Dowal St,"30.0543,31.2005",30.0543,31.2005,74,74,30,0.972513,False
2026-05-09T15:30:00,Faisal Street,"30.0051,31.1574",30.0051,31.1574,50,70,32,0.859562,False
2026-05-09T15:45:00,North 90th Street,"30.0308,31.4721",30.0308,31.4721,60,66,38,0.959282,False
2026-05-09T16:00:00,South 90th Street,"30.0195,31.4326",30.0195,31.4326,69,69,32,0.913937,False
2026-05-09T16:15:00,Ring Road - Maadi,"29.9544,31.2858",29.9544,31.2858,52,78,7,0.922027,False
2026-05-09T16:30:00,October Bridge,"30.0526,31.2372",30.0526,31.2372,64,64,25,0.924327,False
2026-05-09T16:45:00,26th July Corridor,"30.0381,31.0264",30.0381,31.0264,47,60,39,0.920986,False
2026-05-09T17:00:00,Abbas El Akkad,"30.0631,31.3341",30.0631,31.3341,49,70,44,0.903006,False
2026-05-09T17:15:00,Galaa Square,"30.0398,31.2188",30.0398,31.2188,68,68,14,0.969605,False
2026-05-09T17:30:00,Salah Salem,"30.0645,31.282",30.0645,31.282,45,68,10,0.938709,False
2026-05-09T17:45:00,Autostrad - Sheraton,"30.1065,31.3711",30.1065,31.3711,42,66,45,0.918317,False
2026-05-09T18:00:00,Tahrir Square,"30.0444,31.2357",30.0444,31.2357,72,72,46,0.908473,False
2026-05-09T18:15:00,Corniche El Nil,"30.0263,31.2268",30.0263,31.2268,68,68,49,0.90983,False
2026-05-09T18:30:00,Mosheer Tantawy Axis,"30.0242,31.3486",30.0242,31.3486,65,65,24,0.922772,False
2026-05-09T18:45:00,Rod El Farag Axis,"30.0881,31.2185",30.0881,31.2185,56,57,46,0.942513,False
2026-05-09T19:00:00,Ring Road - Marg,"30.1554,31.3323",30.1554,31.3323,41,65,40,0.894642,False
2026-05-09T19:15:00,Ring Road - Moneeb,"29.9881,31.2227",29.9881,31.2227,59,80,38,0.858149,False
2026-05-09T19:30:00,Gamaat El Dowal St,"30.0543,31.2005",30.0543,31.2005,41,73,25,0.955657,False
2026-05-09T19:45:00,Faisal Street,"30.0051,31.1574",30.0051,31.1574,45,76,47,0.88704,False
2026-05-09T20:00:00,North 90th Street,"30.0308,31.4721",30.0308,31.4721,41,76,29,0.925901,False
2026-05-09T20:15:00,South 90th Street,"30.0195,31.4326",30.0195,31.4326,54,63,37,0.957651,False
2026-05-09T20:30:00,Ring Road - Maadi,"29.9544,31.2858",29.9544,31.2858,41,67,21,0.874858,False
2026-05-09T20:45:00,October Bridge,"30.0526,31.2372",30.0526,31.2372,56,64,17,0.893596,False
2026-05-09T21:00:00,26th July Corridor,"30.0381,31.0264",30.0381,31.0264,63,68,47,0.864031,False
2026-05-09T21:15:00,Abbas El Akkad,"30.0631,31.3341",30.0631,31.3341,49,64,42,0.916192,False
2026-05-09T21:30:00,Galaa Square,"30.0398,31.2188",30.0398,31.2188,60,70,29,0.887023,False
2026-05-09T21:45:00,Salah Salem,"30.0645,31.282",30.0645,31.282,58,67,35,0.903107,False
2026-05-09T22:00:00,Autostrad - Sheraton,"30.1065,31.3711",30.1065,31.3711,60,71,38,0.922201,False
2026-05-09T22:15:00,Tahrir Square,"30.0444,31.2357",30.0444,31.2357,61,62,49,0.931234,False
2026-05-09T22:30:00,Corniche El Nil,"30.0263,31.2268",30.0263,31.2268,35,73,33,0.998233,False
2026-05-09T22:45:00,Mosheer Tantawy Axis,"30.0242,31.3486",30.0242,31.3486,72,72,8,0.879801,False
2026-05-09T23:00:00,Rod El Farag Axis,"30.0881,31.2185",30.0881,31.2185,73,78,5,0.99758,False
2026-05-09T23:15:00,Ring Road - Marg,"30.1554,31.3323",30.1554,31.3323,67,68,22,0.877851,False
2026-05-09T23:30:00,Ring Road - Moneeb,"29.9881,31.2227",29.9881,31.2227,63,73,35,0.857816,False
2026-05-09T23:45:00,Gamaat El Dowal St,"30.0543,31.2005",30.0543,31.2005,51,64,20,0.937107,False
2026-05-10T00:00:00,Faisal Street,"30.0051,31.1574",30.0051,31.1574,57,58,34,0.879944,False
2026-05-10T00:15:00,North 90th Street,"30.0308,31.4721",30.0308,31.4721,34,68,31,0.975448,False
2026-05-10T00:30:00,South 90th Street,"30.0195,31.4326",30.0195,31.4326,45,66,37,0.866009,False
2026-05-10T00:45:00,Ring Road - Maadi,"29.9544,31.2858",29.9544,31.2858,31,69,40,0.94658,False
2026-05-10T01:00:00,October Bridge,"30.0526,31.2372",30.0526,31.2372,35,72,54,0.917166,False
2026-05-10T01:15:00,26th July Corridor,"30.0381,31.0264",30.0381,31.0264,27,60,26,0.901776,False
2026-05-10T01:30:00,Abbas El Akkad,"30.0631,31.3341",30.0631,31.3341,52,70,45,0.965784,False
2026-05-10T01:45:00,Galaa Square,"30.0398,31.2188",30.0398,31.2188,40,74,19,0.858771,False
2026-05-10T02:00:00,Salah Salem,"30.0645,31.282",30.0645,31.282,65,65,13,0.926845,False
2026-05-10T02:15:00,Autostrad - Sheraton,"30.1065,31.3711",30.1065,31.3711,56,80,31,0.855793,False
2026-05-10T02:30:00,Tahrir Square,"30.0444,31.2357",30.0444,31.2357,25,71,37,0.957812,False
2026-05-10T02:45:00,Corniche El Nil,"30.0263,31.2268",30.0263,31.2268,62,72,29,0.932701,False
2026-05-10T03:00:00,Mosheer Tantawy Axis,"30.0242,31.3486",30.0242,31.3486,25,62,78,0.961031,False
2026-05-10T03:15:00,Rod El Farag Axis,"30.0881,31.2185",30.0881,31.2185,61,72,35,0.889872,False
2026-05-10T03:30:00,Ring Road - Marg,"30.1554,31.3323",30.1554,31.3323,26,70,30,0.951456,False
2026-05-10T03:45:00,Ring Road - Moneeb,"29.9881,31.2227",29.9881,31.2227,34,68,15,0.96164,False
2026-05-10T04:00:00,Gamaat El Dowal St,"30.0543,31.2005",30.0543,31.2005,49,66,34,0.93845,False
2026-05-10T04:15:00,Faisal Street,"30.0051,31.1574",30.0051,31.1574,30,62,76,0.972009,False
2026-05-10T04:30:00,North 90th Street,"30.0308,31.4721",30.0308,31.4721,50,59,16,0.988043,False
2026-05-10T04:45:00,South 90th Street,"30.0195,31.4326",30.0195,31.4326,54,79,56,0.863278,False
2026-05-10T05:00:00,Ring Road - Maadi,"29.9544,31.2858",29.9544,31.2858,29,55,61,0.892452,False
2026-05-10T05:15:00,October Bridge,"30.0526,31.2372",30.0526,31.2372,53,62,60,0.94263,False
2026-05-10T05:30:00,26th July Corridor,"30.0381,31.0264",30.0381,31.0264,53,69,76,0.933655,False
2026-05-10T05:45:00,Abbas El Akkad,"30.0631,31.3341",30.0631,31.3341,53,73,75,0.986254,False
2026-05-10T06:00:00,Galaa Square,"30.0398,31.2188",30.0398,31.2188,56,72,38,0.964476,False
2026-05-10T06:15:00,Salah Salem,"30.0645,31.282",30.0645,31.282,52,77,23,0.953951,False
2026-05-10T06:30:00,Autostrad - Sheraton,"30.1065,31.3711",30.1065,31.3711,34,67,54,0.904338,False
2026-05-10T06:45:00,Tahrir Square,"30.0444,31.2357",30.0444,31.2357,42,69,74,0.982487,False
2026-05-10T07:00:00,Corniche El Nil,"30.0263,31.2268",30.0263,31.2268,16,70,95,0.943054,False
2026-05-10T07:15:00,Mosheer Tantawy Axis,"30.0242,31.3486",30.0242,31.3486,10,75,66,0.905906,False
2026-05-10T07:30:00,Rod El Farag Axis,"30.0881,31.2185",30.0881,31.2185,17,65,89,0.950478,False
2026-05-10T07:45:00,Ring Road - Marg,"30.1554,31.3323",30.1554,31.3323,34,62,56,0.880294,False
2026-05-10T08:00:00,Ring Road - Moneeb,"29.9881,31.2227",29.9881,31.2227,32,79,64,0.928009,False
2026-05-10T08:15:00,Gamaat El Dowal St,"30.0543,31.2005",30.0543,31.2005,10,70,102,0.97471,False
2026-05-10T08:30:00,Faisal Street,"30.0051,31.1574",30.0051,31.1574,18,58,59,0.975115,False
2026-05-10T08:45:00,North 90th Street,"30.0308,31.4721",30.0308,31.4721,20,68,63,0.867359,False
2026-05-10T09:00:00,South 90th Street,"30.0195,31.4326",30.0195,31.4326,35,57,88,0.899877,False
2026-05-10T09:15:00,Ring Road - Maadi,"29.9544,31.2858",29.9544,31.2858,28,65,89,0.90672,False
2026-05-10T09:30:00,October Bridge,"30.0526,31.2372",30.0526,31.2372,20,73,70,0.932575,False
2026-05-10T09:45:00,26th July Corridor,"30.0381,31.0264",30.0381,31.0264,15,78,53,0.880366,False
2026-05-10T10:00:00,Abbas El Akkad,"30.0631,31.3341",30.0631,31.3341,18,77,115,0.87747,False
2026-05-10T10:15:00,Galaa Square,"30.0398,31.2188",30.0398,31.2188,10,60,76,0.945636,False
2026-05-10T10:30:00,Salah Salem,"30.0645,31.282",30.0645,31.282,10,79,98,0.938674,False
2026-05-10T10:45:00,Autostrad - Sheraton,"30.1065,31.3711",30.1065,31.3711,13,56,50,0.950852,False
2026-05-10T11:00:00,Tahrir Square,"30.0444,31.2357",30.0444,31.2357,53,67,53,0.952059,False
2026-05-10T11:15:00,Corniche El Nil,"30.0263,31.2268",30.0263,31.2268,25,76,41,0.884302,False
2026-05-10T11:30:00,Mosheer Tantawy Axis,"30.0242,31.3486",30.0242,31.3486,64,66,26,0.990641,False
2026-05-10T11:45:00,Rod El Farag Axis,"30.0881,31.2185",30.0881,31.2185,45,79,37,0.924704,False
2026-05-10T12:00:00,Ring Road - Marg,"30.1554,31.3323",30.1554,31.3323,48,63,46,0.857354,False
2026-05-10T12:15:00,Ring Road - Moneeb,"29.9881,31.2227",29.9881,31.2227,48,79,50,0.869403,False
2026-05-10T12:30:00,Gamaat El Dowal St,"30.0543,31.2005",30.0543,31.2005,56,79,66,0.991316,False
2026-05-10T12:45:00,Faisal Street,"30.0051,31.1574",30.0051,31.1574,51,78,17,0.900392,False
2026-05-10T13:00:00,North 90th Street,"30.0308,31.4721",30.0308,31.4721,41,59,15,0.894347,False
2026-05-10T13:15:00,South 90th Street,"30.0195,31.4326",30.0195,31.4326,30,57,62,0.90779,False
2026-05-10T13:30:00,Ring Road - Maadi,"29.9544,31.2858",29.9544,31.2858,45,73,11,0.996938,False
2026-05-10T13:45:00,October Bridge,"30.0526,31.2372",30.0526,31.2372,65,65,61,0.851156,False
2026-05-10T14:00:00,26th July Corridor,"30.0381,31.0264",30.0381,31.0264,26,67,65,0.9939,False
2026-05-10T14:15:00,Abbas El Akkad,"30.0631,31.3341",30.0631,31.3341,55,66,78,0.897562,False
2026-05-10T14:30:00,Galaa Square,"30.0398,31.2188",30.0398,31.2188,30,64,30,0.850983,False
2026-05-10T14:45:00,Salah Salem,"30.0645,31.282",30.0645,31.282,57,66,65,0.883607,False
2026-05-10T15:00:00,Autostrad - Sheraton,"30.1065,31.3711",30.1065,31.3711,27,55,65,0.953452,False
2026-05-10T15:15:00,Tahrir Square,"30.0444,31.2357",30.0444,31.2357,52,75,80,0.979302,False
2026-05-10T15:30:00,Corniche El Nil,"30.0263,31.2268",30.0263,31.2268,32,61,21,0.877328,False
2026-05-10T15:45:00,Mosheer Tantawy Axis,"30.0242,31.3486",30.0242,31.3486,64,64,55,0.868611,False
2026-05-10T16:00:00,Rod El Farag Axis,"30.0881,31.2185",30.0881,31.2185,22,56,113,0.870656,False
2026-05-10T16:15:00,Ring Road - Marg,"30.1554,31.3323",30.1554,31.3323,35,70,73,0.928311,False
2026-05-10T16:30:00,Ring Road - Moneeb,"29.9881,31.2227",29.9881,31.2227,34,68,95,0.881694,False
2026-05-10T16:45:00,Gamaat El Dowal St,"30.0543,31.2005",30.0543,31.2005,16,77,94,0.954056,False
2026-05-10T17:00:00,Faisal Street,"30.0051,31.1574",30.0051,31.1574,34,60,65,0.88592,False
2026-05-10T17:15:00,North 90th Street,"30.0308,31.4721",30.0308,31.4721,28,73,61,0.9184,False
2026-05-10T17:30:00,South 90th Street,"30.0195,31.4326",30.0195,31.4326,18,63,71,0.871619,False
2026-05-10T17:45:00,Ring Road - Maadi,"29.9544,31.2858",29.9544,31.2858,29,77,108,0.935724,False
2026-05-10T18:00:00,October Bridge,"30.0526,31.2372",30.0526,31.2372,23,76,66,0.877303,False
2026-05-10T18:15:00,26th July Corridor,"30.0381,31.0264",30.0381,31.0264,20,73,67,0.93037,False
2026-05-10T18:30:00,Abbas El Akkad,"30.0631,31.3341",30.0631,31.3341,13,72,56,0.8831,False
2026-05-10T18:45:00,Galaa Square,"30.0398,31.2188",30.0398,31.2188,18,70,118,0.952152,False
2026-05-10T19:00:00,Salah Salem,"30.0645,31.282",30.0645,31.282,24,73,69,0.872266,False
2026-05-10T19:15:00,Autostrad - Sheraton,"30.1065,31.3711",30.1065,31.3711,20,78,114,0.916942,False
2026-05-10T19:30:00,Tahrir Square,"30.0444,31.2357",30.0444,31.2357,35,68,110,0.91725,False
2026-05-10T19:45:00,Corniche El Nil,"30.0263,31.2268",30.0263,31.2268,18,60,51,0.915289,False
2026-05-10T20:00:00,Mosheer Tantawy Axis,"30.0242,31.3486",30.0242,31.3486,23,60,120,0.993213,False
2026-05-10T20:15:00,Rod El Farag Axis,"30.0881,31.2185",30.0881,31.2185,23,68,62,0.924478,False
2026-05-10T20:30:00,Ring Road - Marg,"30.1554,31.3323",30.1554,31.3323,30,80,40,0.986439,False
2026-05-10T20:45:00,Ring Road - Moneeb,"29.9881,31.2227",29.9881,31.2227,13,76,106,0.863112,False
2026-05-10T21:00:00,Gamaat El Dowal St,"30.0543,31.2005",30.0543,31.2005,62,62,24,0.94621,False
2026-05-10T21:15:00,Faisal Street,"30.0051,31.1574",30.0051,31.1574,50,60,73,0.903742,False
2026-05-10T21:30:00,North 90th Street,"30.0308,31.4721",30.0308,31.4721,58,66,30,0.962142,False
2026-05-10T21:45:00,South 90th Street,"30.0195,31.4326",30.0195,31.4326,29,72,49,0.901946,False
2026-05-10T22:00:00,Ring Road - Maadi,"29.9544,31.2858",29.9544,31.2858,52,80,35,0.920438,False
2026-05-10T22:15:00,October Bridge,"30.0526,31.2372",30.0526,31.2372,32,71,69,0.853526,False
2026-05-10T22:30:00,26th July Corridor,"30.0381,31.0264",30.0381,31.0264,28,69,11,0.964574,False
2026-05-10T22:45:00,Abbas El Akkad,"30.0631,31.3341",30.0631,31.3341,30,56,35,0.999284,False
2026-05-10T23:00:00,Galaa Square,"30.0398,31.2188",30.0398,31.2188,53,60,15,0.87546,False
2026-05-10T23:15:00,Salah Salem,"30.0645,31.282",30.0645,31.282,32,79,64,0.949364,False
2026-05-10T23:30:00,Autostrad - Sheraton,"30.1065,31.3711",30.1065,31.3711,33,56,19,0.943681,False
2026-05-10T23:45:00,Tahrir Square,"30.0444,31.2357",30.0444,31.2357,50,75,14,0.973008,False
2026-05-11T00:00:00,Corniche El Nil,"30.0263,31.2268",30.0263,31.2268,48,68,34,0.983657,False
2026-05-11T00:15:00,Mosheer Tantawy Axis,"30.0242,31.3486",30.0242,31.3486,45,65,65,0.919612,False
2026-05-11T00:30:00,Rod El Farag Axis,"30.0881,31.2185",30.0881,31.2185,63,66,76,0.962784,False
2026-05-11T00:45:00,Ring Road - Marg,"30.1554,31.3323",30.1554,31.3323,42,57,32,0.988788,False
2026-05-11T01:00:00,Ring Road - Moneeb,"29.9881,31.2227",29.9881,31.2227,50,60,21,0.967312,False
2026-05-11T01:15:00,Gamaat El Dowal St,"30.0543,31.2005",30.0543,31.2005,60,60,74,0.88135,False
2026-05-11T01:30:00,Faisal Street,"30.0051,31.1574",30.0051,31.1574,47,66,57,0.874248,False
2026-05-11T01:45:00,North 90th Street,"30.0308,31.4721",30.0308,31.4721,56,76,32,0.981336,False
2026-05-11T02:00:00,South 90th Street,"30.0195,31.4326",30.0195,31.4326,60,71,26,0.891698,False
2026-05-11T02:15:00,Ring Road - Maadi,"29.9544,31.2858",29.9544,31.2858,65,78,65,0.989545,False
2026-05-11T02:30:00,October Bridge,"30.0526,31.2372",30.0526,31.2372,53,71,22,0.967097,False
2026-05-11T02:45:00,26th July Corridor,"30.0381,31.0264",30.0381,31.0264,65,65,55,0.907784,False
2026-05-11T03:00:00,Abbas El Akkad,"30.0631,31.3341",30.0631,31.3341,45,58,70,0.943623,False
2026-05-11T03:15:00,Galaa Square,"30.0398,31.2188",30.0398,31.2188,36,56,26,0.992501,False
2026-05-11T03:30:00,Salah Salem,"30.0645,31.282",30.0645,31.282,30,72,73,0.971805,False
2026-05-11T03:45:00,Autostrad - Sheraton,"30.1065,31.3711",30.1065,31.3711,35,80,57,0.879583,False
2026-05-11T04:00:00,Tahrir Square,"30.0444,31.2357",30.0444,31.2357,42,75,39,0.94275,False
2026-05-11T04:15:00,Corniche El Nil,"30.0263,31.2268",30.0263,31.2268,25,63,52,0.960126,False
2026-05-11T04:30:00,Mosheer Tantawy Axis,"30.0242,31.3486",30.0242,31.3486,26,66,18,0.9399,False
2026-05-11T04:45:00,Rod El Farag Axis,"30.0881,31.2185",30.0881,31.2185,45,55,16,0.866022,False
2026-05-11T05:00:00,Ring Road - Marg,"30.1554,31.3323",30.1554,31.3323,25,78,26,0.977652,False
2026-05-11T05:15:00,Ring Road - Moneeb,"29.9881,31.2227",29.9881,31.2227,31,57,77,0.937469,False
2026-05-11T05:30:00,Gamaat El Dowal St,"30.0543,31.2005",30.0543,31.2005,49,73,68,0.861315,False
2026-05-11T05:45:00,Faisal Street,"30.0051,31.1574",30.0051,31.1574,63,68,18,0.932941,False
2026-05-11T06:00:00,North 90th Street,"30.0308,31.4721",30.0308,31.4721,62,62,62,0.933982,False
2026-05-11T06:15:00,South 90th Street,"30.0195,31.4326",30.0195,31.4326,53,72,59,0.918264,False
2026-05-11T06:30:00,Ring Road - Maadi,"29.9544,31.2858",29.9544,31.2858,64,80,71,0.942369,False
2026-05-11T06:45:00,October Bridge,"30.0526,31.2372",30.0526,31.2372,48,59,25,0.931766,False
2026-05-11T07:00:00,26th July Corridor,"30.0381,31.0264",30.0381,31.0264,22,56,104,0.853276,False
2026-05-11T07:15:00,Abbas El Akkad,"30.0631,31.3341",30.0631,31.3341,18,65,96,0.879991,False
2026-05-11T07:30:00,Galaa Square,"30.0398,31.2188",30.0398,31.2188,14,77,111,0.888456,False
2026-05-11T07:45:00,Salah Salem,"30.0645,31.282",30.0645,31.282,28,64,96,0.894457,False
2026-05-11T08:00:00,Autostrad - Sheraton,"30.1065,31.3711",30.1065,31.3711,31,66,50,0.873061,False
2026-05-11T08:15:00,Tahrir Square,"30.0444,31.2357",30.0444,31.2357,14,58,75,0.947278,False
2026-05-11T08:30:00,Corniche El Nil,"30.0263,31.2268",30.0263,31.2268,26,61,114,0.99321,False
2026-05-11T08:45:00,Mosheer Tantawy Axis,"30.0242,31.3486",30.0242,31.3486,21,80,65,0.916898,False
2026-05-11T09:00:00,Rod El Farag Axis,"30.0881,31.2185",30.0881,31.2185,18,62,69,0.94946,False
2026-05-11T09:15:00,Ring Road - Marg,"30.1554,31.3323",30.1554,31.3323,28,63,68,0.932066,False
2026-05-11T09:30:00,Ring Road - Moneeb,"29.9881,31.2227",29.9881,31.2227,15,70,94,0.966761,False
2026-05-11T09:45:00,Gamaat El Dowal St,"30.0543,31.2005",30.0543,31.2005,18,71,86,0.95804,False
2026-05-11T10:00:00,Faisal Street,"30.0051,31.1574",30.0051,31.1574,13,68,106,0.919015,False
2026-05-11T10:15:00,North 90th Street,"30.0308,31.4721",30.0308,31.4721,34,71,77,0.879693,False
2026-05-11T10:30:00,South 90th Street,"30.0195,31.4326",30.0195,31.4326,32,74,86,0.927078,False
2026-05-11T10:45:00,Ring Road - Maadi,"29.9544,31.2858",29.9544,31.2858,18,76,106,0.865513,False
2026-05-11T11:00:00,October Bridge,"30.0526,31.2372",30.0526,31.2372,64,74,73,0.925996,False
2026-05-11T11:15:00,26th July Corridor,"30.0381,31.0264",30.0381,31.0264,51,64,36,0.917873,False
2026-05-11T11:30:00,Abbas El Akkad,"30.0631,31.3341",30.0631,31.3341,43,80,76,0.925877,False
2026-05-11T11:45:00,Galaa Square,"30.0398,31.2188",30.0398,31.2188,41,74,17,0.911885,False
2026-05-11T12:00:00,Salah Salem,"30.0645,31.282",30.0645,31.282,61,63,28,0.877465,False
2026-05-11T12:15:00,Autostrad - Sheraton,"30.1065,31.3711",30.1065,31.3711,61,77,37,0.909705,False
2026-05-11T12:30:00,Tahrir Square,"30.0444,31.2357",30.0444,31.2357,36,78,16,0.943348,False
2026-05-11T12:45:00,Corniche El Nil,"30.0263,31.2268",30.0263,31.2268,38,70,64,0.854853,False
2026-05-11T13:00:00,Mosheer Tantawy Axis,"30.0242,31.3486",30.0242,31.3486,35,77,40,0.972137,False
2026-05-11T13:15:00,Rod El Farag Axis,"30.0881,31.2185",30.0881,31.2185,41,75,66,0.85293,False
2026-05-11T13:30:00,Ring Road - Marg,"30.1554,31.3323",30.1554,31.3323,64,64,42,0.896595,False
2026-05-11T13:45:00,Ring Road - Moneeb,"29.9881,31.2227",29.9881,31.2227,61,68,54,0.959656,False
2026-05-11T14:00:00,Gamaat El Dowal St,"30.0543,31.2005",30.0543,31.2005,40,64,57,0.990318,False
2026-05-11T14:15:00,Faisal Street,"30.0051,31.1574",30.0051,31.1574,52,78,15,0.89979,False
2026-05-11T14:30:00,North 90th Street,"30.0308,31.4721",30.0308,31.4721,54,74,68,0.897885,False
2026-05-11T14:45:00,South 90th Street,"30.0195,31.4326",30.0195,31.4326,38,63,57,0.936738,False
2026-05-11T15:00:00,Ring Road - Maadi,"29.9544,31.2858",29.9544,31.2858,30,71,33,0.855618,False
2026-05-11T15:15:00,October Bridge,"30.0526,31.2372",30.0526,31.2372,51,70,29,0.91203,False
2026-05-11T15:30:00,26th July Corridor,"30.0381,31.0264",30.0381,31.0264,34,59,26,0.929171,False
2026-05-11T15:45:00,Abbas El Akkad,"30.0631,31.3341",30.0631,31.3341,34,64,54,0.951989,False
2026-05-11T16:00:00,Galaa Square,"30.0398,31.2188",30.0398,31.2188,26,75,109,0.899345,False
2026-05-11T16:15:00,Salah Salem,"30.0645,31.282",30.0645,31.282,31,80,75,0.924251,False
2026-05-11T16:30:00,Autostrad - Sheraton,"30.1065,31.3711",30.1065,31.3711,11,73,70,0.934852,False
2026-05-11T16:45:00,Tahrir Square,"30.0444,31.2357",30.0444,31.2357,16,76,79,0.852567,False
2026-05-11T17:00:00,Corniche El Nil,"30.0263,31.2268",30.0263,31.2268,21,80,53,0.891065,False
2026-05-11T17:15:00,Mosheer Tantawy Axis,"30.0242,31.3486",30.0242,31.3486,27,64,105,0.92775,False
2026-05-11T17:30:00,Rod El Farag Axis,"30.0881,31.2185",30.0881,31.2185,16,56,79,0.930315,False
2026-05-11T17:45:00,Ring Road - Marg,"30.1554,31.3323",30.1554,31.3323,19,71,99,0.928829,False
2026-05-11T18:00:00,Ring Road - Moneeb,"29.9881,31.2227",29.9881,31.2227,13,79,120,0.899613,False
2026-05-11T18:15:00,Gamaat El Dowal St,"30.0543,31.2005",30.0543,31.2005,28,64,76,0.989139,False
2026-05-11T18:30:00,Faisal Street,"30.0051,31.1574",30.0051,31.1574,18,79,104,0.879373,False
2026-05-11T18:45:00,North 90th Street,"30.0308,31.4721",30.0308,31.4721,22,78,48,0.951828,False
2026-05-11T19:00:00,South 90th Street,"30.0195,31.4326",30.0195,31.4326,23,61,106,0.860602,False
2026-05-11T19:15:00,Ring Road - Maadi,"29.9544,31.2858",29.9544,31.2858,30,76,62,0.866095,False
2026-05-11T19:30:00,October Bridge,"30.0526,31.2372",30.0526,31.2372,30,73,89,0.985107,False
2026-05-11T19:45:00,26th July Corridor,"30.0381,31.0264",30.0381,31.0264,17,73,99,0.890122,False
2026-05-11T20:00:00,Abbas El Akkad,"30.0631,31.3341",30.0631,31.3341,10,67,104,0.895938,False
2026-05-11T20:15:00,Galaa Square,"30.0398,31.2188",30.0398,31.2188,18,64,44,0.880698,False
2026-05-11T20:30:00,Salah Salem,"30.0645,31.282",30.0645,31.282,31,55,92,0.994484,False
2026-05-11T20:45:00,Autostrad - Sheraton,"30.1065,31.3711",30.1065,31.3711,14,71,61,0.99673,False
2026-05-11T21:00:00,Tahrir Square,"30.0444,31.2357",30.0444,31.2357,56,58,13,0.95617,False
2026-05-11T21:15:00,Corniche El Nil,"30.0263,31.2268",30.0263,31.2268,32,77,53,0.997288,False
2026-05-11T21:30:00,Mosheer Tantawy Axis,"30.0242,31.3486",30.0242,31.3486,25,67,30,0.941202,False
2026-05-11T21:45:00,Rod El Farag Axis,"30.0881,31.2185",30.0881,31.2185,49,73,17,0.939477,False
2026-05-11T22:00:00,Ring Road - Marg,"30.1554,31.3323",30.1554,31.3323,57,59,36,0.977283,False
2026-05-11T22:15:00,Ring Road - Moneeb,"29.9881,31.2227",29.9881,31.2227,30,69,69,0.987132,False
2026-05-11T22:30:00,Gamaat El Dowal St,"30.0543,31.2005",30.0543,31.2005,44,70,50,0.973714,False
2026-05-11T22:45:00,Faisal Street,"30.0051,31.1574",30.0051,31.1574,30,60,12,0.931069,False
2026-05-11T23:00:00,North 90th Street,"30.0308,31.4721",30.0308,31.4721,26,60,54,0.981466,False
2026-05-11T23:15:00,South 90th Street,"30.0195,31.4326",30.0195,31.4326,53,58,13,0.902002,False
2026-05-11T23:30:00,Ring Road - Maadi,"29.9544,31.2858",29.9544,31.2858,48,56,26,0.870644,False
2026-05-11T23:45:00,October Bridge,"30.0526,31.2372",30.0526,31.2372,36,59,70,0.855603,False
2026-05-12T00:00:00,26th July Corridor,"30.0381,31.0264",30.0381,31.0264,34,72,41,0.886033,False
2026-05-12T00:15:00,Abbas El Akkad,"30.0631,31.3341",30.0631,31.3341,44,76,18,0.868975,False
2026-05-12T00:30:00,Galaa Square,"30.0398,31.2188",30.0398,31.2188,62,72,65,0.862097,False
2026-05-12T00:45:00,Salah Salem,"30.0645,31.282",30.0645,31.282,37,58,17,0.902841,False
2026-05-12T01:00:00,Autostrad - Sheraton,"30.1065,31.3711",30.1065,31.3711,55,75,11,0.873056,False
2026-05-12T01:15:00,Tahrir Square,"30.0444,31.2357",30.0444,31.2357,36,57,21,0.991362,False
2026-05-12T01:30:00,Corniche El Nil,"30.0263,31.2268",30.0263,31.2268,31,56,51,0.95845,False
2026-05-12T01:45:00,Mosheer Tantawy Axis,"30.0242,31.3486",30.0242,31.3486,44,55,44,0.869372,False
2026-05-12T02:00:00,Rod El Farag Axis,"30.0881,31.2185",30.0881,31.2185,28,77,51,0.872795,False
2026-05-12T02:15:00,Ring Road - Marg,"30.1554,31.3323",30.1554,31.3323,60,63,28,0.91217,False
2026-05-12T02:30:00,Ring Road - Moneeb,"29.9881,31.2227",29.9881,31.2227,51,72,39,0.89952,False
2026-05-12T02:45:00,Gamaat El Dowal St,"30.0543,31.2005",30.0543,31.2005,41,72,35,0.940765,False
2026-05-12T03:00:00,Faisal Street,"30.0051,31.1574",30.0051,31.1574,28,80,58,0.910575,False
2026-05-12T03:15:00,North 90th Street,"30.0308,31.4721",30.0308,31.4721,31,61,45,0.957274,False
2026-05-12T03:30:00,South 90th Street,"30.0195,31.4326",30.0195,31.4326,27,74,32,0.872226,False
2026-05-12T03:45:00,Ring Road - Maadi,"29.9544,31.2858",29.9544,31.2858,65,65,35,0.856159,False
2026-05-12T04:00:00,October Bridge,"30.0526,31.2372",30.0526,31.2372,38,71,63,0.935482,False
2026-05-12T04:15:00,26th July Corridor,"30.0381,31.0264",30.0381,31.0264,57,57,78,0.862276,False
2026-05-12T04:30:00,Abbas El Akkad,"30.0631,31.3341",30.0631,31.3341,63,67,15,0.924886,False
2026-05-12T04:45:00,Galaa Square,"30.0398,31.2188",30.0398,31.2188,65,65,62,0.881366,False
2026-05-12T05:00:00,Salah Salem,"30.0645,31.282",30.0645,31.282,30,66,63,0.908955,False
2026-05-12T05:15:00,Autostrad - Sheraton,"30.1065,31.3711",30.1065,31.3711,29,80,51,0.911639,False
2026-05-12T05:30:00,Tahrir Square,"30.0444,31.2357",30.0444,31.2357,42,73,72,0.996935,False
2026-05-12T05:45:00,Corniche El Nil,"30.0263,31.2268",30.0263,31.2268,32,65,78,0.975916,False
2026-05-12T06:00:00,Mosheer Tantawy Axis,"30.0242,31.3486",30.0242,31.3486,62,66,66,0.944046,False
2026-05-12T06:15:00,Rod El Farag Axis,"30.0881,31.2185",30.0881,31.2185,61,61,80,0.8805,False
2026-05-12T06:30:00,Ring Road - Marg,"30.1554,31.3323",30.1554,31.3323,31,56,71,0.911329,False
2026-05-12T06:45:00,Ring Road - Moneeb,"29.9881,31.2227",29.9881,31.2227,57,59,43,0.857982,False
2026-05-12T07:00:00,Gamaat El Dowal St,"30.0543,31.2005",30.0543,31.2005,22,55,62,0.974711,False
2026-05-12T07:15:00,Faisal Street,"30.0051,31.1574",30.0051,31.1574,23,74,119,0.887838,False
2026-05-12T07:30:00,North 90th Street,"30.0308,31.4721",30.0308,31.4721,26,55,73,0.940606,False
2026-05-12T07:45:00,South 90th Street,"30.0195,31.4326",30.0195,31.4326,17,76,50,0.917604,False
2026-05-12T08:00:00,Ring Road - Maadi,"29.9544,31.2858",29.9544,31.2858,35,79,99,0.979521,False
2026-05-12T08:15:00,October Bridge,"30.0526,31.2372",30.0526,31.2372,13,78,44,0.853953,False
2026-05-12T08:30:00,26th July Corridor,"30.0381,31.0264",30.0381,31.0264,32,71,58,0.973917,False
2026-05-12T08:45:00,Abbas El Akkad,"30.0631,31.3341",30.0631,31.3341,12,59,95,0.985423,False
2026-05-12T09:00:00,Galaa Square,"30.0398,31.2188",30.0398,31.2188,26,69,102,0.884185,False
2026-05-12T09:15:00,Salah Salem,"30.0645,31.282",30.0645,31.282,25,73,103,0.926006,False
2026-05-12T09:30:00,Autostrad - Sheraton,"30.1065,31.3711",30.1065,31.3711,15,77,82,0.871573,False
2026-05-12T09:45:00,Tahrir Square,"30.0444,31.2357",30.0444,31.2357,19,80,97,0.916337,False
2026-05-12T10:00:00,Corniche El Nil,"30.0263,31.2268",30.0263,31.2268,13,62,105,0.979324,False
2026-05-12T10:15:00,Mosheer Tantawy Axis,"30.0242,31.3486",30.0242,31.3486,27,65,82,0.960335,False
2026-05-12T10:30:00,Rod El Farag Axis,"30.0881,31.2185",30.0881,31.2185,25,61,65,0.916078,False
2026-05-12T10:45:00,Ring Road - Marg,"30.1554,31.3323",30.1554,31.3323,24,76,86,0.912263,False
2026-05-12T11:00:00,Ring Road - Moneeb,"29.9881,31.2227",29.9881,31.2227,60,60,14,0.912653,False
2026-05-12T11:15:00,Gamaat El Dowal St,"30.0543,31.2005",30.0543,31.2005,44,61,63,0.854684,False
2026-05-12T11:30:00,Faisal Street,"30.0051,31.1574",30.0051,31.1574,28,71,71,0.896305,False
2026-05-12T11:45:00,North 90th Street,"30.0308,31.4721",30.0308,31.4721,36,59,44,0.892131,False
2026-05-12T12:00:00,South 90th Street,"30.0195,31.4326",30.0195,31.4326,45,68,66,0.94522,False
2026-05-12T12:15:00,Ring Road - Maadi,"29.9544,31.2858",29.9544,31.2858,49,71,33,0.920851,False
2026-05-12T12:30:00,October Bridge,"30.0526,31.2372",30.0526,31.2372,52,64,61,0.902864,False
2026-05-12T12:45:00,26th July Corridor,"30.0381,31.0264",30.0381,31.0264,42,68,75,0.851556,False
2026-05-12T13:00:00,Abbas El Akkad,"30.0631,31.3341",30.0631,31.3341,61,79,18,0.871439,False
2026-05-12T13:15:00,Galaa Square,"30.0398,31.2188",30.0398,31.2188,59,62,60,0.897529,False
2026-05-12T13:30:00,Salah Salem,"30.0645,31.282",30.0645,31.282,30,55,74,0.861699,False
2026-05-12T13:45:00,Autostrad - Sheraton,"30.1065,31.3711",30.1065,31.3711,25,77,20,0.892816,False
2026-05-12T14:00:00,Tahrir Square,"30.0444,31.2357",30.0444,31.2357,35,62,79,0.856835,False
2026-05-12T14:15:00,Corniche El Nil,"30.0263,31.2268",30.0263,31.2268,54,67,67,0.986172,False
2026-05-12T14:30:00,Mosheer Tantawy Axis,"30.0242,31.3486",30.0242,31.3486,26,79,61,0.892661,False
2026-05-12T14:45:00,Rod El Farag Axis,"30.0881,31.2185",30.0881,31.2185,52,63,74,0.934993,False
2026-05-12T15:00:00,Ring Road - Marg,"30.1554,31.3323",30.1554,31.3323,37,79,42,0.936678,False
2026-05-12T15:15:00,Ring Road - Moneeb,"29.9881,31.2227",29.9881,31.2227,46,63,56,0.980403,False
2026-05-12T15:30:00,Gamaat El Dowal St,"30.0543,31.2005",30.0543,31.2005,63,71,17,0.883203,False
2026-05-12T15:45:00,Faisal Street,"30.0051,31.1574",30.0051,31.1574,48,61,19,0.919273,False
2026-05-12T16:00:00,North 90th Street,"30.0308,31.4721",30.0308,31.4721,12,79,82,0.866509,False
2026-05-12T16:15:00,South 90th Street,"30.0195,31.4326",30.0195,31.4326,22,71,45,0.898769,False
2026-05-12T16:30:00,Ring Road - Maadi,"29.9544,31.2858",29.9544,31.2858,32,79,88,0.862511,False
2026-05-12T16:45:00,October Bridge,"30.0526,31.2372",30.0526,31.2372,23,60,65,0.952247,False
2026-05-12T17:00:00,26th July Corridor,"30.0381,31.0264",30.0381,31.0264,19,56,97,0.920524,False
2026-05-12T17:15:00,Abbas El Akkad,"30.0631,31.3341",30.0631,31.3341,18,71,85,0.937528,False
2026-05-12T17:30:00,Galaa Square,"30.0398,31.2188",30.0398,31.2188,15,68,111,0.983833,False
2026-05-12T17:45:00,Salah Salem,"30.0645,31.282",30.0645,31.282,28,69,53,0.861322,False
2026-05-12T18:00:00,Autostrad - Sheraton,"30.1065,31.3711",30.1065,31.3711,34,72,64,0.888597,False
2026-05-12T18:15:00,Tahrir Square,"30.0444,31.2357",30.0444,31.2357,28,75,82,0.982036,False
2026-05-12T18:30:00,Corniche El Nil,"30.0263,31.2268",30.0263,31.2268,19,59,77,0.958814,False
2026-05-12T18:45:00,Mosheer Tantawy Axis,"30.0242,31.3486",30.0242,31.3486,11,58,77,0.868993,False
2026-05-12T19:00:00,Rod El Farag Axis,"30.0881,31.2185",30.0881,31.2185,15,73,81,0.949991,False
2026-05-12T19:15:00,Ring Road - Marg,"30.1554,31.3323",30.1554,31.3323,32,67,60,0.997634,False
2026-05-12T19:30:00,Ring Road - Moneeb,"29.9881,31.2227",29.9881,31.2227,16,79,46,0.917803,False
2026-05-12T19:45:00,Gamaat El Dowal St,"30.0543,31.2005",30.0543,31.2005,19,74,99,0.85723,False
2026-05-12T20:00:00,Faisal Street,"30.0051,31.1574",30.0051,31.1574,14,72,47,0.905778,False
2026-05-12T20:15:00,North 90th Street,"30.0308,31.4721",30.0308,31.4721,21,68,91,0.921857,False
2026-05-12T20:30:00,South 90th Street,"30.0195,31.4326",30.0195,31.4326,18,80,44,0.870109,False
2026-05-12T20:45:00,Ring Road - Maadi,"29.9544,31.2858",29.9544,31.2858,24,66,97,0.915801,False
2026-05-12T21:00:00,October Bridge,"30.0526,31.2372",30.0526,31.2372,57,67,66,0.913916,False
2026-05-12T21:15:00,26th July Corridor,"30.0381,31.0264",30.0381,31.0264,30,64,14,0.861237,False
2026-05-12T21:30:00,Abbas El Akkad,"30.0631,31.3341",30.0631,31.3341,58,69,79,0.997684,False
2026-05-12T21:45:00,Galaa Square,"30.0398,31.2188",30.0398,31.2188,55,66,51,0.983609,False
2026-05-12T22:00:00,Salah Salem,"30.0645,31.282",30.0645,31.282,43,72,53,0.982161,False
2026-05-12T22:15:00,Autostrad - Sheraton,"30.1065,31.3711",30.1065,31.3711,44,71,62,0.979889,False
2026-05-12T22:30:00,Tahrir Square,"30.0444,31.2357",30.0444,31.2357,62,62,63,0.925351,False
2026-05-12T22:45:00,Corniche El Nil,"30.0263,31.2268",30.0263,31.2268,54,68,20,0.890648,False
2026-05-12T23:00:00,Mosheer Tantawy Axis,"30.0242,31.3486",30.0242,31.3486,59,71,69,0.893158,False
2026-05-12T23:15:00,Rod El Farag Axis,"30.0881,31.2185",30.0881,31.2185,55,79,80,0.960792,False
2026-05-12T23:30:00,Ring Road - Marg,"30.1554,31.3323",30.1554,31.3323,61,61,50,0.95947,False
2026-05-12T23:45:00,Ring Road - Moneeb,"29.9881,31.2227",29.9881,31.2227,29,77,58,0.89595,False
2026-05-13T00:00:00,Gamaat El Dowal St,"30.0543,31.2005",30.0543,31.2005,47,62,18,0.916004,False
2026-05-13T00:15:00,Faisal Street,"30.0051,31.1574",30.0051,31.1574,39,57,27,0.856905,False
2026-05-13T00:30:00,North 90th Street,"30.0308,31.4721",30.0308,31.4721,34,77,36,0.983361,False
2026-05-13T00:45:00,South 90th Street,"30.0195,31.4326",30.0195,31.4326,53,71,20,0.867293,False
2026-05-13T01:00:00,Ring Road - Maadi,"29.9544,31.2858",29.9544,31.2858,26,60,22,0.889299,False
2026-05-13T01:15:00,October Bridge,"30.0526,31.2372",30.0526,31.2372,40,72,13,0.930711,False
2026-05-13T01:30:00,26th July Corridor,"30.0381,31.0264",30.0381,31.0264,36,65,34,0.964494,False
2026-05-13T01:45:00,Abbas El Akkad,"30.0631,31.3341",30.0631,31.3341,64,64,67,0.85359,False
2026-05-13T02:00:00,Galaa Square,"30.0398,31.2188",30.0398,31.2188,48,74,29,0.866425,False
2026-05-13T02:15:00,Salah Salem,"30.0645,31.282",30.0645,31.282,33,73,59,0.981396,False
2026-05-13T02:30:00,Autostrad - Sheraton,"30.1065,31.3711",30.1065,31.3711,33,72,64,0.986926,False
2026-05-13T02:45:00,Tahrir Square,"30.0444,31.2357",30.0444,31.2357,52,73,67,0.888341,False
2026-05-13T03:00:00,Corniche El Nil,"30.0263,31.2268",30.0263,31.2268,35,78,20,0.998961,False
2026-05-13T03:15:00,Mosheer Tantawy Axis,"30.0242,31.3486",30.0242,31.3486,32,67,47,0.871459,False
2026-05-13T03:30:00,Rod El Farag Axis,"30.0881,31.2185",30.0881,31.2185,35,59,26,0.903285,False
2026-05-13T03:45:00,Ring Road - Marg,"30.1554,31.3323",30.1554,31.3323,31,72,30,0.988218,False
2026-05-13T04:00:00,Ring Road - Moneeb,"29.9881,31.2227",29.9881,31.2227,61,72,65,0.863445,False
2026-05-13T04:15:00,Gamaat El Dowal St,"30.0543,31.2005",30.0543,31.2005,56,73,68,0.916953,False
2026-05-13T04:30:00,Faisal Street,"30.0051,31.1574",30.0051,31.1574,34,59,21,0.992245,False
2026-05-13T04:45:00,North 90th Street,"30.0308,31.4721",30.0308,31.4721,41,67,71,0.886095,False
2026-05-13T05:00:00,South 90th Street,"30.0195,31.4326",30.0195,31.4326,62,65,60,0.955433,False
2026-05-13T05:15:00,Ring Road - Maadi,"29.9544,31.2858",29.9544,31.2858,65,65,56,0.94987,False
2026-05-13T05:30:00,October Bridge,"30.0526,31.2372",30.0526,31.2372,61,61,76,0.859866,False
2026-05-13T05:45:00,26th July Corridor,"30.0381,31.0264",30.0381,31.0264,46,70,48,0.884445,False
2026-05-13T06:00:00,Abbas El Akkad,"30.0631,31.3341",30.0631,31.3341,38,71,34,0.99692,False
2026-05-13T06:15:00,Galaa Square,"30.0398,31.2188",30.0398,31.2188,57,77,54,0.865909,False
2026-05-13T06:30:00,Salah Salem,"30.0645,31.282",30.0645,31.282,57,59,63,0.861035,False
2026-05-13T06:45:00,Autostrad - Sheraton,"30.1065,31.3711",30.1065,31.3711,48,65,71,0.969212,False
2026-05-13T07:00:00,Tahrir Square,"30.0444,31.2357",30.0444,31.2357,27,72,59,0.867607,False
2026-05-13T07:15:00,Corniche El Nil,"30.0263,31.2268",30.0263,31.2268,21,76,40,0.921291,False
2026-05-13T07:30:00,Mosheer Tantawy Axis,"30.0242,31.3486",30.0242,31.3486,27,78,102,0.937734,False
2026-05-13T07:45:00,Rod El Farag Axis,"30.0881,31.2185",30.0881,31.2185,18,65,82,0.857055,False
2026-05-13T08:00:00,Ring Road - Marg,"30.1554,31.3323",30.1554,31.3323,13,74,92,0.928185,False
2026-05-13T08:15:00,Ring Road - Moneeb,"29.9881,31.2227",29.9881,31.2227,23,68,110,0.888405,False
2026-05-13T08:30:00,Gamaat El Dowal St,"30.0543,31.2005",30.0543,31.2005,29,60,120,0.901335,False
2026-05-13T08:45:00,Faisal Street,"30.0051,31.1574",30.0051,31.1574,35,55,58,0.973858,False
2026-05-13T09:00:00,North 90th Street,"30.0308,31.4721",30.0308,31.4721,33,69,82,0.993376,False
2026-05-13T09:15:00,South 90th Street,"30.0195,31.4326",30.0195,31.4326,12,60,67,0.863905,False
2026-05-13T09:30:00,Ring Road - Maadi,"29.9544,31.2858",29.9544,31.2858,35,66,85,0.99884,False
2026-05-13T09:45:00,October Bridge,"30.0526,31.2372",30.0526,31.2372,14,79,55,0.880731,False
2026-05-13T10:00:00,26th July Corridor,"30.0381,31.0264",30.0381,31.0264,11,60,59,0.935218,False
2026-05-13T10:15:00,Abbas El Akkad,"30.0631,31.3341",30.0631,31.3341,11,58,59,0.922846,False
2026-05-13T10:30:00,Galaa Square,"30.0398,31.2188",30.0398,31.2188,25,79,58,0.902584,False
2026-05-13T10:45:00,Salah Salem,"30.0645,31.282",30.0645,31.282,23,56,93,0.988735,False
2026-05-13T11:00:00,Autostrad - Sheraton,"30.1065,31.3711",30.1065,31.3711,49,68,55,0.909354,False
2026-05-13T11:15:00,Tahrir Square,"30.0444,31.2357",30.0444,31.2357,49,69,24,0.909627,False
2026-05-13T11:30:00,Corniche El Nil,"30.0263,31.2268",30.0263,31.2268,50,75,70,0.935085,False
2026-05-13T11:45:00,Mosheer Tantawy Axis,"30.0242,31.3486",30.0242,31.3486,64,73,71,0.905106,False
2026-05-13T12:00:00,Rod El Farag Axis,"30.0881,31.2185",30.0881,31.2185,51,67,16,0.9226,False
2026-05-13T12:15:00,Ring Road - Marg,"30.1554,31.3323",30.1554,31.3323,56,80,79,0.935282,False
2026-05-13T12:30:00,Ring Road - Moneeb,"29.9881,31.2227",29.9881,31.2227,25,79,29,0.9182,False
2026-05-13T12:45:00,Gamaat El Dowal St,"30.0543,31.2005",30.0543,31.2005,34,59,68,0.8691,False
2026-05-13T13:00:00,Faisal Street,"30.0051,31.1574",30.0051,31.1574,51,79,66,0.998332,False
2026-05-13T13:15:00,North 90th Street,"30.0308,31.4721",30.0308,31.4721,46,77,71,0.995532,False
2026-05-13T13:30:00,South 90th Street,"30.0195,31.4326",30.0195,31.4326,52,76,42,0.850041,False
2026-05-13T13:45:00,Ring Road - Maadi,"29.9544,31.2858",29.9544,31.2858,55,67,36,0.905659,False
2026-05-13T14:00:00,October Bridge,"30.0526,31.2372",30.0526,31.2372,61,61,52,0.98394,False
2026-05-13T14:15:00,26th July Corridor,"30.0381,31.0264",30.0381,31.0264,40,80,28,0.969602,False
2026-05-13T14:30:00,Abbas El Akkad,"30.0631,31.3341",30.0631,31.3341,45,67,55,0.934965,False
2026-05-13T14:45:00,Galaa Square,"30.0398,31.2188",30.0398,31.2188,57,66,33,0.976046,False
2026-05-13T15:00:00,Salah Salem,"30.0645,31.282",30.0645,31.282,34,60,61,0.987024,False
2026-05-13T15:15:00,Autostrad - Sheraton,"30.1065,31.3711",30.1065,31.3711,46,67,21,0.895939,False
2026-05-13T15:30:00,Tahrir Square,"30.0444,31.2357",30.0444,31.2357,52,75,66,0.867565,False
2026-05-13T15:45:00,Corniche El Nil,"30.0263,31.2268",30.0263,31.2268,33,80,10,0.97126,False
2026-05-13T16:00:00,Mosheer Tantawy Axis,"30.0242,31.3486",30.0242,31.3486,12,55,93,0.874072,False
2026-05-13T16:15:00,Rod El Farag Axis,"30.0881,31.2185",30.0881,31.2185,33,79,112,0.882556,False
2026-05-13T16:30:00,Ring Road - Marg,"30.1554,31.3323",30.1554,31.3323,34,75,82,0.851024,False
2026-05-13T16:45:00,Ring Road - Moneeb,"29.9881,31.2227",29.9881,31.2227,32,65,101,0.944747,False
2026-05-13T17:00:00,Gamaat El Dowal St,"30.0543,31.2005",30.0543,31.2005,14,79,90,0.851424,False
2026-05-13T17:15:00,Faisal Street,"30.0051,31.1574",30.0051,31.1574,16,55,66,0.977971,False
2026-05-13T17:30:00,North 90th Street,"30.0308,31.4721",30.0308,31.4721,33,59,85,0.894457,False
2026-05-13T17:45:00,South 90th Street,"30.0195,31.4326",30.0195,31.4326,23,68,119,0.907297,False
2026-05-13T18:00:00,Ring Road - Maadi,"29.9544,31.2858",29.9544,31.2858,20,72,62,0.869645,False
2026-05-13T18:15:00,October Bridge,"30.0526,31.2372",30.0526,31.2372,21,77,83,0.937186,False
2026-05-13T18:30:00,26th July Corridor,"30.0381,31.0264",30.0381,31.0264,32,79,51,0.941037,False
2026-05-13T18:45:00,Abbas El Akkad,"30.0631,31.3341",30.0631,31.3341,12,62,116,0.892231,False
2026-05-13T19:00:00,Galaa Square,"30.0398,31.2188",30.0398,31.2188,20,75,80,0.857663,False
2026-05-13T19:15:00,Salah Salem,"30.0645,31.282",30.0645,31.282,35,80,112,0.960041,False
2026-05-13T19:30:00,Autostrad - Sheraton,"30.1065,31.3711",30.1065,31.3711,29,57,79,0.874071,False
2026-05-13T19:45:00,Tahrir Square,"30.0444,31.2357",30.0444,31.2357,13,66,119,0.94691,False
2026-05-13T20:00:00,Corniche El Nil,"30.0263,31.2268",30.0263,31.2268,13,80,42,0.976355,False
2026-05-13T20:15:00,Mosheer Tantawy Axis,"30.0242,31.3486",30.0242,31.3486,25,79,80,0.967394,False
2026-05-13T20:30:00,Rod El Farag Axis,"30.0881,31.2185",30.0881,31.2185,18,75,52,0.980185,False
2026-05-13T20:45:00,Ring Road - Marg,"30.1554,31.3323",30.1554,31.3323,14,72,52,0.959061,False
2026-05-13T21:00:00,Ring Road - Moneeb,"29.9881,31.2227",29.9881,31.2227,54,68,16,0.870148,False
2026-05-13T21:15:00,Gamaat El Dowal St,"30.0543,31.2005",30.0543,31.2005,26,70,72,0.991274,False
2026-05-13T21:30:00,Faisal Street,"30.0051,31.1574",30.0051,31.1574,65,80,77,0.93213,False
2026-05-13T21:45:00,North 90th Street,"30.0308,31.4721",30.0308,31.4721,35,80,75,0.966765,False
2026-05-13T22:00:00,South 90th Street,"30.0195,31.4326",30.0195,31.4326,62,74,24,0.890775,False
2026-05-13T22:15:00,Ring Road - Maadi,"29.9544,31.2858",29.9544,31.2858,48,64,15,0.853072,False
2026-05-13T22:30:00,October Bridge,"30.0526,31.2372",30.0526,31.2372,33,65,79,0.859345,False
2026-05-13T22:45:00,26th July Corridor,"30.0381,31.0264",30.0381,31.0264,45,65,79,0.898234,False
2026-05-13T23:00:00,Abbas El Akkad,"30.0631,31.3341",30.0631,31.3341,55,71,77,0.877744,False
2026-05-13T23:15:00,Galaa Square,"30.0398,31.2188",30.0398,31.2188,25,65,12,0.978567,False
2026-05-13T23:30:00,Salah Salem,"30.0645,31.282",30.0645,31.282,36,78,25,0.857869,False
2026-05-13T23:45:00,Autostrad - Sheraton,"30.1065,31.3711",30.1065,31.3711,36,59,23,0.856032,False
2026-05-14T00:00:00,Tahrir Square,"30.0444,31.2357",30.0444,31.2357,48,68,33,0.96578,False
2026-05-14T00:15:00,Corniche El Nil,"30.0263,31.2268",30.0263,31.2268,52,64,37,0.964599,False
2026-05-14T00:30:00,Mosheer Tantawy Axis,"30.0242,31.3486",30.0242,31.3486,54,60,55,0.951066,False
2026-05-14T00:45:00,Rod El Farag Axis,"30.0881,31.2185",30.0881,31.2185,29,58,61,0.909217,False
2026-05-14T01:00:00,Ring Road - Marg,"30.1554,31.3323",30.1554,31.3323,55,78,56,0.937424,False
2026-05-14T01:15:00,Ring Road - Moneeb,"29.9881,31.2227",29.9881,31.2227,44,65,45,0.976494,False
2026-05-14T01:30:00,Gamaat El Dowal St,"30.0543,31.2005",30.0543,31.2005,47,69,39,0.998695,False
2026-05-14T01:45:00,Faisal Street,"30.0051,31.1574",30.0051,31.1574,63,63,63,0.967175,False
2026-05-14T02:00:00,North 90th Street,"30.0308,31.4721",30.0308,31.4721,29,75,48,0.881086,False
2026-05-14T02:15:00,South 90th Street,"30.0195,31.4326",30.0195,31.4326,45,56,46,0.856194,False
2026-05-14T02:30:00,Ring Road - Maadi,"29.9544,31.2858",29.9544,31.2858,28,78,15,0.970947,False
2026-05-14T02:45:00,October Bridge,"30.0526,31.2372",30.0526,31.2372,38,67,58,0.954279,False
2026-05-14T03:00:00,26th July Corridor,"30.0381,31.0264",30.0381,31.0264,51,71,12,0.900402,False
2026-05-14T03:15:00,Abbas El Akkad,"30.0631,31.3341",30.0631,31.3341,62,62,51,0.868418,False
2026-05-14T03:30:00,Galaa Square,"30.0398,31.2188",30.0398,31.2188,62,62,16,0.944012,False
2026-05-14T03:45:00,Salah Salem,"30.0645,31.282",30.0645,31.282,26,66,54,0.912951,False
2026-05-14T04:00:00,Autostrad - Sheraton,"30.1065,31.3711",30.1065,31.3711,29,70,17,0.862221,False
2026-05-14T04:15:00,Tahrir Square,"30.0444,31.2357",30.0444,31.2357,45,56,50,0.975549,False
2026-05-14T04:30:00,Corniche El Nil,"30.0263,31.2268",30.0263,31.2268,60,75,48,0.878625,False
2026-05-14T04:45:00,Mosheer Tantawy Axis,"30.0242,31.3486",30.0242,31.3486,29,55,22,0.895688,False
2026-05-14T05:00:00,Rod El Farag Axis,"30.0881,31.2185",30.0881,31.2185,62,62,12,0.973247,False
2026-05-14T05:15:00,Ring Road - Marg,"30.1554,31.3323",30.1554,31.3323,40,77,69,0.975202,False
2026-05-14T05:30:00,Ring Road - Moneeb,"29.9881,31.2227",29.9881,31.2227,57,66,56,0.927104,False
2026-05-14T05:45:00,Gamaat El Dowal St,"30.0543,31.2005",30.0543,31.2005,38,72,73,0.910936,False
2026-05-14T06:00:00,Faisal Street,"30.0051,31.1574",30.0051,31.1574,64,66,39,0.883593,False
2026-05-14T06:15:00,North 90th Street,"30.0308,31.4721",30.0308,31.4721,44,74,32,0.877529,False
2026-05-14T06:30:00,South 90th Street,"30.0195,31.4326",30.0195,31.4326,34,76,60,0.900755,False
2026-05-14T06:45:00,Ring Road - Maadi,"29.9544,31.2858",29.9544,31.2858,32,57,23,0.89345,False
2026-05-14T07:00:00,October Bridge,"30.0526,31.2372",30.0526,31.2372,32,67,70,0.98703,False
2026-05-14T07:15:00,26th July Corridor,"30.0381,31.0264",30.0381,31.0264,21,76,64,0.985367,False
2026-05-14T07:30:00,Abbas El Akkad,"30.0631,31.3341",30.0631,31.3341,31,69,66,0.882409,False
2026-05-14T07:45:00,Galaa Square,"30.0398,31.2188",30.0398,31.2188,30,58,64,0.92066,False
2026-05-14T08:00:00,Salah Salem,"30.0645,31.282",30.0645,31.282,28,77,81,0.88064,False
2026-05-14T08:15:00,Autostrad - Sheraton,"30.1065,31.3711",30.1065,31.3711,23,58,105,0.964842,False
2026-05-14T08:30:00,Tahrir Square,"30.0444,31.2357",30.0444,31.2357,19,78,84,0.930578,False
2026-05-14T08:45:00,Corniche El Nil,"30.0263,31.2268",30.0263,31.2268,24,75,92,0.870979,False
2026-05-14T09:00:00,Mosheer Tantawy Axis,"30.0242,31.3486",30.0242,31.3486,24,65,91,0.994865,False
2026-05-14T09:15:00,Rod El Farag Axis,"30.0881,31.2185",30.0881,31.2185,12,57,43,0.946131,False
2026-05-14T09:30:00,Ring Road - Marg,"30.1554,31.3323",30.1554,31.3323,29,70,115,0.928534,False
2026-05-14T09:45:00,Ring Road - Moneeb,"29.9881,31.2227",29.9881,31.2227,22,71,65,0.909772,False
2026-05-14T10:00:00,Gamaat El Dowal St,"30.0543,31.2005",30.0543,31.2005,26,61,52,0.915464,False
2026-05-14T10:15:00,Faisal Street,"30.0051,31.1574",30.0051,31.1574,15,57,89,0.96217,False
2026-05-14T10:30:00,North 90th Street,"30.0308,31.4721",30.0308,31.4721,22,62,104,0.87363,False
2026-05-14T10:45:00,South 90th Street,"30.0195,31.4326",30.0195,31.4326,10,58,90,0.865445,False
2026-05-14T11:00:00,Ring Road - Maadi,"29.9544,31.2858",29.9544,31.2858,51,57,27,0.870822,False
2026-05-14T11:15:00,October Bridge,"30.0526,31.2372",30.0526,31.2372,57,80,31,0.965519,False
2026-05-14T11:30:00,26th July Corridor,"30.0381,31.0264",30.0381,31.0264,41,62,19,0.963125,False
2026-05-14T11:45:00,Abbas El Akkad,"30.0631,31.3341",30.0631,31.3341,31,66,77,0.977115,False
2026-05-14T12:00:00,Galaa Square,"30.0398,31.2188",30.0398,31.2188,56,78,28,0.929099,False
2026-05-14T12:15:00,Salah Salem,"30.0645,31.282",30.0645,31.282,35,57,21,0.983501,False
2026-05-14T12:30:00,Autostrad - Sheraton,"30.1065,31.3711",30.1065,31.3711,46,65,53,0.92468,False
2026-05-14T12:45:00,Tahrir Square,"30.0444,31.2357",30.0444,31.2357,44,58,63,0.960845,False
2026-05-14T13:00:00,Corniche El Nil,"30.0263,31.2268",30.0263,31.2268,56,67,30,0.936265,False
2026-05-14T13:15:00,Mosheer Tantawy Axis,"30.0242,31.3486",30.0242,31.3486,34,78,19,0.969236,False
2026-05-14T13:30:00,Rod El Farag Axis,"30.0881,31.2185",30.0881,31.2185,44,66,65,0.950487,False
2026-05-14T13:45:00,Ring Road - Marg,"30.1554,31.3323",30.1554,31.3323,25,57,60,0.918461,False
2026-05-14T14:00:00,Ring Road - Moneeb,"29.9881,31.2227",29.9881,31.2227,48,76,78,0.852612,False
2026-05-14T14:15:00,Gamaat El Dowal St,"30.0543,31.2005",30.0543,31.2005,27,77,51,0.915024,False
2026-05-14T14:30:00,Faisal Street,"30.0051,31.1574",30.0051,31.1574,31,76,29,0.943315,False
2026-05-14T14:45:00,North 90th Street,"30.0308,31.4721",30.0308,31.4721,43,58,46,0.953178,False
2026-05-14T15:00:00,South 90th Street,"30.0195,31.4326",30.0195,31.4326,63,67,24,0.971039,False
2026-05-14T15:15:00,Ring Road - Maadi,"29.9544,31.2858",29.9544,31.2858,46,56,64,0.872264,False
2026-05-14T15:30:00,October Bridge,"30.0526,31.2372",30.0526,31.2372,54,74,67,0.873614,False
2026-05-14T15:45:00,26th July Corridor,"30.0381,31.0264",30.0381,31.0264,58,80,66,0.994185,False
2026-05-14T16:00:00,Abbas El Akkad,"30.0631,31.3341",30.0631,31.3341,16,57,110,0.936689,False
2026-05-14T16:15:00,Galaa Square,"30.0398,31.2188",30.0398,31.2188,35,79,119,0.944786,False
2026-05-14T16:30:00,Salah Salem,"30.0645,31.282",30.0645,31.282,33,61,42,0.876429,False
2026-05-14T16:45:00,Autostrad - Sheraton,"30.1065,31.3711",30.1065,31.3711,10,75,119,0.882878,False
2026-05-14T17:00:00,Tahrir Square,"30.0444,31.2357",30.0444,31.2357,32,71,111,0.95247,False
2026-05-14T17:15:00,Corniche El Nil,"30.0263,31.2268",30.0263,31.2268,31,73,102,0.994342,False
2026-05-14T17:30:00,Mosheer Tantawy Axis,"30.0242,31.3486",30.0242,31.3486,23,80,106,0.934052,False
2026-05-14T17:45:00,Rod El Farag Axis,"30.0881,31.2185",30.0881,31.2185,20,73,40,0.877621,False
2026-05-14T18:00:00,Ring Road - Marg,"30.1554,31.3323",30.1554,31.3323,15,62,120,0.970636,False
2026-05-14T18:15:00,Ring Road - Moneeb,"29.9881,31.2227",29.9881,31.2227,25,68,85,0.977469,False
2026-05-14T18:30:00,Gamaat El Dowal St,"30.0543,31.2005",30.0543,31.2005,25,57,116,0.980807,False
2026-05-14T18:45:00,Faisal Street,"30.0051,31.1574",30.0051,31.1574,10,66,68,0.91396,False
2026-05-14T19:00:00,North 90th Street,"30.0308,31.4721",30.0308,31.4721,30,61,43,0.934082,False
2026-05-14T19:15:00,South 90th Street,"30.0195,31.4326",30.0195,31.4326,16,79,80,0.975881,False
2026-05-14T19:30:00,Ring Road - Maadi,"29.9544,31.2858",29.9544,31.2858,15,68,86,0.907285,False
2026-05-14T19:45:00,October Bridge,"30.0526,31.2372",30.0526,31.2372,11,78,57,0.888146,False
2026-05-14T20:00:00,26th July Corridor,"30.0381,31.0264",30.0381,31.0264,35,55,61,0.939965,False
2026-05-14T20:15:00,Abbas El Akkad,"30.0631,31.3341",30.0631,31.3341,18,62,79,0.903761,False
2026-05-14T20:30:00,Galaa Square,"30.0398,31.2188",30.0398,31.2188,11,58,45,0.948695,False
2026-05-14T20:45:00,Salah Salem,"30.0645,31.282",30.0645,31.282,26,71,78,0.982776,False
2026-05-14T21:00:00,Autostrad - Sheraton,"30.1065,31.3711",30.1065,31.3711,32,61,79,0.949604,False
2026-05-14T21:15:00,Tahrir Square,"30.0444,31.2357",30.0444,31.2357,55,71,56,0.90402,False
2026-05-14T21:30:00,Corniche El Nil,"30.0263,31.2268",30.0263,31.2268,38,66,36,0.930632,False
2026-05-14T21:45:00,Mosheer Tantawy Axis,"30.0242,31.3486",30.0242,31.3486,26,59,56,0.971446,False
2026-05-14T22:00:00,Rod El Farag Axis,"30.0881,31.2185",30.0881,31.2185,30,80,39,0.861935,False
2026-05-14T22:15:00,Ring Road - Marg,"30.1554,31.3323",30.1554,31.3323,35,63,45,0.89128,False
2026-05-14T22:30:00,Ring Road - Moneeb,"29.9881,31.2227",29.9881,31.2227,55,75,52,0.900442,False
2026-05-14T22:45:00,Gamaat El Dowal St,"30.0543,31.2005",30.0543,31.2005,44,55,52,0.858239,False
2026-05-14T23:00:00,Faisal Street,"30.0051,31.1574",30.0051,31.1574,28,74,75,0.86839,False
2026-05-14T23:15:00,North 90th Street,"30.0308,31.4721",30.0308,31.4721,42,57,37,0.960217,False
2026-05-14T23:30:00,South 90th Street,"30.0195,31.4326",30.0195,31.4326,42,73,79,0.862355,False
2026-05-14T23:45:00,Ring Road - Maadi,"29.9544,31.2858",29.9544,31.2858,37,79,23,0.987935,False
2026-05-15T00:00:00,October Bridge,"30.0526,31.2372",30.0526,31.2372,67,67,26,0.947135,False
2026-05-15T00:15:00,26th July Corridor,"30.0381,31.0264",30.0381,31.0264,39,69,14,0.959188,False
2026-05-15T00:30:00,Abbas El Akkad,"30.0631,31.3341",30.0631,31.3341,70,70,11,0.971205,False
2026-05-15T00:45:00,Galaa Square,"30.0398,31.2188",30.0398,31.2188,60,78,34,0.895328,False
2026-05-15T01:00:00,Salah Salem,"30.0645,31.282",30.0645,31.282,55,80,24,0.892096,False
2026-05-15T01:15:00,Autostrad - Sheraton,"30.1065,31.3711",30.1065,31.3711,50,63,14,0.900737,False
2026-05-15T01:30:00,Tahrir Square,"30.0444,31.2357",30.0444,31.2357,75,75,10,0.977823,False
2026-05-15T01:45:00,Corniche El Nil,"30.0263,31.2268",30.0263,31.2268,61,63,28,0.915563,False
2026-05-15T02:00:00,Mosheer Tantawy Axis,"30.0242,31.3486",30.0242,31.3486,69,69,15,0.88505,False
2026-05-15T02:15:00,Rod El Farag Axis,"30.0881,31.2185",30.0881,31.2185,60,71,21,0.907687,False
2026-05-15T02:30:00,Ring Road - Marg,"30.1554,31.3323",30.1554,31.3323,43,78,18,0.899917,False
2026-05-15T02:45:00,Ring Road - Moneeb,"29.9881,31.2227",29.9881,31.2227,50,61,11,0.925596,False
2026-05-15T03:00:00,Gamaat El Dowal St,"30.0543,31.2005",30.0543,31.2005,35,55,30,0.861205,False
2026-05-15T03:15:00,Faisal Street,"30.0051,31.1574",30.0051,31.1574,43,63,46,0.881212,False
2026-05-15T03:30:00,North 90th Street,"30.0308,31.4721",30.0308,31.4721,73,73,48,0.909188,False
2026-05-15T03:45:00,South 90th Street,"30.0195,31.4326",30.0195,31.4326,46,68,44,0.895321,False
2026-05-15T04:00:00,Ring Road - Maadi,"29.9544,31.2858",29.9544,31.2858,65,65,38,0.895742,False
2026-05-15T04:15:00,October Bridge,"30.0526,31.2372",30.0526,31.2372,51,64,5,0.8982,False
2026-05-15T04:30:00,26th July Corridor,"30.0381,31.0264",30.0381,31.0264,73,73,38,0.863421,False
2026-05-15T04:45:00,Abbas El Akkad,"30.0631,31.3341",30.0631,31.3341,57,78,38,0.972954,False
2026-05-15T05:00:00,Galaa Square,"30.0398,31.2188",30.0398,31.2188,58,66,19,0.918101,False
2026-05-15T05:15:00,Salah Salem,"30.0645,31.282",30.0645,31.282,53,66,27,0.927644,False
2026-05-15T05:30:00,Autostrad - Sheraton,"30.1065,31.3711",30.1065,31.3711,50,55,29,0.977567,False
2026-05-15T05:45:00,Tahrir Square,"30.0444,31.2357",30.0444,31.2357,73,73,30,0.914835,False
2026-05-15T06:00:00,Corniche El Nil,"30.0263,31.2268",30.0263,31.2268,35,58,28,0.905875,False
2026-05-15T06:15:00,Mosheer Tantawy Axis,"30.0242,31.3486",30.0242,31.3486,46,73,41,0.912777,False
2026-05-15T06:30:00,Rod El Farag Axis,"30.0881,31.2185",30.0881,31.2185,55,67,8,0.895639,False
2026-05-15T06:45:00,Ring Road - Marg,"30.1554,31.3323",30.1554,31.3323,43,76,14,0.862234,False
2026-05-15T07:00:00,Ring Road - Moneeb,"29.9881,31.2227",29.9881,31.2227,62,76,7,0.971349,False
2026-05-15T07:15:00,Gamaat El Dowal St,"30.0543,31.2005",30.0543,31.2005,48,61,8,0.949482,False
2026-05-15T07:30:00,Faisal Street,"30.0051,31.1574",30.0051,31.1574,70,70,29,0.859104,False
2026-05-15T07:45:00,North 90th Street,"30.0308,31.4721",30.0308,31.4721,64,67,21,0.870912,False
2026-05-15T08:00:00,South 90th Street,"30.0195,31.4326",30.0195,31.4326,45,80,14,0.977135,False
2026-05-15T08:15:00,Ring Road - Maadi,"29.9544,31.2858",29.9544,31.2858,70,70,15,0.90474,False
2026-05-15T08:30:00,October Bridge,"30.0526,31.2372",30.0526,31.2372,48,61,17,0.967919,False
2026-05-15T08:45:00,26th July Corridor,"30.0381,31.0264",30.0381,31.0264,35,74,12,0.99625,False
2026-05-15T09:00:00,Abbas El Akkad,"30.0631,31.3341",30.0631,31.3341,70,72,10,0.91294,False
2026-05-15T09:15:00,Galaa Square,"30.0398,31.2188",30.0398,31.2188,42,71,20,0.963028,False
2026-05-15T09:30:00,Salah Salem,"30.0645,31.282",30.0645,31.282,54,57,26,0.940187,False
2026-05-15T09:45:00,Autostrad - Sheraton,"30.1065,31.3711",30.1065,31.3711,64,79,39,0.90205,False
2026-05-15T10:00:00,Tahrir Square,"30.0444,31.2357",30.0444,31.2357,41,65,27,0.853683,False
2026-05-15T10:15:00,Corniche El Nil,"30.0263,31.2268",30.0263,31.2268,65,65,29,0.901692,False
2026-05-15T10:30:00,Mosheer Tantawy Axis,"30.0242,31.3486",30.0242,31.3486,54,57,15,0.931943,False
2026-05-15T10:45:00,Rod El Farag Axis,"30.0881,31.2185",30.0881,31.2185,74,76,38,0.979503,False
2026-05-15T11:00:00,Ring Road - Marg,"30.1554,31.3323",30.1554,31.3323,75,75,5,0.928399,False
2026-05-15T11:15:00,Ring Road - Moneeb,"29.9881,31.2227",29.9881,31.2227,73,73,49,0.894565,False
2026-05-15T11:30:00,Gamaat El Dowal St,"30.0543,31.2005",30.0543,31.2005,63,63,9,0.979929,False
2026-05-15T11:45:00,Faisal Street,"30.0051,31.1574",30.0051,31.1574,36,80,22,0.883732,False
2026-05-15T12:00:00,North 90th Street,"30.0308,31.4721",30.0308,31.4721,41,58,10,0.960069,False
2026-05-15T12:15:00,South 90th Street,"30.0195,31.4326",30.0195,31.4326,36,67,25,0.889869,False
2026-05-15T12:30:00,Ring Road - Maadi,"29.9544,31.2858",29.9544,31.2858,74,74,48,0.864159,False
2026-05-15T12:45:00,October Bridge,"30.0526,31.2372",30.0526,31.2372,47,76,45,0.862171,False
2026-05-15T13:00:00,26th July Corridor,"30.0381,31.0264",30.0381,31.0264,56,62,50,0.920935,False
2026-05-15T13:15:00,Abbas El Akkad,"30.0631,31.3341",30.0631,31.3341,68,73,6,0.852232,False
2026-05-15T13:30:00,Galaa Square,"30.0398,31.2188",30.0398,31.2188,39,78,19,0.854148,False
2026-05-15T13:45:00,Salah Salem,"30.0645,31.282",30.0645,31.282,70,70,46,0.999397,False
2026-05-15T14:00:00,Autostrad - Sheraton,"30.1065,31.3711",30.1065,31.3711,40,73,25,0.918487,False
2026-05-15T14:15:00,Tahrir Square,"30.0444,31.2357",30.0444,31.2357,43,70,24,0.891517,False
2026-05-15T14:30:00,Corniche El Nil,"30.0263,31.2268",30.0263,31.2268,52,56,14,0.990136,False
2026-05-15T14:45:00,Mosheer Tantawy Axis,"30.0242,31.3486",30.0242,31.3486,61,68,25,0.955687,False
2026-05-15T15:00:00,Rod El Farag Axis,"30.0881,31.2185",30.0881,31.2185,44,67,50,0.901061,False
2026-05-15T15:15:00,Ring Road - Marg,"30.1554,31.3323",30.1554,31.3323,36,70,49,0.868217,False
2026-05-15T15:30:00,Ring Road - Moneeb,"29.9881,31.2227",29.9881,31.2227,36,58,49,0.996568,False
2026-05-15T15:45:00,Gamaat El Dowal St,"30.0543,31.2005",30.0543,31.2005,45,78,42,0.964679,False
2026-05-15T16:00:00,Faisal Street,"30.0051,31.1574",30.0051,31.1574,63,75,28,0.97753,False
2026-05-15T16:15:00,North 90th Street,"30.0308,31.4721",30.0308,31.4721,62,66,7,0.931395,False
2026-05-15T16:30:00,South 90th Street,"30.0195,31.4326",30.0195,31.4326,46,76,22,0.898336,False
2026-05-15T16:45:00,Ring Road - Maadi,"29.9544,31.2858",29.9544,31.2858,54,75,44,0.971537,False
2026-05-15T17:00:00,October Bridge,"30.0526,31.2372",30.0526,31.2372,41,78,40,0.975886,False
2026-05-15T17:15:00,26th July Corridor,"30.0381,31.0264",30.0381,31.0264,57,68,23,0.991879,False
2026-05-15T17:30:00,Abbas El Akkad,"30.0631,31.3341",30.0631,31.3341,73,73,6,0.940214,False
2026-05-15T17:45:00,Galaa Square,"30.0398,31.2188",30.0398,31.2188,65,65,9,0.858401,False
2026-05-15T18:00:00,Salah Salem,"30.0645,31.282",30.0645,31.282,53,58,37,0.944238,False
2026-05-15T18:15:00,Autostrad - Sheraton,"30.1065,31.3711",30.1065,31.3711,38,65,8,0.974815,False
2026-05-15T18:30:00,Tahrir Square,"30.0444,31.2357",30.0444,31.2357,67,67,48,0.990899,False
2026-05-15T18:45:00,Corniche El Nil,"30.0263,31.2268",30.0263,31.2268,46,65,40,0.984363,False
2026-05-15T19:00:00,Mosheer Tantawy Axis,"30.0242,31.3486",30.0242,31.3486,53,56,19,0.927875,False
2026-05-15T19:15:00,Rod El Farag Axis,"30.0881,31.2185",30.0881,31.2185,67,68,23,0.886968,False
2026-05-15T19:30:00,Ring Road - Marg,"30.1554,31.3323",30.1554,31.3323,56,79,44,0.88141,False
2026-05-15T19:45:00,Ring Road - Moneeb,"29.9881,31.2227",29.9881,31.2227,63,67,46,0.865034,False
2026-05-15T20:00:00,Gamaat El Dowal St,"30.0543,31.2005",30.0543,31.2005,72,72,36,0.863738,False
2026-05-15T20:15:00,Faisal Street,"30.0051,31.1574",30.0051,31.1574,42,63,15,0.99599,False
2026-05-15T20:30:00,North 90th Street,"30.0308,31.4721",30.0308,31.4721,66,75,9,0.980014,False
2026-05-15T20:45:00,South 90th Street,"30.0195,31.4326",30.0195,31.4326,67,67,19,0.891783,False
2026-05-15T21:00:00,Ring Road - Maadi,"29.9544,31.2858",29.9544,31.2858,68,68,40,0.950317,False
2026-05-15T21:15:00,October Bridge,"30.0526,31.2372",30.0526,31.2372,59,72,31,0.89004,False
2026-05-15T21:30:00,26th July Corridor,"30.0381,31.0264",30.0381,31.0264,52,80,7,0.89706,False
2026-05-15T21:45:00,Abbas El Akkad,"30.0631,31.3341",30.0631,31.3341,52,80,6,0.971895,False
2026-05-15T22:00:00,Galaa Square,"30.0398,31.2188",30.0398,31.2188,52,67,22,0.991993,False
2026-05-15T22:15:00,Salah Salem,"30.0645,31.282",30.0645,31.282,40,77,47,0.967019,False
2026-05-15T22:30:00,Autostrad - Sheraton,"30.1065,31.3711",30.1065,31.3711,54,59,41,0.944516,False
2026-05-15T22:45:00,Tahrir Square,"30.0444,31.2357",30.0444,31.2357,68,68,11,0.872571,False
2026-05-15T23:00:00,Corniche El Nil,"30.0263,31.2268",30.0263,31.2268,56,61,14,0.934966,False
2026-05-15T23:15:00,Mosheer Tantawy Axis,"30.0242,31.3486",30.0242,31.3486,49,55,13,0.978091,False
2026-05-15T23:30:00,Rod El Farag Axis,"30.0881,31.2185",30.0881,31.2185,51,72,6,0.996494,False
2026-05-15T23:45:00,Ring Road - Marg,"30.1554,31.3323",30.1554,31.3323,35,58,32,0.869271,False
2026-05-16T00:00:00,Ring Road - Moneeb,"29.9881,31.2227",29.9881,31.2227,63,72,39,0.919327,False
2026-05-16T00:15:00,Gamaat El Dowal St,"30.0543,31.2005",30.0543,31.2005,39,73,8,0.953526,False
2026-05-16T00:30:00,Faisal Street,"30.0051,31.1574",30.0051,31.1574,61,76,32,0.860568,False
2026-05-16T00:45:00,North 90th Street,"30.0308,31.4721",30.0308,31.4721,65,72,27,0.963043,False
2026-05-16T01:00:00,South 90th Street,"30.0195,31.4326",30.0195,31.4326,75,75,15,0.999004,False
2026-05-16T01:15:00,Ring Road - Maadi,"29.9544,31.2858",29.9544,31.2858,67,67,27,0.901653,False
2026-05-16T01:30:00,October Bridge,"30.0526,31.2372",30.0526,31.2372,74,79,27,0.972643,False
2026-05-16T01:45:00,26th July Corridor,"30.0381,31.0264",30.0381,31.0264,62,66,44,0.872742,False
2026-05-16T02:00:00,Abbas El Akkad,"30.0631,31.3341",30.0631,31.3341,66,66,27,0.892583,False
2026-05-16T02:15:00,Galaa Square,"30.0398,31.2188",30.0398,31.2188,47,75,48,0.975479,False
2026-05-16T02:30:00,Salah Salem,"30.0645,31.282",30.0645,31.282,66,75,50,0.899975,False
2026-05-16T02:45:00,Autostrad - Sheraton,"30.1065,31.3711",30.1065,31.3711,61,63,16,0.931297,False
2026-05-16T03:00:00,Tahrir Square,"30.0444,31.2357",30.0444,31.2357,60,76,25,0.92788,False
2026-05-16T03:15:00,Corniche El Nil,"30.0263,31.2268",30.0263,31.2268,49,63,41,0.907427,False
2026-05-16T03:30:00,Mosheer Tantawy Axis,"30.0242,31.3486",30.0242,31.3486,61,61,13,0.896755,False
2026-05-16T03:45:00,Rod El Farag Axis,"30.0881,31.2185",30.0881,31.2185,42,68,7,0.991991,False
2026-05-16T04:00:00,Ring Road - Marg,"30.1554,31.3323",30.1554,31.3323,59,59,45,0.885621,False
2026-05-16T04:15:00,Ring Road - Moneeb,"29.9881,31.2227",29.9881,31.2227,59,74,39,0.932716,False
2026-05-16T04:30:00,Gamaat El Dowal St,"30.0543,31.2005",30.0543,31.2005,59,70,39,0.916516,False
2026-05-16T04:45:00,Faisal Street,"30.0051,31.1574",30.0051,31.1574,41,63,50,0.919153,False
2026-05-16T05:00:00,North 90th Street,"30.0308,31.4721",30.0308,31.4721,56,70,6,0.921842,False
2026-05-16T05:15:00,South 90th Street,"30.0195,31.4326",30.0195,31.4326,49,56,40,0.876868,False
2026-05-16T05:30:00,Ring Road - Maadi,"29.9544,31.2858",29.9544,31.2858,38,63,50,0.962586,False
2026-05-16T05:45:00,October Bridge,"30.0526,31.2372",30.0526,31.2372,72,72,23,0.879253,False
2026-05-16T06:00:00,26th July Corridor,"30.0381,31.0264",30.0381,31.0264,44,72,12,0.986055,False
2026-05-16T06:15:00,Abbas El Akkad,"30.0631,31.3341",30.0631,31.3341,55,63,24,0.907987,False
2026-05-16T06:30:00,Galaa Square,"30.0398,31.2188",30.0398,31.2188,55,59,33,0.886357,False
2026-05-16T06:45:00,Salah Salem,"30.0645,31.282",30.0645,31.282,59,69,46,0.936652,False
2026-05-16T07:00:00,Autostrad - Sheraton,"30.1065,31.3711",30.1065,31.3711,75,75,44,0.947033,False
2026-05-16T07:15:00,Tahrir Square,"30.0444,31.2357",30.0444,31.2357,47,61,31,0.949852,False
2026-05-16T07:30:00,Corniche El Nil,"30.0263,31.2268",30.0263,31.2268,60,63,14,0.97087,False
2026-05-16T07:45:00,Mosheer Tantawy Axis,"30.0242,31.3486",30.0242,31.3486,57,80,17,0.85746,False
2026-05-16T08:00:00,Rod El Farag Axis,"30.0881,31.2185",30.0881,31.2185,63,72,13,0.851075,False
2026-05-16T08:15:00,Ring Road - Marg,"30.1554,31.3323",30.1554,31.3323,67,73,16,0.889928,False
2026-05-16T08:30:00,Ring Road - Moneeb,"29.9881,31.2227",29.9881,31.2227,73,73,23,0.928269,False
2026-05-16T08:45:00,Gamaat El Dowal St,"30.0543,31.2005",30.0543,31.2005,70,70,38,0.85747,False
2026-05-16T09:00:00,Faisal Street,"30.0051,31.1574",30.0051,31.1574,74,74,49,0.856652,False
2026-05-16T09:15:00,North 90th Street,"30.0308,31.4721",30.0308,31.4721,35,70,44,0.949583,False
2026-05-16T09:30:00,South 90th Street,"30.0195,31.4326",30.0195,31.4326,61,73,27,0.947017,False
2026-05-16T09:45:00,Ring Road - Maadi,"29.9544,31.2858",29.9544,31.2858,50,71,33,0.982321,False
2026-05-16T10:00:00,October Bridge,"30.0526,31.2372",30.0526,31.2372,48,66,10,0.954112,False
2026-05-16T10:15:00,26th July Corridor,"30.0381,31.0264",30.0381,31.0264,71,71,11,0.872755,False
2026-05-16T10:30:00,Abbas El Akkad,"30.0631,31.3341",30.0631,31.3341,57,64,41,0.873152,False
2026-05-16T10:45:00,Galaa Square,"30.0398,31.2188",30.0398,31.2188,37,56,24,0.971903,False
2026-05-16T11:00:00,Salah Salem,"30.0645,31.282",30.0645,31.282,68,68,27,0.852242,False
2026-05-16T11:15:00,Autostrad - Sheraton,"30.1065,31.3711",30.1065,31.3711,50,76,31,0.852877,False
2026-05-16T11:30:00,Tahrir Square,"30.0444,31.2357",30.0444,31.2357,38,67,18,0.982465,False
2026-05-16T11:45:00,Corniche El Nil,"30.0263,31.2268",30.0263,31.2268,60,60,21,0.908776,False
2026-05-16T12:00:00,Mosheer Tantawy Axis,"30.0242,31.3486",30.0242,31.3486,48,63,17,0.921569,False
2026-05-16T12:15:00,Rod El Farag Axis,"30.0881,31.2185",30.0881,31.2185,49,55,46,0.878409,False
2026-05-16T12:30:00,Ring Road - Marg,"30.1554,31.3323",30.1554,31.3323,43,55,5,0.937754,False
2026-05-16T12:45:00,Ring Road - Moneeb,"29.9881,31.2227",29.9881,31.2227,72,72,24,0.932128,False
2026-05-16T13:00:00,Gamaat El Dowal St,"30.0543,31.2005",30.0543,31.2005,66,76,26,0.868594,False
2026-05-16T13:15:00,Faisal Street,"30.0051,31.1574",30.0051,31.1574,65,65,49,0.908837,False
2026-05-16T13:30:00,North 90th Street,"30.0308,31.4721",30.0308,31.4721,72,72,43,0.937209,False
2026-05-16T13:45:00,South 90th Street,"30.0195,31.4326",30.0195,31.4326,39,77,47,0.875464,False
2026-05-16T14:00:00,Ring Road - Maadi,"29.9544,31.2858",29.9544,31.2858,75,75,7,0.863184,False
2026-05-16T14:15:00,October Bridge,"30.0526,31.2372",30.0526,31.2372,55,69,19,0.940215,False
2026-05-16T14:30:00,26th July Corridor,"30.0381,31.0264",30.0381,31.0264,62,62,29,0.985276,False
2026-05-16T14:45:00,Abbas El Akkad,"30.0631,31.3341",30.0631,31.3341,67,67,37,0.903707,False
2026-05-16T15:00:00,Galaa Square,"30.0398,31.2188",30.0398,31.2188,69,69,50,0.938624,False
2026-05-16T15:15:00,Salah Salem,"30.0645,31.282",30.0645,31.282,64,75,28,0.850462,False
2026-05-16T15:30:00,Autostrad - Sheraton,"30.1065,31.3711",30.1065,31.3711,63,63,32,0.884869,False
2026-05-16T15:45:00,Tahrir Square,"30.0444,31.2357",30.0444,31.2357,65,71,24,0.943205,False
2026-05-16T16:00:00,Corniche El Nil,"30.0263,31.2268",30.0263,31.2268,51,62,24,0.939452,False
2026-05-16T16:15:00,Mosheer Tantawy Axis,"30.0242,31.3486",30.0242,31.3486,59,71,42,0.870153,False
2026-05-16T16:30:00,Rod El Farag Axis,"30.0881,31.2185",30.0881,31.2185,37,55,12,0.891448,False
2026-05-16T16:45:00,Ring Road - Marg,"30.1554,31.3323",30.1554,31.3323,73,73,50,0.973995,False
2026-05-16T17:00:00,Ring Road - Moneeb,"29.9881,31.2227",29.9881,31.2227,56,67,40,0.989709,False
2026-05-16T17:15:00,Gamaat El Dowal St,"30.0543,31.2005",30.0543,31.2005,56,80,36,0.950569,False
2026-05-16T17:30:00,Faisal Street,"30.0051,31.1574",30.0051,31.1574,63,63,35,0.868385,False
2026-05-16T17:45:00,North 90th Street,"30.0308,31.4721",30.0308,31.4721,75,75,23,0.894623,False
2026-05-16T18:00:00,South 90th Street,"30.0195,31.4326",30.0195,31.4326,42,77,47,0.867466,False
2026-05-16T18:15:00,Ring Road - Maadi,"29.9544,31.2858",29.9544,31.2858,55,71,13,0.934816,False
2026-05-16T18:30:00,October Bridge,"30.0526,31.2372",30.0526,31.2372,59,76,17,0.944774,False
2026-05-16T18:45:00,26th July Corridor,"30.0381,31.0264",30.0381,31.0264,38,63,15,0.863461,False
2026-05-16T19:00:00,Abbas El Akkad,"30.0631,31.3341",30.0631,31.3341,43,64,24,0.930633,False
2026-05-16T19:15:00,Galaa Square,"30.0398,31.2188",30.0398,31.2188,57,75,41,0.962025,False
2026-05-16T19:30:00,Salah Salem,"30.0645,31.282",30.0645,31.282,69,75,40,0.926196,False
2026-05-16T19:45:00,Autostrad - Sheraton,"30.1065,31.3711",30.1065,31.3711,56,73,21,0.857166,False
2026-05-16T20:00:00,Tahrir Square,"30.0444,31.2357",30.0444,31.2357,53,63,23,0.877863,False
2026-05-16T20:15:00,Corniche El Nil,"30.0263,31.2268",30.0263,31.2268,37,72,19,0.889999,False
2026-05-16T20:30:00,Mosheer Tantawy Axis,"30.0242,31.3486",30.0242,31.3486,60,60,40,0.978104,False
2026-05-16T20:45:00,Rod El Farag Axis,"30.0881,31.2185",30.0881,31.2185,75,75,35,0.978587,False
2026-05-16T21:00:00,Ring Road - Marg,"30.1554,31.3323",30.1554,31.3323,46,69,7,0.931703,False
2026-05-16T21:15:00,Ring Road - Moneeb,"29.9881,31.2227",29.9881,31.2227,38,74,33,0.852894,False
2026-05-16T21:30:00,Gamaat El Dowal St,"30.0543,31.2005",30.0543,31.2005,67,71,34,0.974923,False
2026-05-16T21:45:00,Faisal Street,"30.0051,31.1574",30.0051,31.1574,48,59,12,0.883761,False
2026-05-16T22:00:00,North 90th Street,"30.0308,31.4721",30.0308,31.4721,51,57,9,0.907492,False
2026-05-16T22:15:00,South 90th Street,"30.0195,31.4326",30.0195,31.4326,66,67,46,0.865281,False
2026-05-16T22:30:00,Ring Road - Maadi,"29.9544,31.2858",29.9544,31.2858,57,77,28,0.853819,False
2026-05-16T22:45:00,October Bridge,"30.0526,31.2372",30.0526,31.2372,46,80,22,0.914002,False
2026-05-16T23:00:00,26th July Corridor,"30.0381,31.0264",30.0381,31.0264,75,75,7,0.944989,False
2026-05-16T23:15:00,Abbas El Akkad,"30.0631,31.3341",30.0631,31.3341,67,68,6,0.897707,False
2026-05-16T23:30:00,Galaa Square,"30.0398,31.2188",30.0398,31.2188,63,71,41,0.998058,False
2026-05-16T23:45:00,Salah Salem,"30.0645,31.282",30.0645,31.282,66,66,37,0.889735,False
2026-05-17T00:00:00,Autostrad - Sheraton,"30.1065,31.3711",30.1065,31.3711,64,64,11,0.949657,False
2026-05-17T00:15:00,Tahrir Square,"30.0444,31.2357",30.0444,31.2357,33,78,60,0.97423,False
2026-05-17T00:30:00,Corniche El Nil,"30.0263,31.2268",30.0263,31.2268,34,76,44,0.857939,False
2026-05-17T00:45:00,Mosheer Tantawy Axis,"30.0242,31.3486",30.0242,31.3486,38,63,68,0.965707,False
2026-05-17T01:00:00,Rod El Farag Axis,"30.0881,31.2185",30.0881,31.2185,43,75,32,0.947997,False
2026-05-17T01:15:00,Ring Road - Marg,"30.1554,31.3323",30.1554,31.3323,60,74,34,0.923914,False
2026-05-17T01:30:00,Ring Road - Moneeb,"29.9881,31.2227",29.9881,31.2227,27,74,69,0.909752,False
2026-05-17T01:45:00,Gamaat El Dowal St,"30.0543,31.2005",30.0543,31.2005,32,72,18,0.899017,False
2026-05-17T02:00:00,Faisal Street,"30.0051,31.1574",30.0051,31.1574,65,68,34,0.970669,False
2026-05-17T02:15:00,North 90th Street,"30.0308,31.4721",30.0308,31.4721,48,80,62,0.925119,False
2026-05-17T02:30:00,South 90th Street,"30.0195,31.4326",30.0195,31.4326,64,79,37,0.966749,False
2026-05-17T02:45:00,Ring Road - Maadi,"29.9544,31.2858",29.9544,31.2858,32,62,24,0.893783,False
2026-05-17T03:00:00,October Bridge,"30.0526,31.2372",30.0526,31.2372,49,72,28,0.921436,False
2026-05-17T03:15:00,26th July Corridor,"30.0381,31.0264",30.0381,31.0264,47,69,68,0.923087,False
2026-05-17T03:30:00,Abbas El Akkad,"30.0631,31.3341",30.0631,31.3341,38,77,61,0.935683,False
2026-05-17T03:45:00,Galaa Square,"30.0398,31.2188",30.0398,31.2188,30,72,34,0.879522,False
2026-05-17T04:00:00,Salah Salem,"30.0645,31.282",30.0645,31.282,40,57,70,0.891316,False
2026-05-17T04:15:00,Autostrad - Sheraton,"30.1065,31.3711",30.1065,31.3711,33,74,76,0.873629,False
2026-05-17T04:30:00,Tahrir Square,"30.0444,31.2357",30.0444,31.2357,54,62,63,0.862827,False
2026-05-17T04:45:00,Corniche El Nil,"30.0263,31.2268",30.0263,31.2268,43,61,61,0.979131,False
2026-05-17T05:00:00,Mosheer Tantawy Axis,"30.0242,31.3486",30.0242,31.3486,43,75,39,0.992152,False
2026-05-17T05:15:00,Rod El Farag Axis,"30.0881,31.2185",30.0881,31.2185,30,63,70,0.873266,False
2026-05-17T05:30:00,Ring Road - Marg,"30.1554,31.3323",30.1554,31.3323,25,76,41,0.997444,False
2026-05-17T05:45:00,Ring Road - Moneeb,"29.9881,31.2227",29.9881,31.2227,55,73,45,0.981704,False
2026-05-17T06:00:00,Gamaat El Dowal St,"30.0543,31.2005",30.0543,31.2005,27,73,28,0.944273,False
2026-05-17T06:15:00,Faisal Street,"30.0051,31.1574",30.0051,31.1574,25,69,59,0.969066,False
2026-05-17T06:30:00,North 90th Street,"30.0308,31.4721",30.0308,31.4721,29,78,40,0.903179,False
2026-05-17T06:45:00,South 90th Street,"30.0195,31.4326",30.0195,31.4326,44,59,75,0.957944,False
2026-05-17T07:00:00,Ring Road - Maadi,"29.9544,31.2858",29.9544,31.2858,23,66,69,0.950175,False
2026-05-17T07:15:00,October Bridge,"30.0526,31.2372",30.0526,31.2372,11,79,56,0.994381,False
2026-05-17T07:30:00,26th July Corridor,"30.0381,31.0264",30.0381,31.0264,17,73,117,0.895561,False
2026-05-17T07:45:00,Abbas El Akkad,"30.0631,31.3341",30.0631,31.3341,25,62,57,0.939249,False
2026-05-17T08:00:00,Galaa Square,"30.0398,31.2188",30.0398,31.2188,22,62,113,0.877739,False
2026-05-17T08:15:00,Salah Salem,"30.0645,31.282",30.0645,31.282,33,76,49,0.955613,False
2026-05-17T08:30:00,Autostrad - Sheraton,"30.1065,31.3711",30.1065,31.3711,15,68,110,0.874629,False
2026-05-17T08:45:00,Tahrir Square,"30.0444,31.2357",30.0444,31.2357,34,58,110,0.941706,False
2026-05-17T09:00:00,Corniche El Nil,"30.0263,31.2268",30.0263,31.2268,30,69,62,0.917911,False
2026-05-17T09:15:00,Mosheer Tantawy Axis,"30.0242,31.3486",30.0242,31.3486,26,67,117,0.943763,False
2026-05-17T09:30:00,Rod El Farag Axis,"30.0881,31.2185",30.0881,31.2185,14,72,71,0.886146,False
2026-05-17T09:45:00,Ring Road - Marg,"30.1554,31.3323",30.1554,31.3323,17,61,110,0.980289,False
2026-05-17T10:00:00,Ring Road - Moneeb,"29.9881,31.2227",29.9881,31.2227,10,75,52,0.97002,False
2026-05-17T10:15:00,Gamaat El Dowal St,"30.0543,31.2005",30.0543,31.2005,24,72,83,0.9806,False
2026-05-17T10:30:00,Faisal Street,"30.0051,31.1574",30.0051,31.1574,11,68,90,0.906348,False
2026-05-17T10:45:00,North 90th Street,"30.0308,31.4721",30.0308,31.4721,22,69,77,0.893169,False
2026-05-17T11:00:00,South 90th Street,"30.0195,31.4326",30.0195,31.4326,62,65,27,0.954884,False
2026-05-17T11:15:00,Ring Road - Maadi,"29.9544,31.2858",29.9544,31.2858,60,79,72,0.903613,False
2026-05-17T11:30:00,October Bridge,"30.0526,31.2372",30.0526,31.2372,62,68,53,0.860918,False
2026-05-17T11:45:00,26th July Corridor,"30.0381,31.0264",30.0381,31.0264,28,75,45,0.944321,False
2026-05-17T12:00:00,Abbas El Akkad,"30.0631,31.3341",30.0631,31.3341,48,57,25,0.917958,False
2026-05-17T12:15:00,Galaa Square,"30.0398,31.2188",30.0398,31.2188,54,67,71,0.864393,False
2026-05-17T12:30:00,Salah Salem,"30.0645,31.282",30.0645,31.282,59,63,23,0.967914,False
2026-05-17T12:45:00,Autostrad - Sheraton,"30.1065,31.3711",30.1065,31.3711,63,68,46,0.869688,False
2026-05-17T13:00:00,Tahrir Square,"30.0444,31.2357",30.0444,31.2357,28,65,23,0.858314,False
2026-05-17T13:15:00,Corniche El Nil,"30.0263,31.2268",30.0263,31.2268,45,71,27,0.925008,False
2026-05-17T13:30:00,Mosheer Tantawy Axis,"30.0242,31.3486",30.0242,31.3486,52,67,39,0.874416,False
2026-05-17T13:45:00,Rod El Farag Axis,"30.0881,31.2185",30.0881,31.2185,61,65,46,0.910556,False
2026-05-17T14:00:00,Ring Road - Marg,"30.1554,31.3323",30.1554,31.3323,63,72,64,0.912817,False
2026-05-17T14:15:00,Ring Road - Moneeb,"29.9881,31.2227",29.9881,31.2227,64,64,47,0.873883,False
2026-05-17T14:30:00,Gamaat El Dowal St,"30.0543,31.2005",30.0543,31.2005,40,72,36,0.940249,False
2026-05-17T14:45:00,Faisal Street,"30.0051,31.1574",30.0051,31.1574,43,57,65,0.951381,False
2026-05-17T15:00:00,North 90th Street,"30.0308,31.4721",30.0308,31.4721,59,69,27,0.909852,False
2026-05-17T15:15:00,South 90th Street,"30.0195,31.4326",30.0195,31.4326,51,56,27,0.915183,False
2026-05-17T15:30:00,Ring Road - Maadi,"29.9544,31.2858",29.9544,31.2858,34,75,23,0.906657,False
2026-05-17T15:45:00,October Bridge,"30.0526,31.2372",30.0526,31.2372,61,78,38,0.981827,False
2026-05-17T16:00:00,26th July Corridor,"30.0381,31.0264",30.0381,31.0264,19,70,105,0.976168,False
2026-05-17T16:15:00,Abbas El Akkad,"30.0631,31.3341",30.0631,31.3341,15,69,97,0.931527,False
2026-05-17T16:30:00,Galaa Square,"30.0398,31.2188",30.0398,31.2188,28,57,107,0.962776,False
2026-05-17T16:45:00,Salah Salem,"30.0645,31.282",30.0645,31.282,34,67,112,0.865219,False
2026-05-17T17:00:00,Autostrad - Sheraton,"30.1065,31.3711",30.1065,31.3711,30,79,120,0.927847,False
2026-05-17T17:15:00,Tahrir Square,"30.0444,31.2357",30.0444,31.2357,30,63,89,0.996934,False
2026-05-17T17:30:00,Corniche El Nil,"30.0263,31.2268",30.0263,31.2268,18,77,61,0.892042,False
2026-05-17T17:45:00,Mosheer Tantawy Axis,"30.0242,31.3486",30.0242,31.3486,32,73,99,0.882071,False
2026-05-17T18:00:00,Rod El Farag Axis,"30.0881,31.2185",30.0881,31.2185,11,63,108,0.995877,False
2026-05-17T18:15:00,Ring Road - Marg,"30.1554,31.3323",30.1554,31.3323,22,78,82,0.973432,False
2026-05-17T18:30:00,Ring Road - Moneeb,"29.9881,31.2227",29.9881,31.2227,24,79,120,0.886508,False
2026-05-17T18:45:00,Gamaat El Dowal St,"30.0543,31.2005",30.0543,31.2005,33,72,116,0.864147,False
2026-05-17T19:00:00,Faisal Street,"30.0051,31.1574",30.0051,31.1574,16,77,66,0.863617,False
2026-05-17T19:15:00,North 90th Street,"30.0308,31.4721",30.0308,31.4721,22,73,72,0.856384,False
2026-05-17T19:30:00,South 90th Street,"30.0195,31.4326",30.0195,31.4326,24,59,42,0.919947,False
2026-05-17T19:45:00,Ring Road - Maadi,"29.9544,31.2858",29.9544,31.2858,19,56,93,0.940892,False
2026-05-17T20:00:00,October Bridge,"30.0526,31.2372",30.0526,31.2372,14,72,43,0.992539,False
2026-05-17T20:15:00,26th July Corridor,"30.0381,31.0264",30.0381,31.0264,26,72,106,0.902432,False
2026-05-17T20:30:00,Abbas El Akkad,"30.0631,31.3341",30.0631,31.3341,24,62,60,0.982846,False
2026-05-17T20:45:00,Galaa Square,"30.0398,31.2188",30.0398,31.2188,22,77,68,0.887682,False
2026-05-17T21:00:00,Salah Salem,"30.0645,31.282",30.0645,31.282,56,74,16,0.910122,False
2026-05-17T21:15:00,Autostrad - Sheraton,"30.1065,31.3711",30.1065,31.3711,35,67,73,0.856674,False
2026-05-17T21:30:00,Tahrir Square,"30.0444,31.2357",30.0444,31.2357,51,66,78,0.869545,False
2026-05-17T21:45:00,Corniche El Nil,"30.0263,31.2268",30.0263,31.2268,28,69,53,0.958749,False
2026-05-17T22:00:00,Mosheer Tantawy Axis,"30.0242,31.3486",30.0242,31.3486,27,62,66,0.958278,False
2026-05-17T22:15:00,Rod El Farag Axis,"30.0881,31.2185",30.0881,31.2185,28,56,30,0.947767,False
2026-05-17T22:30:00,Ring Road - Marg,"30.1554,31.3323",30.1554,31.3323,39,73,74,0.888994,False
2026-05-17T22:45:00,Ring Road - Moneeb,"29.9881,31.2227",29.9881,31.2227,37,73,45,0.920541,False
2026-05-17T23:00:00,Gamaat El Dowal St,"30.0543,31.2005",30.0543,31.2005,55,59,71,0.854795,False
2026-05-17T23:15:00,Faisal Street,"30.0051,31.1574",30.0051,31.1574,40,55,12,0.950451,False
2026-05-17T23:30:00,North 90th Street,"30.0308,31.4721",30.0308,31.4721,62,69,51,0.886521,False
2026-05-17T23:45:00,South 90th Street,"30.0195,31.4326",30.0195,31.4326,25,69,30,0.929627,False
2026-05-18T00:00:00,Ring Road - Maadi,"29.9544,31.2858",29.9544,31.2858,62,75,78,0.878,False
2026-05-18T00:15:00,October Bridge,"30.0526,31.2372",30.0526,31.2372,51,71,12,0.979592,False
2026-05-18T00:30:00,26th July Corridor,"30.0381,31.0264",30.0381,31.0264,58,58,61,0.926415,False
2026-05-18T00:45:00,Abbas El Akkad,"30.0631,31.3341",30.0631,31.3341,42,57,30,0.996785,False
2026-05-18T01:00:00,Galaa Square,"30.0398,31.2188",30.0398,31.2188,53,65,67,0.931978,False
2026-05-18T01:15:00,Salah Salem,"30.0645,31.282",30.0645,31.282,28,72,11,0.913473,False
2026-05-18T01:30:00,Autostrad - Sheraton,"30.1065,31.3711",30.1065,31.3711,56,69,29,0.904038,False
2026-05-18T01:45:00,Tahrir Square,"30.0444,31.2357",30.0444,31.2357,56,59,34,0.931148,False
2026-05-18T02:00:00,Corniche El Nil,"30.0263,31.2268",30.0263,31.2268,34,72,33,0.894468,False
2026-05-18T02:15:00,Mosheer Tantawy Axis,"30.0242,31.3486",30.0242,31.3486,28,80,57,0.982074,False
2026-05-18T02:30:00,Rod El Farag Axis,"30.0881,31.2185",30.0881,31.2185,39,74,57,0.935487,False
2026-05-18T02:45:00,Ring Road - Marg,"30.1554,31.3323",30.1554,31.3323,29,64,76,0.988317,False
2026-05-18T03:00:00,Ring Road - Moneeb,"29.9881,31.2227",29.9881,31.2227,26,65,19,0.866684,False
2026-05-18T03:15:00,Gamaat El Dowal St,"30.0543,31.2005",30.0543,31.2005,62,73,61,0.885999,False
2026-05-18T03:30:00,Faisal Street,"30.0051,31.1574",30.0051,31.1574,29,71,48,0.923147,False
2026-05-18T03:45:00,North 90th Street,"30.0308,31.4721",30.0308,31.4721,49,74,52,0.933941,False
2026-05-18T04:00:00,South 90th Street,"30.0195,31.4326",30.0195,31.4326,26,77,49,0.874666,False
2026-05-18T04:15:00,Ring Road - Maadi,"29.9544,31.2858",29.9544,31.2858,30,77,41,0.93224,False
2026-05-18T04:30:00,October Bridge,"30.0526,31.2372",30.0526,31.2372,51,58,16,0.940564,False
2026-05-18T04:45:00,26th July Corridor,"30.0381,31.0264",30.0381,31.0264,40,79,61,0.927857,False
2026-05-18T05:00:00,Abbas El Akkad,"30.0631,31.3341",30.0631,31.3341,55,71,29,0.881082,False
2026-05-18T05:15:00,Galaa Square,"30.0398,31.2188",30.0398,31.2188,34,78,50,0.975735,False
2026-05-18T05:30:00,Salah Salem,"30.0645,31.282",30.0645,31.282,60,60,13,0.851115,False
2026-05-18T05:45:00,Autostrad - Sheraton,"30.1065,31.3711",30.1065,31.3711,50,68,43,0.921108,False
2026-05-18T06:00:00,Tahrir Square,"30.0444,31.2357",30.0444,31.2357,54,62,16,0.974434,False
2026-05-18T06:15:00,Corniche El Nil,"30.0263,31.2268",30.0263,31.2268,44,56,32,0.973818,False
2026-05-18T06:30:00,Mosheer Tantawy Axis,"30.0242,31.3486",30.0242,31.3486,27,58,41,0.985686,False
2026-05-18T06:45:00,Rod El Farag Axis,"30.0881,31.2185",30.0881,31.2185,28,66,51,0.904164,False
2026-05-18T07:00:00,Ring Road - Marg,"30.1554,31.3323",30.1554,31.3323,11,68,65,0.868463,False
2026-05-18T07:15:00,Ring Road - Moneeb,"29.9881,31.2227",29.9881,31.2227,34,66,72,0.872225,False
2026-05-18T07:30:00,Gamaat El Dowal St,"30.0543,31.2005",30.0543,31.2005,21,55,96,0.899744,False
2026-05-18T07:45:00,Faisal Street,"30.0051,31.1574",30.0051,31.1574,28,62,76,0.910139,False
2026-05-18T08:00:00,North 90th Street,"30.0308,31.4721",30.0308,31.4721,18,58,105,0.886168,False
2026-05-18T08:15:00,South 90th Street,"30.0195,31.4326",30.0195,31.4326,24,76,120,0.97669,False
2026-05-18T08:30:00,Ring Road - Maadi,"29.9544,31.2858",29.9544,31.2858,28,79,50,0.980145,False
2026-05-18T08:45:00,October Bridge,"30.0526,31.2372",30.0526,31.2372,28,79,96,0.859796,False
2026-05-18T09:00:00,26th July Corridor,"30.0381,31.0264",30.0381,31.0264,30,60,45,0.897853,False
2026-05-18T09:15:00,Abbas El Akkad,"30.0631,31.3341",30.0631,31.3341,21,67,75,0.86736,False
2026-05-18T09:30:00,Galaa Square,"30.0398,31.2188",30.0398,31.2188,32,79,90,0.862715,False
2026-05-18T09:45:00,Salah Salem,"30.0645,31.282",30.0645,31.282,35,68,95,0.897852,False
2026-05-18T10:00:00,Autostrad - Sheraton,"30.1065,31.3711",30.1065,31.3711,32,59,66,0.959513,False
2026-05-18T10:15:00,Tahrir Square,"30.0444,31.2357",30.0444,31.2357,34,80,60,0.857539,False
2026-05-18T10:30:00,Corniche El Nil,"30.0263,31.2268",30.0263,31.2268,15,80,55,0.928271,False
2026-05-18T10:45:00,Mosheer Tantawy Axis,"30.0242,31.3486",30.0242,31.3486,12,79,81,0.961232,False
2026-05-18T11:00:00,Rod El Farag Axis,"30.0881,31.2185",30.0881,31.2185,52,56,68,0.87894,False
2026-05-18T11:15:00,Ring Road - Marg,"30.1554,31.3323",30.1554,31.3323,28,70,40,0.961051,False
2026-05-18T11:30:00,Ring Road - Moneeb,"29.9881,31.2227",29.9881,31.2227,41,69,48,0.881925,False
2026-05-18T11:45:00,Gamaat El Dowal St,"30.0543,31.2005",30.0543,31.2005,59,70,59,0.956234,False
2026-05-18T12:00:00,Faisal Street,"30.0051,31.1574",30.0051,31.1574,53,62,10,0.979554,False
2026-05-18T12:15:00,North 90th Street,"30.0308,31.4721",30.0308,31.4721,59,73,73,0.96478,False
2026-05-18T12:30:00,South 90th Street,"30.0195,31.4326",30.0195,31.4326,37,66,46,0.928507,False
2026-05-18T12:45:00,Ring Road - Maadi,"29.9544,31.2858",29.9544,31.2858,55,76,79,0.977977,False
2026-05-18T13:00:00,October Bridge,"30.0526,31.2372",30.0526,31.2372,35,80,41,0.87678,False
2026-05-18T13:15:00,26th July Corridor,"30.0381,31.0264",30.0381,31.0264,43,68,20,0.87751,False
2026-05-18T13:30:00,Abbas El Akkad,"30.0631,31.3341",30.0631,31.3341,40,55,74,0.969714,False
2026-05-18T13:45:00,Galaa Square,"30.0398,31.2188",30.0398,31.2188,39,60,12,0.99911,False
2026-05-18T14:00:00,Salah Salem,"30.0645,31.282",30.0645,31.282,60,77,38,0.871193,False
2026-05-18T14:15:00,Autostrad - Sheraton,"30.1065,31.3711",30.1065,31.3711,40,65,26,0.887847,False
2026-05-18T14:30:00,Tahrir Square,"30.0444,31.2357",30.0444,31.2357,48,62,70,0.927288,False
2026-05-18T14:45:00,Corniche El Nil,"30.0263,31.2268",30.0263,31.2268,33,77,41,0.927559,False
2026-05-18T15:00:00,Mosheer Tantawy Axis,"30.0242,31.3486",30.0242,31.3486,64,76,40,0.857666,False
2026-05-18T15:15:00,Rod El Farag Axis,"30.0881,31.2185",30.0881,31.2185,28,78,67,0.916698,False
2026-05-18T15:30:00,Ring Road - Marg,"30.1554,31.3323",30.1554,31.3323,34,73,42,0.857391,False
2026-05-18T15:45:00,Ring Road - Moneeb,"29.9881,31.2227",29.9881,31.2227,39,57,37,0.974265,False
2026-05-18T16:00:00,Gamaat El Dowal St,"30.0543,31.2005",30.0543,31.2005,14,67,44,0.883966,False
2026-05-18T16:15:00,Faisal Street,"30.0051,31.1574",30.0051,31.1574,35,55,69,0.871084,False
2026-05-18T16:30:00,North 90th Street,"30.0308,31.4721",30.0308,31.4721,22,73,86,0.864833,False
2026-05-18T16:45:00,South 90th Street,"30.0195,31.4326",30.0195,31.4326,21,74,78,0.8844,False
2026-05-18T17:00:00,Ring Road - Maadi,"29.9544,31.2858",29.9544,31.2858,24,62,72,0.955295,False
2026-05-18T17:15:00,October Bridge,"30.0526,31.2372",30.0526,31.2372,17,58,92,0.964862,False
2026-05-18T17:30:00,26th July Corridor,"30.0381,31.0264",30.0381,31.0264,15,77,104,0.929444,False
2026-05-18T17:45:00,Abbas El Akkad,"30.0631,31.3341",30.0631,31.3341,17,68,109,0.996203,False
2026-05-18T18:00:00,Galaa Square,"30.0398,31.2188",30.0398,31.2188,15,56,61,0.917107,False
2026-05-18T18:15:00,Salah Salem,"30.0645,31.282",30.0645,31.282,15,64,115,0.909485,False
2026-05-18T18:30:00,Autostrad - Sheraton,"30.1065,31.3711",30.1065,31.3711,34,63,100,0.908449,False
2026-05-18T18:45:00,Tahrir Square,"30.0444,31.2357",30.0444,31.2357,25,78,112,0.953004,False
2026-05-18T19:00:00,Corniche El Nil,"30.0263,31.2268",30.0263,31.2268,11,67,46,0.895199,False
2026-05-18T19:15:00,Mosheer Tantawy Axis,"30.0242,31.3486",30.0242,31.3486,32,58,48,0.918701,False
2026-05-18T19:30:00,Rod El Farag Axis,"30.0881,31.2185",30.0881,31.2185,15,59,64,0.948754,False
2026-05-18T19:45:00,Ring Road - Marg,"30.1554,31.3323",30.1554,31.3323,31,77,104,0.850449,False
2026-05-18T20:00:00,Ring Road - Moneeb,"29.9881,31.2227",29.9881,31.2227,30,65,106,0.985642,False
2026-05-18T20:15:00,Gamaat El Dowal St,"30.0543,31.2005",30.0543,31.2005,18,67,113,0.922805,False
2026-05-18T20:30:00,Faisal Street,"30.0051,31.1574",30.0051,31.1574,18,57,91,0.952708,False
2026-05-18T20:45:00,North 90th Street,"30.0308,31.4721",30.0308,31.4721,25,63,85,0.887025,False
2026-05-18T21:00:00,South 90th Street,"30.0195,31.4326",30.0195,31.4326,25,66,22,0.998899,False
2026-05-18T21:15:00,Ring Road - Maadi,"29.9544,31.2858",29.9544,31.2858,56,79,52,0.878831,False
2026-05-18T21:30:00,October Bridge,"30.0526,31.2372",30.0526,31.2372,39,72,36,0.910066,False
2026-05-18T21:45:00,26th July Corridor,"30.0381,31.0264",30.0381,31.0264,32,70,39,0.994851,False
2026-05-18T22:00:00,Abbas El Akkad,"30.0631,31.3341",30.0631,31.3341,42,61,21,0.903171,False
2026-05-18T22:15:00,Galaa Square,"30.0398,31.2188",30.0398,31.2188,53,76,79,0.998938,False
2026-05-18T22:30:00,Salah Salem,"30.0645,31.282",30.0645,31.282,63,72,73,0.91655,False
2026-05-18T22:45:00,Autostrad - Sheraton,"30.1065,31.3711",30.1065,31.3711,34,55,28,0.990653,False
2026-05-18T23:00:00,Tahrir Square,"30.0444,31.2357",30.0444,31.2357,49,61,11,0.990616,False
2026-05-18T23:15:00,Corniche El Nil,"30.0263,31.2268",30.0263,31.2268,26,74,42,0.929758,False
2026-05-18T23:30:00,Mosheer Tantawy Axis,"30.0242,31.3486",30.0242,31.3486,62,73,61,0.934222,False
2026-05-18T23:45:00,Rod El Farag Axis,"30.0881,31.2185",30.0881,31.2185,47,55,64,0.923131,False
2026-05-19T00:00:00,Ring Road - Marg,"30.1554,31.3323",30.1554,31.3323,25,75,65,0.911112,False
2026-05-19T00:15:00,Ring Road - Moneeb,"29.9881,31.2227",29.9881,31.2227,45,68,18,0.877917,False
2026-05-19T00:30:00,Gamaat El Dowal St,"30.0543,31.2005",30.0543,31.2005,62,69,45,0.950125,False
2026-05-19T00:45:00,Faisal Street,"30.0051,31.1574",30.0051,31.1574,36,56,39,0.90197,False
2026-05-19T01:00:00,North 90th Street,"30.0308,31.4721",30.0308,31.4721,46,67,68,0.974038,False
2026-05-19T01:15:00,South 90th Street,"30.0195,31.4326",30.0195,31.4326,53,76,69,0.863481,False
2026-05-19T01:30:00,Ring Road - Maadi,"29.9544,31.2858",29.9544,31.2858,28,69,42,0.987055,False
2026-05-19T01:45:00,October Bridge,"30.0526,31.2372",30.0526,31.2372,64,64,37,0.988433,False
2026-05-19T02:00:00,26th July Corridor,"30.0381,31.0264",30.0381,31.0264,37,61,20,0.877289,False
2026-05-19T02:15:00,Abbas El Akkad,"30.0631,31.3341",30.0631,31.3341,65,77,11,0.99076,False
2026-05-19T02:30:00,Galaa Square,"30.0398,31.2188",30.0398,31.2188,58,63,34,0.87874,False
2026-05-19T02:45:00,Salah Salem,"30.0645,31.282",30.0645,31.282,42,74,28,0.950844,False
2026-05-19T03:00:00,Autostrad - Sheraton,"30.1065,31.3711",30.1065,31.3711,51,71,62,0.931474,False
2026-05-19T03:15:00,Tahrir Square,"30.0444,31.2357",30.0444,31.2357,61,61,59,0.9617,False
2026-05-19T03:30:00,Corniche El Nil,"30.0263,31.2268",30.0263,31.2268,26,67,73,0.924319,False
2026-05-19T03:45:00,Mosheer Tantawy Axis,"30.0242,31.3486",30.0242,31.3486,65,69,70,0.86644,False
2026-05-19T04:00:00,Rod El Farag Axis,"30.0881,31.2185",30.0881,31.2185,58,73,19,0.955028,False
2026-05-19T04:15:00,Ring Road - Marg,"30.1554,31.3323",30.1554,31.3323,65,76,27,0.97396,False
2026-05-19T04:30:00,Ring Road - Moneeb,"29.9881,31.2227",29.9881,31.2227,42,58,42,0.960771,False
2026-05-19T04:45:00,Gamaat El Dowal St,"30.0543,31.2005",30.0543,31.2005,46,61,36,0.939009,False
2026-05-19T05:00:00,Faisal Street,"30.0051,31.1574",30.0051,31.1574,47,58,74,0.891278,False
2026-05-19T05:15:00,North 90th Street,"30.0308,31.4721",30.0308,31.4721,57,61,26,0.908407,False
2026-05-19T05:30:00,South 90th Street,"30.0195,31.4326",30.0195,31.4326,52,68,55,0.93052,False
2026-05-19T05:45:00,Ring Road - Maadi,"29.9544,31.2858",29.9544,31.2858,61,61,35,0.892987,False
2026-05-19T06:00:00,October Bridge,"30.0526,31.2372",30.0526,31.2372,25,73,56,0.882702,False
2026-05-19T06:15:00,26th July Corridor,"30.0381,31.0264",30.0381,31.0264,41,59,13,0.935457,False
2026-05-19T06:30:00,Abbas El Akkad,"30.0631,31.3341",30.0631,31.3341,51,55,62,0.862106,False
2026-05-19T06:45:00,Galaa Square,"30.0398,31.2188",30.0398,31.2188,51,57,23,0.866212,False
2026-05-19T07:00:00,Salah Salem,"30.0645,31.282",30.0645,31.282,31,68,57,0.977512,False
2026-05-19T07:15:00,Autostrad - Sheraton,"30.1065,31.3711",30.1065,31.3711,30,61,82,0.903448,False
2026-05-19T07:30:00,Tahrir Square,"30.0444,31.2357",30.0444,31.2357,35,78,93,0.964518,False
2026-05-19T07:45:00,Corniche El Nil,"30.0263,31.2268",30.0263,31.2268,18,73,74,0.870934,False
2026-05-19T08:00:00,Mosheer Tantawy Axis,"30.0242,31.3486",30.0242,31.3486,33,78,82,0.903896,False
2026-05-19T08:15:00,Rod El Farag Axis,"30.0881,31.2185",30.0881,31.2185,29,57,118,0.966888,False
2026-05-19T08:30:00,Ring Road - Marg,"30.1554,31.3323",30.1554,31.3323,27,66,86,0.905621,False
2026-05-19T08:45:00,Ring Road - Moneeb,"29.9881,31.2227",29.9881,31.2227,21,68,110,0.928757,False
2026-05-19T09:00:00,Gamaat El Dowal St,"30.0543,31.2005",30.0543,31.2005,14,64,113,0.972338,False
2026-05-19T09:15:00,Faisal Street,"30.0051,31.1574",30.0051,31.1574,17,60,43,0.995154,False
2026-05-19T09:30:00,North 90th Street,"30.0308,31.4721",30.0308,31.4721,24,72,98,0.85356,False
2026-05-19T09:45:00,South 90th Street,"30.0195,31.4326",30.0195,31.4326,34,60,73,0.866827,False
2026-05-19T10:00:00,Ring Road - Maadi,"29.9544,31.2858",29.9544,31.2858,35,63,53,0.903822,False
2026-05-19T10:15:00,October Bridge,"30.0526,31.2372",30.0526,31.2372,29,61,45,0.978699,False
2026-05-19T10:30:00,26th July Corridor,"30.0381,31.0264",30.0381,31.0264,15,55,117,0.918645,False
2026-05-19T10:45:00,Abbas El Akkad,"30.0631,31.3341",30.0631,31.3341,22,62,55,0.896273,False
2026-05-19T11:00:00,Galaa Square,"30.0398,31.2188",30.0398,31.2188,48,58,36,0.956911,False
2026-05-19T11:15:00,Salah Salem,"30.0645,31.282",30.0645,31.282,45,80,57,0.964715,False
2026-05-19T11:30:00,Autostrad - Sheraton,"30.1065,31.3711",30.1065,31.3711,52,56,39,0.892761,False
2026-05-19T11:45:00,Tahrir Square,"30.0444,31.2357",30.0444,31.2357,26,60,71,0.928536,False
2026-05-19T12:00:00,Corniche El Nil,"30.0263,31.2268",30.0263,31.2268,47,78,78,0.978182,False
2026-05-19T12:15:00,Mosheer Tantawy Axis,"30.0242,31.3486",30.0242,31.3486,57,57,35,0.87548,False
2026-05-19T12:30:00,Rod El Farag Axis,"30.0881,31.2185",30.0881,31.2185,53,62,59,0.980958,False
2026-05-19T12:45:00,Ring Road - Marg,"30.1554,31.3323",30.1554,31.3323,40,68,64,0.945973,False
2026-05-19T13:00:00,Ring Road - Moneeb,"29.9881,31.2227",29.9881,31.2227,56,73,78,0.873744,False
2026-05-19T13:15:00,Gamaat El Dowal St,"30.0543,31.2005",30.0543,31.2005,32,57,24,0.875889,False
2026-05-19T13:30:00,Faisal Street,"30.0051,31.1574",30.0051,31.1574,39,76,51,0.894634,False
2026-05-19T13:45:00,North 90th Street,"30.0308,31.4721",30.0308,31.4721,64,76,69,0.86439,False
2026-05-19T14:00:00,South 90th Street,"30.0195,31.4326",30.0195,31.4326,33,59,13,0.959382,False
2026-05-19T14:15:00,Ring Road - Maadi,"29.9544,31.2858",29.9544,31.2858,27,73,70,0.914382,False
2026-05-19T14:30:00,October Bridge,"30.0526,31.2372",30.0526,31.2372,40,68,78,0.901085,False
2026-05-19T14:45:00,26th July Corridor,"30.0381,31.0264",30.0381,31.0264,60,61,67,0.915076,False
2026-05-19T15:00:00,Abbas El Akkad,"30.0631,31.3341",30.0631,31.3341,60,77,30,0.89907,False
2026-05-19T15:15:00,Galaa Square,"30.0398,31.2188",30.0398,31.2188,28,58,10,0.982949,False
2026-05-19T15:30:00,Salah Salem,"30.0645,31.282",30.0645,31.282,55,62,13,0.865558,False
2026-05-19T15:45:00,Autostrad - Sheraton,"30.1065,31.3711",30.1065,31.3711,46,57,69,0.997363,False
2026-05-19T16:00:00,Tahrir Square,"30.0444,31.2357",30.0444,31.2357,35,78,110,0.865024,False
2026-05-19T16:15:00,Corniche El Nil,"30.0263,31.2268",30.0263,31.2268,27,68,86,0.981116,False
2026-05-19T16:30:00,Mosheer Tantawy Axis,"30.0242,31.3486",30.0242,31.3486,29,70,74,0.994947,False
2026-05-19T16:45:00,Rod El Farag Axis,"30.0881,31.2185",30.0881,31.2185,24,75,50,0.983517,False
2026-05-19T17:00:00,Ring Road - Marg,"30.1554,31.3323",30.1554,31.3323,20,59,49,0.888727,False
2026-05-19T17:15:00,Ring Road - Moneeb,"29.9881,31.2227",29.9881,31.2227,35,63,40,0.898774,False
2026-05-19T17:30:00,Gamaat El Dowal St,"30.0543,31.2005",30.0543,31.2005,10,78,58,0.858105,False
2026-05-19T17:45:00,Faisal Street,"30.0051,31.1574",30.0051,31.1574,13,80,57,0.877883,False
2026-05-19T18:00:00,North 90th Street,"30.0308,31.4721",30.0308,31.4721,28,58,64,0.894213,False
2026-05-19T18:15:00,South 90th Street,"30.0195,31.4326",30.0195,31.4326,22,60,113,0.869763,False
2026-05-19T18:30:00,Ring Road - Maadi,"29.9544,31.2858",29.9544,31.2858,18,74,79,0.963414,False
2026-05-19T18:45:00,October Bridge,"30.0526,31.2372",30.0526,31.2372,35,57,41,0.885447,False
2026-05-19T19:00:00,26th July Corridor,"30.0381,31.0264",30.0381,31.0264,23,76,95,0.955499,False
2026-05-19T19:15:00,Abbas El Akkad,"30.0631,31.3341",30.0631,31.3341,28,70,63,0.952015,False
2026-05-19T19:30:00,Galaa Square,"30.0398,31.2188",30.0398,31.2188,30,66,54,0.854041,False
2026-05-19T19:45:00,Salah Salem,"30.0645,31.282",30.0645,31.282,33,69,87,0.864625,False
2026-05-19T20:00:00,Autostrad - Sheraton,"30.1065,31.3711",30.1065,31.3711,33,62,43,0.994247,False
2026-05-19T20:15:00,Tahrir Square,"30.0444,31.2357",30.0444,31.2357,12,58,46,0.860641,False
2026-05-19T20:30:00,Corniche El Nil,"30.0263,31.2268",30.0263,31.2268,10,68,76,0.880848,False
2026-05-19T20:45:00,Mosheer Tantawy Axis,"30.0242,31.3486",30.0242,31.3486,24,67,89,0.958288,False
2026-05-19T21:00:00,Rod El Farag Axis,"30.0881,31.2185",30.0881,31.2185,52,76,78,0.912803,False
2026-05-19T21:15:00,Ring Road - Marg,"30.1554,31.3323",30.1554,31.3323,54,78,64,0.944892,False
2026-05-19T21:30:00,Ring Road - Moneeb,"29.9881,31.2227",29.9881,31.2227,43,62,39,0.971318,False
2026-05-19T21:45:00,Gamaat El Dowal St,"30.0543,31.2005",30.0543,31.2005,41,76,19,0.94988,False
2026-05-19T22:00:00,Faisal Street,"30.0051,31.1574",30.0051,31.1574,25,64,27,0.876425,False
2026-05-19T22:15:00,North 90th Street,"30.0308,31.4721",30.0308,31.4721,56,69,31,0.975758,False
2026-05-19T22:30:00,South 90th Street,"30.0195,31.4326",30.0195,31.4326,58,58,25,0.952892,False
2026-05-19T22:45:00,Ring Road - Maadi,"29.9544,31.2858",29.9544,31.2858,63,68,37,0.913148,False
2026-05-19T23:00:00,October Bridge,"30.0526,31.2372",30.0526,31.2372,36,66,73,0.944886,False
2026-05-19T23:15:00,26th July Corridor,"30.0381,31.0264",30.0381,31.0264,63,78,21,0.896633,False
2026-05-19T23:30:00,Abbas El Akkad,"30.0631,31.3341",30.0631,31.3341,34,75,62,0.85297,False
2026-05-19T23:45:00,Galaa Square,"30.0398,31.2188",30.0398,31.2188,55,55,32,0.975728,False
2026-05-20T00:00:00,Salah Salem,"30.0645,31.282",30.0645,31.282,57,77,43,0.944009,False
2026-05-20T00:15:00,Autostrad - Sheraton,"30.1065,31.3711",30.1065,31.3711,56,58,79,0.940283,False
2026-05-20T00:30:00,Tahrir Square,"30.0444,31.2357",30.0444,31.2357,40,57,26,0.941042,False
2026-05-20T00:45:00,Corniche El Nil,"30.0263,31.2268",30.0263,31.2268,31,74,77,0.995757,False
2026-05-20T01:00:00,Mosheer Tantawy Axis,"30.0242,31.3486",30.0242,31.3486,37,79,25,0.856276,False
2026-05-20T01:15:00,Rod El Farag Axis,"30.0881,31.2185",30.0881,31.2185,33,72,49,0.99546,False
2026-05-20T01:30:00,Ring Road - Marg,"30.1554,31.3323",30.1554,31.3323,50,67,18,0.984355,False
2026-05-20T01:45:00,Ring Road - Moneeb,"29.9881,31.2227",29.9881,31.2227,36,62,61,0.978009,False
2026-05-20T02:00:00,Gamaat El Dowal St,"30.0543,31.2005",30.0543,31.2005,62,78,15,0.891926,False
2026-05-20T02:15:00,Faisal Street,"30.0051,31.1574",30.0051,31.1574,52,69,33,0.897547,False
2026-05-20T02:30:00,North 90th Street,"30.0308,31.4721",30.0308,31.4721,47,58,18,0.905451,False
2026-05-20T02:45:00,South 90th Street,"30.0195,31.4326",30.0195,31.4326,44,64,77,0.926666,False
2026-05-20T03:00:00,Ring Road - Maadi,"29.9544,31.2858",29.9544,31.2858,46,76,37,0.888564,False
2026-05-20T03:15:00,October Bridge,"30.0526,31.2372",30.0526,31.2372,34,68,74,0.960718,False
2026-05-20T03:30:00,26th July Corridor,"30.0381,31.0264",30.0381,31.0264,31,76,17,0.863492,False
2026-05-20T03:45:00,Abbas El Akkad,"30.0631,31.3341",30.0631,31.3341,49,55,41,0.976907,False
2026-05-20T04:00:00,Galaa Square,"30.0398,31.2188",30.0398,31.2188,46,57,55,0.908254,False
2026-05-20T04:15:00,Salah Salem,"30.0645,31.282",30.0645,31.282,65,68,32,0.913614,False
2026-05-20T04:30:00,Autostrad - Sheraton,"30.1065,31.3711",30.1065,31.3711,65,70,18,0.968136,False
2026-05-20T04:45:00,Tahrir Square,"30.0444,31.2357",30.0444,31.2357,53,66,80,0.997799,False
2026-05-20T05:00:00,Corniche El Nil,"30.0263,31.2268",30.0263,31.2268,25,55,35,0.915128,False
2026-05-20T05:15:00,Mosheer Tantawy Axis,"30.0242,31.3486",30.0242,31.3486,54,78,16,0.876758,False
2026-05-20T05:30:00,Rod El Farag Axis,"30.0881,31.2185",30.0881,31.2185,58,61,63,0.99764,False
2026-05-20T05:45:00,Ring Road - Marg,"30.1554,31.3323",30.1554,31.3323,45,76,46,0.870348,False
2026-05-20T06:00:00,Ring Road - Moneeb,"29.9881,31.2227",29.9881,31.2227,27,71,27,0.982075,False
2026-05-20T06:15:00,Gamaat El Dowal St,"30.0543,31.2005",30.0543,31.2005,25,60,33,0.961631,False
2026-05-20T06:30:00,Faisal Street,"30.0051,31.1574",30.0051,31.1574,52,65,68,0.876915,False
2026-05-20T06:45:00,North 90th Street,"30.0308,31.4721",30.0308,31.4721,29,55,78,0.992419,False
2026-05-20T07:00:00,South 90th Street,"30.0195,31.4326",30.0195,31.4326,22,75,72,0.973951,False
2026-05-20T07:15:00,Ring Road - Maadi,"29.9544,31.2858",29.9544,31.2858,26,76,68,0.877278,False
2026-05-20T07:30:00,October Bridge,"30.0526,31.2372",30.0526,31.2372,17,67,109,0.899964,False
2026-05-20T07:45:00,26th July Corridor,"30.0381,31.0264",30.0381,31.0264,28,61,79,0.887246,False
2026-05-20T08:00:00,Abbas El Akkad,"30.0631,31.3341",30.0631,31.3341,30,59,92,0.936973,False
2026-05-20T08:15:00,Galaa Square,"30.0398,31.2188",30.0398,31.2188,25,55,48,0.876757,False
2026-05-20T08:30:00,Salah Salem,"30.0645,31.282",30.0645,31.282,12,78,103,0.852567,False
2026-05-20T08:45:00,Autostrad - Sheraton,"30.1065,31.3711",30.1065,31.3711,21,72,90,0.878806,False
2026-05-20T09:00:00,Tahrir Square,"30.0444,31.2357",30.0444,31.2357,21,77,79,0.852122,False
2026-05-20T09:15:00,Corniche El Nil,"30.0263,31.2268",30.0263,31.2268,28,80,90,0.995513,False
2026-05-20T09:30:00,Mosheer Tantawy Axis,"30.0242,31.3486",30.0242,31.3486,22,71,60,0.937981,False
2026-05-20T09:45:00,Rod El Farag Axis,"30.0881,31.2185",30.0881,31.2185,33,63,82,0.878293,False
2026-05-20T10:00:00,Ring Road - Marg,"30.1554,31.3323",30.1554,31.3323,26,55,115,0.941603,False
2026-05-20T10:15:00,Ring Road - Moneeb,"29.9881,31.2227",29.9881,31.2227,30,67,102,0.944934,False
2026-05-20T10:30:00,Gamaat El Dowal St,"30.0543,31.2005",30.0543,31.2005,11,77,63,0.870372,False
2026-05-20T10:45:00,Faisal Street,"30.0051,31.1574",30.0051,31.1574,34,62,119,0.867785,False
2026-05-20T11:00:00,North 90th Street,"30.0308,31.4721",30.0308,31.4721,27,72,62,0.944823,False
2026-05-20T11:15:00,South 90th Street,"30.0195,31.4326",30.0195,31.4326,56,70,65,0.997539,False
2026-05-20T11:30:00,Ring Road - Maadi,"29.9544,31.2858",29.9544,31.2858,29,74,19,0.940484,False
2026-05-20T11:45:00,October Bridge,"30.0526,31.2372",30.0526,31.2372,43,70,41,0.883572,False
2026-05-20T12:00:00,26th July Corridor,"30.0381,31.0264",30.0381,31.0264,42,60,11,0.900092,False
2026-05-20T12:15:00,Abbas El Akkad,"30.0631,31.3341",30.0631,31.3341,28,74,77,0.958663,False
2026-05-20T12:30:00,Galaa Square,"30.0398,31.2188",30.0398,31.2188,44,79,61,0.909642,False
2026-05-20T12:45:00,Salah Salem,"30.0645,31.282",30.0645,31.282,29,65,53,0.967343,False
2026-05-20T13:00:00,Autostrad - Sheraton,"30.1065,31.3711",30.1065,31.3711,65,72,55,0.889488,False
2026-05-20T13:15:00,Tahrir Square,"30.0444,31.2357",30.0444,31.2357,47,62,35,0.904992,False
2026-05-20T13:30:00,Corniche El Nil,"30.0263,31.2268",30.0263,31.2268,56,71,23,0.969048,False
2026-05-20T13:45:00,Mosheer Tantawy Axis,"30.0242,31.3486",30.0242,31.3486,36,70,55,0.869639,False
2026-05-20T14:00:00,Rod El Farag Axis,"30.0881,31.2185",30.0881,31.2185,64,64,50,0.939417,False
2026-05-20T14:15:00,Ring Road - Marg,"30.1554,31.3323",30.1554,31.3323,28,57,32,0.874002,False
2026-05-20T14:30:00,Ring Road - Moneeb,"29.9881,31.2227",29.9881,31.2227,59,59,37,0.951995,False
2026-05-20T14:45:00,Gamaat El Dowal St,"30.0543,31.2005",30.0543,31.2005,63,73,70,0.896014,False
2026-05-20T15:00:00,Faisal Street,"30.0051,31.1574",30.0051,31.1574,64,66,66,0.903093,False
2026-05-20T15:15:00,North 90th Street,"30.0308,31.4721",30.0308,31.4721,50,72,12,0.921844,False
2026-05-20T15:30:00,South 90th Street,"30.0195,31.4326",30.0195,31.4326,59,80,66,0.896483,False
2026-05-20T15:45:00,Ring Road - Maadi,"29.9544,31.2858",29.9544,31.2858,58,74,11,0.915711,False
2026-05-20T16:00:00,October Bridge,"30.0526,31.2372",30.0526,31.2372,23,64,83,0.945191,False
2026-05-20T16:15:00,26th July Corridor,"30.0381,31.0264",30.0381,31.0264,18,78,51,0.919115,False
2026-05-20T16:30:00,Abbas El Akkad,"30.0631,31.3341",30.0631,31.3341,30,67,110,0.915609,False
2026-05-20T16:45:00,Galaa Square,"30.0398,31.2188",30.0398,31.2188,19,80,71,0.886718,False
2026-05-20T17:00:00,Salah Salem,"30.0645,31.282",30.0645,31.282,24,56,103,0.943845,False
2026-05-20T17:15:00,Autostrad - Sheraton,"30.1065,31.3711",30.1065,31.3711,29,75,109,0.877474,False
2026-05-20T17:30:00,Tahrir Square,"30.0444,31.2357",30.0444,31.2357,23,65,111,0.942783,False
2026-05-20T17:45:00,Corniche El Nil,"30.0263,31.2268",30.0263,31.2268,10,76,60,0.944173,False
2026-05-20T18:00:00,Mosheer Tantawy Axis,"30.0242,31.3486",30.0242,31.3486,27,74,67,0.986926,False
2026-05-20T18:15:00,Rod El Farag Axis,"30.0881,31.2185",30.0881,31.2185,27,59,44,0.921286,False
2026-05-20T18:30:00,Ring Road - Marg,"30.1554,31.3323",30.1554,31.3323,16,70,75,0.95824,False
2026-05-20T18:45:00,Ring Road - Moneeb,"29.9881,31.2227",29.9881,31.2227,21,63,84,0.873119,False
2026-05-20T19:00:00,Gamaat El Dowal St,"30.0543,31.2005",30.0543,31.2005,35,67,102,0.853881,False
2026-05-20T19:15:00,Faisal Street,"30.0051,31.1574",30.0051,31.1574,33,66,59,0.934562,False
2026-05-20T19:30:00,North 90th Street,"30.0308,31.4721",30.0308,31.4721,33,68,109,0.979585,False
2026-05-20T19:45:00,South 90th Street,"30.0195,31.4326",30.0195,31.4326,34,70,109,0.869167,False
2026-05-20T20:00:00,Ring Road - Maadi,"29.9544,31.2858",29.9544,31.2858,11,57,110,0.995636,False
2026-05-20T20:15:00,October Bridge,"30.0526,31.2372",30.0526,31.2372,34,66,94,0.89062,False
2026-05-20T20:30:00,26th July Corridor,"30.0381,31.0264",30.0381,31.0264,30,79,70,0.936752,False
2026-05-20T20:45:00,Abbas El Akkad,"30.0631,31.3341",30.0631,31.3341,31,58,81,0.875788,False
2026-05-20T21:00:00,Galaa Square,"30.0398,31.2188",30.0398,31.2188,65,65,65,0.943503,False
2026-05-20T21:15:00,Salah Salem,"30.0645,31.282",30.0645,31.282,41,79,27,0.879101,False
2026-05-20T21:30:00,Autostrad - Sheraton,"30.1065,31.3711",30.1065,31.3711,32,78,68,0.989429,False
2026-05-20T21:45:00,Tahrir Square,"30.0444,31.2357",30.0444,31.2357,60,75,13,0.934972,False
2026-05-20T22:00:00,Corniche El Nil,"30.0263,31.2268",30.0263,31.2268,45,72,60,0.99987,False
2026-05-20T22:15:00,Mosheer Tantawy Axis,"30.0242,31.3486",30.0242,31.3486,28,77,51,0.967896,False
2026-05-20T22:30:00,Rod El Farag Axis,"30.0881,31.2185",30.0881,31.2185,56,77,16,0.926697,False
2026-05-20T22:45:00,Ring Road - Marg,"30.1554,31.3323",30.1554,31.3323,40,72,58,0.958552,False
2026-05-20T23:00:00,Ring Road - Moneeb,"29.9881,31.2227",29.9881,31.2227,60,76,78,0.899994,False
2026-05-20T23:15:00,Gamaat El Dowal St,"30.0543,31.2005",30.0543,31.2005,63,63,13,0.874607,False
2026-05-20T23:30:00,Faisal Street,"30.0051,31.1574",30.0051,31.1574,47,65,69,0.894651,False
2026-05-20T23:45:00,North 90th Street,"30.0308,31.4721",30.0308,31.4721,55,55,49,0.990916,False
2026-05-21T00:00:00,South 90th Street,"30.0195,31.4326",30.0195,31.4326,31,76,69,0.919032,False
2026-05-21T00:15:00,Ring Road - Maadi,"29.9544,31.2858",29.9544,31.2858,41,78,69,0.945063,False
2026-05-21T00:30:00,October Bridge,"30.0526,31.2372",30.0526,31.2372,30,65,47,0.857694,False
2026-05-21T00:45:00,26th July Corridor,"30.0381,31.0264",30.0381,31.0264,50,69,59,0.919389,False
2026-05-21T01:00:00,Abbas El Akkad,"30.0631,31.3341",30.0631,31.3341,57,74,23,0.903875,False
2026-05-21T01:15:00,Galaa Square,"30.0398,31.2188",30.0398,31.2188,26,59,38,0.983386,False
2026-05-21T01:30:00,Salah Salem,"30.0645,31.282",30.0645,31.282,54,78,16,0.993276,False
2026-05-21T01:45:00,Autostrad - Sheraton,"30.1065,31.3711",30.1065,31.3711,34,59,26,0.984241,False
2026-05-21T02:00:00,Tahrir Square,"30.0444,31.2357",30.0444,31.2357,65,65,63,0.967822,False
2026-05-21T02:15:00,Corniche El Nil,"30.0263,31.2268",30.0263,31.2268,27,69,61,0.999262,False
2026-05-21T02:30:00,Mosheer Tantawy Axis,"30.0242,31.3486",30.0242,31.3486,49,79,76,0.962463,False
2026-05-21T02:45:00,Rod El Farag Axis,"30.0881,31.2185",30.0881,31.2185,34,78,17,0.971684,False
2026-05-21T03:00:00,Ring Road - Marg,"30.1554,31.3323",30.1554,31.3323,43,73,56,0.877791,False
2026-05-21T03:15:00,Ring Road - Moneeb,"29.9881,31.2227",29.9881,31.2227,65,65,59,0.895607,False
2026-05-21T03:30:00,Gamaat El Dowal St,"30.0543,31.2005",30.0543,31.2005,55,60,60,0.914051,False
2026-05-21T03:45:00,Faisal Street,"30.0051,31.1574",30.0051,31.1574,54,72,68,0.940929,False
2026-05-21T04:00:00,North 90th Street,"30.0308,31.4721",30.0308,31.4721,46,57,46,0.948363,False
2026-05-21T04:15:00,South 90th Street,"30.0195,31.4326",30.0195,31.4326,59,80,49,0.91304,False
2026-05-21T04:30:00,Ring Road - Maadi,"29.9544,31.2858",29.9544,31.2858,28,60,40,0.879797,False
2026-05-21T04:45:00,October Bridge,"30.0526,31.2372",30.0526,31.2372,61,61,38,0.979192,False
2026-05-21T05:00:00,26th July Corridor,"30.0381,31.0264",30.0381,31.0264,61,61,10,0.854604,False
2026-05-21T05:15:00,Abbas El Akkad,"30.0631,31.3341",30.0631,31.3341,50,61,33,0.891524,False
2026-05-21T05:30:00,Galaa Square,"30.0398,31.2188",30.0398,31.2188,34,63,10,0.945128,False
2026-05-21T05:45:00,Salah Salem,"30.0645,31.282",30.0645,31.282,28,77,13,0.909796,False
2026-05-21T06:00:00,Autostrad - Sheraton,"30.1065,31.3711",30.1065,31.3711,48,76,77,0.890205,False
2026-05-21T06:15:00,Tahrir Square,"30.0444,31.2357",30.0444,31.2357,25,59,14,0.969708,False
2026-05-21T06:30:00,Corniche El Nil,"30.0263,31.2268",30.0263,31.2268,31,63,36,0.896789,False
2026-05-21T06:45:00,Mosheer Tantawy Axis,"30.0242,31.3486",30.0242,31.3486,63,68,47,0.946283,False
2026-05-21T07:00:00,Rod El Farag Axis,"30.0881,31.2185",30.0881,31.2185,28,71,115,0.913819,False
2026-05-21T07:15:00,Ring Road - Marg,"30.1554,31.3323",30.1554,31.3323,23,80,80,0.912643,False
2026-05-21T07:30:00,Ring Road - Moneeb,"29.9881,31.2227",29.9881,31.2227,12,72,61,0.852983,False
2026-05-21T07:45:00,Gamaat El Dowal St,"30.0543,31.2005",30.0543,31.2005,34,73,54,0.931349,False
2026-05-21T08:00:00,Faisal Street,"30.0051,31.1574",30.0051,31.1574,18,58,101,0.997516,False
2026-05-21T08:15:00,North 90th Street,"30.0308,31.4721",30.0308,31.4721,10,77,119,0.926009,False
2026-05-21T08:30:00,South 90th Street,"30.0195,31.4326",30.0195,31.4326,30,55,86,0.850522,False
2026-05-21T08:45:00,Ring Road - Maadi,"29.9544,31.2858",29.9544,31.2858,29,62,71,0.852087,False
2026-05-21T09:00:00,October Bridge,"30.0526,31.2372",30.0526,31.2372,22,62,54,0.872574,False
2026-05-21T09:15:00,26th July Corridor,"30.0381,31.0264",30.0381,31.0264,20,62,112,0.877961,False
2026-05-21T09:30:00,Abbas El Akkad,"30.0631,31.3341",30.0631,31.3341,21,68,51,0.918116,False
2026-05-21T09:45:00,Galaa Square,"30.0398,31.2188",30.0398,31.2188,31,59,118,0.864857,False
2026-05-21T10:00:00,Salah Salem,"30.0645,31.282",30.0645,31.282,19,68,111,0.920464,False
2026-05-21T10:15:00,Autostrad - Sheraton,"30.1065,31.3711",30.1065,31.3711,30,67,42,0.964656,False
2026-05-21T10:30:00,Tahrir Square,"30.0444,31.2357",30.0444,31.2357,13,73,114,0.978397,False
2026-05-21T10:45:00,Corniche El Nil,"30.0263,31.2268",30.0263,31.2268,24,68,119,0.928752,False
2026-05-21T11:00:00,Mosheer Tantawy Axis,"30.0242,31.3486",30.0242,31.3486,37,55,76,0.958962,False
2026-05-21T11:15:00,Rod El Farag Axis,"30.0881,31.2185",30.0881,31.2185,52,56,19,0.931125,False
2026-05-21T11:30:00,Ring Road - Marg,"30.1554,31.3323",30.1554,31.3323,56,72,71,0.945537,False
2026-05-21T11:45:00,Ring Road - Moneeb,"29.9881,31.2227",29.9881,31.2227,35,55,36,0.851866,False
2026-05-21T12:00:00,Gamaat El Dowal St,"30.0543,31.2005",30.0543,31.2005,38,60,37,0.894163,False
2026-05-21T12:15:00,Faisal Street,"30.0051,31.1574",30.0051,31.1574,61,79,67,0.933979,False
2026-05-21T12:30:00,North 90th Street,"30.0308,31.4721",30.0308,31.4721,48,80,19,0.865084,False
2026-05-21T12:45:00,South 90th Street,"30.0195,31.4326",30.0195,31.4326,58,79,79,0.875749,False
2026-05-21T13:00:00,Ring Road - Maadi,"29.9544,31.2858",29.9544,31.2858,32,69,54,0.877453,False
2026-05-21T13:15:00,October Bridge,"30.0526,31.2372",30.0526,31.2372,51,59,32,0.95088,False
2026-05-21T13:30:00,26th July Corridor,"30.0381,31.0264",30.0381,31.0264,31,71,29,0.940639,False
2026-05-21T13:45:00,Abbas El Akkad,"30.0631,31.3341",30.0631,31.3341,27,68,17,0.928194,False
2026-05-21T14:00:00,Galaa Square,"30.0398,31.2188",30.0398,31.2188,44,71,54,0.961039,False
2026-05-21T14:15:00,Salah Salem,"30.0645,31.282",30.0645,31.282,50,77,33,0.852351,False
2026-05-21T14:30:00,Autostrad - Sheraton,"30.1065,31.3711",30.1065,31.3711,39,78,65,0.902225,False
2026-05-21T14:45:00,Tahrir Square,"30.0444,31.2357",30.0444,31.2357,63,67,58,0.949893,False
2026-05-21T15:00:00,Corniche El Nil,"30.0263,31.2268",30.0263,31.2268,27,79,27,0.871783,False
2026-05-21T15:15:00,Mosheer Tantawy Axis,"30.0242,31.3486",30.0242,31.3486,44,55,33,0.928499,False
2026-05-21T15:30:00,Rod El Farag Axis,"30.0881,31.2185",30.0881,31.2185,29,65,47,0.994683,False
2026-05-21T15:45:00,Ring Road - Marg,"30.1554,31.3323",30.1554,31.3323,62,69,80,0.983103,False
2026-05-21T16:00:00,Ring Road - Moneeb,"29.9881,31.2227",29.9881,31.2227,26,74,43,0.87074,False
2026-05-21T16:15:00,Gamaat El Dowal St,"30.0543,31.2005",30.0543,31.2005,34,74,118,0.88256,False
2026-05-21T16:30:00,Faisal Street,"30.0051,31.1574",30.0051,31.1574,35,65,105,0.988218,False
2026-05-21T16:45:00,North 90th Street,"30.0308,31.4721",30.0308,31.4721,21,63,66,0.921386,False
2026-05-21T17:00:00,South 90th Street,"30.0195,31.4326",30.0195,31.4326,13,74,70,0.933202,False
2026-05-21T17:15:00,Ring Road - Maadi,"29.9544,31.2858",29.9544,31.2858,18,79,66,0.900259,False
2026-05-21T17:30:00,October Bridge,"30.0526,31.2372",30.0526,31.2372,32,71,53,0.886443,False
2026-05-21T17:45:00,26th July Corridor,"30.0381,31.0264",30.0381,31.0264,20,61,51,0.914605,False
2026-05-21T18:00:00,Abbas El Akkad,"30.0631,31.3341",30.0631,31.3341,12,78,71,0.965889,False
2026-05-21T18:15:00,Galaa Square,"30.0398,31.2188",30.0398,31.2188,16,58,56,0.900241,False
2026-05-21T18:30:00,Salah Salem,"30.0645,31.282",30.0645,31.282,27,71,67,0.991806,False
2026-05-21T18:45:00,Autostrad - Sheraton,"30.1065,31.3711",30.1065,31.3711,13,78,43,0.945916,False
2026-05-21T19:00:00,Tahrir Square,"30.0444,31.2357",30.0444,31.2357,28,61,120,0.993313,False
2026-05-21T19:15:00,Corniche El Nil,"30.0263,31.2268",30.0263,31.2268,20,68,91,0.860618,False
2026-05-21T19:30:00,Mosheer Tantawy Axis,"30.0242,31.3486",30.0242,31.3486,14,65,48,0.925518,False
2026-05-21T19:45:00,Rod El Farag Axis,"30.0881,31.2185",30.0881,31.2185,26,68,93,0.973922,False
2026-05-21T20:00:00,Ring Road - Marg,"30.1554,31.3323",30.1554,31.3323,26,64,56,0.908299,False
2026-05-21T20:15:00,Ring Road - Moneeb,"29.9881,31.2227",29.9881,31.2227,32,59,49,0.942852,False
2026-05-21T20:30:00,Gamaat El Dowal St,"30.0543,31.2005",30.0543,31.2005,14,79,63,0.949649,False
2026-05-21T20:45:00,Faisal Street,"30.0051,31.1574",30.0051,31.1574,18,65,47,0.915628,False
2026-05-21T21:00:00,North 90th Street,"30.0308,31.4721",30.0308,31.4721,44,71,79,0.947732,False
2026-05-21T21:15:00,South 90th Street,"30.0195,31.4326",30.0195,31.4326,42,55,75,0.969651,False
2026-05-21T21:30:00,Ring Road - Maadi,"29.9544,31.2858",29.9544,31.2858,33,62,78,0.867732,False
2026-05-21T21:45:00,October Bridge,"30.0526,31.2372",30.0526,31.2372,35,73,52,0.969549,False
2026-05-21T22:00:00,26th July Corridor,"30.0381,31.0264",30.0381,31.0264,36,56,33,0.938398,False
2026-05-21T22:15:00,Abbas El Akkad,"30.0631,31.3341",30.0631,31.3341,49,75,17,0.989611,False
2026-05-21T22:30:00,Galaa Square,"30.0398,31.2188",30.0398,31.2188,35,72,24,0.852072,False
2026-05-21T22:45:00,Salah Salem,"30.0645,31.282",30.0645,31.282,60,60,43,0.908692,False
2026-05-21T23:00:00,Autostrad - Sheraton,"30.1065,31.3711",30.1065,31.3711,40,59,27,0.921323,False
2026-05-21T23:15:00,Tahrir Square,"30.0444,31.2357",30.0444,31.2357,25,59,44,0.971399,False
2026-05-21T23:30:00,Corniche El Nil,"30.0263,31.2268",30.0263,31.2268,49,69,66,0.879917,False
2026-05-21T23:45:00,Mosheer Tantawy Axis,"30.0242,31.3486",30.0242,31.3486,48,79,59,0.888015,False
2026-05-22T00:00:00,Rod El Farag Axis,"30.0881,31.2185",30.0881,31.2185,36,75,13,0.944202,False
2026-05-22T00:15:00,Ring Road - Marg,"30.1554,31.3323",30.1554,31.3323,45,71,41,0.882292,False
2026-05-22T00:30:00,Ring Road - Moneeb,"29.9881,31.2227",29.9881,31.2227,67,74,8,0.926092,False
2026-05-22T00:45:00,Gamaat El Dowal St,"30.0543,31.2005",30.0543,31.2005,57,68,17,0.973296,False
2026-05-22T01:00:00,Faisal Street,"30.0051,31.1574",30.0051,31.1574,48,62,31,0.944358,False
2026-05-22T01:15:00,North 90th Street,"30.0308,31.4721",30.0308,31.4721,73,73,11,0.929973,False
2026-05-22T01:30:00,South 90th Street,"30.0195,31.4326",30.0195,31.4326,44,64,9,0.933396,False
2026-05-22T01:45:00,Ring Road - Maadi,"29.9544,31.2858",29.9544,31.2858,60,69,10,0.963318,False
2026-05-22T02:00:00,October Bridge,"30.0526,31.2372",30.0526,31.2372,49,64,12,0.967969,False
2026-05-22T02:15:00,26th July Corridor,"30.0381,31.0264",30.0381,31.0264,67,79,30,0.940802,False
2026-05-22T02:30:00,Abbas El Akkad,"30.0631,31.3341",30.0631,31.3341,75,75,46,0.992215,False
2026-05-22T02:45:00,Galaa Square,"30.0398,31.2188",30.0398,31.2188,75,75,10,0.856559,False
2026-05-22T03:00:00,Salah Salem,"30.0645,31.282",30.0645,31.282,58,58,47,0.908925,False
2026-05-22T03:15:00,Autostrad - Sheraton,"30.1065,31.3711",30.1065,31.3711,38,60,25,0.963486,False
2026-05-22T03:30:00,Tahrir Square,"30.0444,31.2357",30.0444,31.2357,57,70,27,0.989738,False
2026-05-22T03:45:00,Corniche El Nil,"30.0263,31.2268",30.0263,31.2268,54,55,27,0.928588,False
2026-05-22T04:00:00,Mosheer Tantawy Axis,"30.0242,31.3486",30.0242,31.3486,56,71,31,0.895799,False
2026-05-22T04:15:00,Rod El Farag Axis,"30.0881,31.2185",30.0881,31.2185,68,68,35,0.864416,False
2026-05-22T04:30:00,Ring Road - Marg,"30.1554,31.3323",30.1554,31.3323,70,70,24,0.87044,False
2026-05-22T04:45:00,Ring Road - Moneeb,"29.9881,31.2227",29.9881,31.2227,42,70,20,0.857714,False
2026-05-22T05:00:00,Gamaat El Dowal St,"30.0543,31.2005",30.0543,31.2005,42,59,38,0.941661,False
2026-05-22T05:15:00,Faisal Street,"30.0051,31.1574",30.0051,31.1574,61,69,49,0.899411,False
2026-05-22T05:30:00,North 90th Street,"30.0308,31.4721",30.0308,31.4721,50,67,37,0.893017,False
2026-05-22T05:45:00,South 90th Street,"30.0195,31.4326",30.0195,31.4326,39,60,41,0.917236,False
2026-05-22T06:00:00,Ring Road - Maadi,"29.9544,31.2858",29.9544,31.2858,66,66,33,0.977416,False
2026-05-22T06:15:00,October Bridge,"30.0526,31.2372",30.0526,31.2372,46,66,16,0.880125,False
2026-05-22T06:30:00,26th July Corridor,"30.0381,31.0264",30.0381,31.0264,57,69,42,0.876022,False
2026-05-22T06:45:00,Abbas El Akkad,"30.0631,31.3341",30.0631,31.3341,36,77,18,0.92021,False
2026-05-22T07:00:00,Galaa Square,"30.0398,31.2188",30.0398,31.2188,58,59,34,0.977991,False
2026-05-22T07:15:00,Salah Salem,"30.0645,31.282",30.0645,31.282,38,78,27,0.897969,False
2026-05-22T07:30:00,Autostrad - Sheraton,"30.1065,31.3711",30.1065,31.3711,44,66,20,0.912315,False
2026-05-22T07:45:00,Tahrir Square,"30.0444,31.2357",30.0444,31.2357,63,72,22,0.873962,False
2026-05-22T08:00:00,Corniche El Nil,"30.0263,31.2268",30.0263,31.2268,68,72,32,0.978092,False
2026-05-22T08:15:00,Mosheer Tantawy Axis,"30.0242,31.3486",30.0242,31.3486,63,69,41,0.990734,False
2026-05-22T08:30:00,Rod El Farag Axis,"30.0881,31.2185",30.0881,31.2185,60,60,38,0.982166,False
2026-05-22T08:45:00,Ring Road - Marg,"30.1554,31.3323",30.1554,31.3323,54,63,13,0.973299,False
2026-05-22T09:00:00,Ring Road - Moneeb,"29.9881,31.2227",29.9881,31.2227,35,63,42,0.884722,False
2026-05-22T09:15:00,Gamaat El Dowal St,"30.0543,31.2005",30.0543,31.2005,42,58,32,0.899315,False
2026-05-22T09:30:00,Faisal Street,"30.0051,31.1574",30.0051,31.1574,63,73,27,0.937323,False
2026-05-22T09:45:00,North 90th Street,"30.0308,31.4721",30.0308,31.4721,63,70,48,0.956079,False
2026-05-22T10:00:00,South 90th Street,"30.0195,31.4326",30.0195,31.4326,38,73,31,0.948873,False
2026-05-22T10:15:00,Ring Road - Maadi,"29.9544,31.2858",29.9544,31.2858,58,72,11,0.884925,False
2026-05-22T10:30:00,October Bridge,"30.0526,31.2372",30.0526,31.2372,69,74,27,0.862089,False
2026-05-22T10:45:00,26th July Corridor,"30.0381,31.0264",30.0381,31.0264,75,75,34,0.996575,False
2026-05-22T11:00:00,Abbas El Akkad,"30.0631,31.3341",30.0631,31.3341,36,67,49,0.989636,False
2026-05-22T11:15:00,Galaa Square,"30.0398,31.2188",30.0398,31.2188,36,58,49,0.930889,False
2026-05-22T11:30:00,Salah Salem,"30.0645,31.282",30.0645,31.282,69,69,25,0.970975,False
2026-05-22T11:45:00,Autostrad - Sheraton,"30.1065,31.3711",30.1065,31.3711,58,62,13,0.957191,False
2026-05-22T12:00:00,Tahrir Square,"30.0444,31.2357",30.0444,31.2357,60,60,43,0.895413,False
2026-05-22T12:15:00,Corniche El Nil,"30.0263,31.2268",30.0263,31.2268,65,71,42,0.925892,False
2026-05-22T12:30:00,Mosheer Tantawy Axis,"30.0242,31.3486",30.0242,31.3486,47,77,46,0.958896,False
2026-05-22T12:45:00,Rod El Farag Axis,"30.0881,31.2185",30.0881,31.2185,48,61,40,0.977931,False
2026-05-22T13:00:00,Ring Road - Marg,"30.1554,31.3323",30.1554,31.3323,68,68,7,0.865882,False
2026-05-22T13:15:00,Ring Road - Moneeb,"29.9881,31.2227",29.9881,31.2227,42,72,9,0.939335,False
2026-05-22T13:30:00,Gamaat El Dowal St,"30.0543,31.2005",30.0543,31.2005,65,65,7,0.978436,False
2026-05-22T13:45:00,Faisal Street,"30.0051,31.1574",30.0051,31.1574,43,64,9,0.851938,False
2026-05-22T14:00:00,North 90th Street,"30.0308,31.4721",30.0308,31.4721,54,57,43,0.966308,False
2026-05-22T14:15:00,South 90th Street,"30.0195,31.4326",30.0195,31.4326,65,66,24,0.93258,False
2026-05-22T14:30:00,Ring Road - Maadi,"29.9544,31.2858",29.9544,31.2858,52,69,13,0.870653,False
2026-05-22T14:45:00,October Bridge,"30.0526,31.2372",30.0526,31.2372,56,79,44,0.891287,False
2026-05-22T15:00:00,26th July Corridor,"30.0381,31.0264",30.0381,31.0264,39,57,36,0.94418,False
2026-05-22T15:15:00,Abbas El Akkad,"30.0631,31.3341",30.0631,31.3341,53,70,31,0.998094,False
2026-05-22T15:30:00,Galaa Square,"30.0398,31.2188",30.0398,31.2188,39,74,49,0.867469,False
2026-05-22T15:45:00,Salah Salem,"30.0645,31.282",30.0645,31.282,60,63,35,0.961207,False
2026-05-22T16:00:00,Autostrad - Sheraton,"30.1065,31.3711",30.1065,31.3711,51,72,44,0.910949,False
2026-05-22T16:15:00,Tahrir Square,"30.0444,31.2357",30.0444,31.2357,36,58,25,0.952703,False
2026-05-22T16:30:00,Corniche El Nil,"30.0263,31.2268",30.0263,31.2268,38,79,24,0.908745,False
2026-05-22T16:45:00,Mosheer Tantawy Axis,"30.0242,31.3486",30.0242,31.3486,39,62,6,0.927101,False
2026-05-22T17:00:00,Rod El Farag Axis,"30.0881,31.2185",30.0881,31.2185,50,72,20,0.904488,False
2026-05-22T17:15:00,Ring Road - Marg,"30.1554,31.3323",30.1554,31.3323,45,62,22,0.886065,False
2026-05-22T17:30:00,Ring Road - Moneeb,"29.9881,31.2227",29.9881,31.2227,42,60,41,0.862078,False
2026-05-22T17:45:00,Gamaat El Dowal St,"30.0543,31.2005",30.0543,31.2005,60,62,35,0.980175,False
2026-05-22T18:00:00,Faisal Street,"30.0051,31.1574",30.0051,31.1574,70,72,20,0.985554,False
2026-05-22T18:15:00,North 90th Street,"30.0308,31.4721",30.0308,31.4721,49,60,44,0.984426,False
2026-05-22T18:30:00,South 90th Street,"30.0195,31.4326",30.0195,31.4326,52,60,41,0.998254,False
2026-05-22T18:45:00,Ring Road - Maadi,"29.9544,31.2858",29.9544,31.2858,68,68,40,0.909985,False
2026-05-22T19:00:00,October Bridge,"30.0526,31.2372",30.0526,31.2372,58,76,47,0.945084,False
2026-05-22T19:15:00,26th July Corridor,"30.0381,31.0264",30.0381,31.0264,48,65,25,0.873884,False
2026-05-22T19:30:00,Abbas El Akkad,"30.0631,31.3341",30.0631,31.3341,65,69,47,0.996786,False
2026-05-22T19:45:00,Galaa Square,"30.0398,31.2188",30.0398,31.2188,60,79,11,0.941919,False
2026-05-22T20:00:00,Salah Salem,"30.0645,31.282",30.0645,31.282,62,67,46,0.91014,False
2026-05-22T20:15:00,Autostrad - Sheraton,"30.1065,31.3711",30.1065,31.3711,45,63,9,0.97624,False
2026-05-22T20:30:00,Tahrir Square,"30.0444,31.2357",30.0444,31.2357,61,61,21,0.902493,False
2026-05-22T20:45:00,Corniche El Nil,"30.0263,31.2268",30.0263,31.2268,39,62,44,0.946205,False
2026-05-22T21:00:00,Mosheer Tantawy Axis,"30.0242,31.3486",30.0242,31.3486,46,70,30,0.973387,False
2026-05-22T21:15:00,Rod El Farag Axis,"30.0881,31.2185",30.0881,31.2185,44,61,10,0.964112,False
2026-05-22T21:30:00,Ring Road - Marg,"30.1554,31.3323",30.1554,31.3323,68,68,17,0.858458,False
2026-05-22T21:45:00,Ring Road - Moneeb,"29.9881,31.2227",29.9881,31.2227,69,71,38,0.982027,False
2026-05-22T22:00:00,Gamaat El Dowal St,"30.0543,31.2005",30.0543,31.2005,67,67,5,0.939699,False
2026-05-22T22:15:00,Faisal Street,"30.0051,31.1574",30.0051,31.1574,46,78,47,0.983634,False
2026-05-22T22:30:00,North 90th Street,"30.0308,31.4721",30.0308,31.4721,64,64,10,0.963547,False
2026-05-22T22:45:00,South 90th Street,"30.0195,31.4326",30.0195,31.4326,37,75,23,0.901486,False
2026-05-22T23:00:00,Ring Road - Maadi,"29.9544,31.2858",29.9544,31.2858,45,78,8,0.95731,False
2026-05-22T23:15:00,October Bridge,"30.0526,31.2372",30.0526,31.2372,42,74,15,0.980362,False
2026-05-22T23:30:00,26th July Corridor,"30.0381,31.0264",30.0381,31.0264,46,62,36,0.898597,False
2026-05-22T23:45:00,Abbas El Akkad,"30.0631,31.3341",30.0631,31.3341,38,74,14,0.954699,False
2026-05-23T00:00:00,Galaa Square,"30.0398,31.2188",30.0398,31.2188,52,72,32,0.912956,False
2026-05-23T00:15:00,Salah Salem,"30.0645,31.282",30.0645,31.282,73,73,14,0.978957,False
2026-05-23T00:30:00,Autostrad - Sheraton,"30.1065,31.3711",30.1065,31.3711,69,69,18,0.909131,False
2026-05-23T00:45:00,Tahrir Square,"30.0444,31.2357",30.0444,31.2357,52,65,35,0.91018,False
2026-05-23T01:00:00,Corniche El Nil,"30.0263,31.2268",30.0263,31.2268,42,74,8,0.965757,False
2026-05-23T01:15:00,Mosheer Tantawy Axis,"30.0242,31.3486",30.0242,31.3486,68,68,18,0.867359,False
2026-05-23T01:30:00,Rod El Farag Axis,"30.0881,31.2185",30.0881,31.2185,41,60,13,0.857263,False
2026-05-23T01:45:00,Ring Road - Marg,"30.1554,31.3323",30.1554,31.3323,60,68,42,0.86434,False
2026-05-23T02:00:00,Ring Road - Moneeb,"29.9881,31.2227",29.9881,31.2227,53,79,29,0.888786,False
2026-05-23T02:15:00,Gamaat El Dowal St,"30.0543,31.2005",30.0543,31.2005,38,77,25,0.984923,False
2026-05-23T02:30:00,Faisal Street,"30.0051,31.1574",30.0051,31.1574,59,62,32,0.859331,False
2026-05-23T02:45:00,North 90th Street,"30.0308,31.4721",30.0308,31.4721,63,68,23,0.859951,False
2026-05-23T03:00:00,South 90th Street,"30.0195,31.4326",30.0195,31.4326,52,74,26,0.896627,False
2026-05-23T03:15:00,Ring Road - Maadi,"29.9544,31.2858",29.9544,31.2858,41,67,37,0.891371,False
2026-05-23T03:30:00,October Bridge,"30.0526,31.2372",30.0526,31.2372,46,58,50,0.999465,False
2026-05-23T03:45:00,26th July Corridor,"30.0381,31.0264",30.0381,31.0264,47,74,13,0.926024,False
2026-05-23T04:00:00,Abbas El Akkad,"30.0631,31.3341",30.0631,31.3341,38,64,30,0.954857,False
2026-05-23T04:15:00,Galaa Square,"30.0398,31.2188",30.0398,31.2188,70,70,14,0.893324,False
2026-05-23T04:30:00,Salah Salem,"30.0645,31.282",30.0645,31.282,63,71,26,0.940963,False
2026-05-23T04:45:00,Autostrad - Sheraton,"30.1065,31.3711",30.1065,31.3711,39,67,12,0.92459,False
2026-05-23T05:00:00,Tahrir Square,"30.0444,31.2357",30.0444,31.2357,39,58,43,0.858558,False
2026-05-23T05:15:00,Corniche El Nil,"30.0263,31.2268",30.0263,31.2268,62,76,18,0.941378,False
2026-05-23T05:30:00,Mosheer Tantawy Axis,"30.0242,31.3486",30.0242,31.3486,45,78,33,0.883899,False
2026-05-23T05:45:00,Rod El Farag Axis,"30.0881,31.2185",30.0881,31.2185,68,68,18,0.987864,False
2026-05-23T06:00:00,Ring Road - Marg,"30.1554,31.3323",30.1554,31.3323,75,75,18,0.95203,False
2026-05-23T06:15:00,Ring Road - Moneeb,"29.9881,31.2227",29.9881,31.2227,49,67,41,0.915014,False
2026-05-23T06:30:00,Gamaat El Dowal St,"30.0543,31.2005",30.0543,31.2005,68,68,46,0.968779,False
2026-05-23T06:45:00,Faisal Street,"30.0051,31.1574",30.0051,31.1574,45,61,10,0.898679,False
2026-05-23T07:00:00,North 90th Street,"30.0308,31.4721",30.0308,31.4721,71,71,23,0.963662,False
2026-05-23T07:15:00,South 90th Street,"30.0195,31.4326",30.0195,31.4326,37,62,47,0.967404,False
2026-05-23T07:30:00,Ring Road - Maadi,"29.9544,31.2858",29.9544,31.2858,48,74,20,0.99005,False
2026-05-23T07:45:00,October Bridge,"30.0526,31.2372",30.0526,31.2372,54,80,29,0.949797,False
2026-05-23T08:00:00,26th July Corridor,"30.0381,31.0264",30.0381,31.0264,46,71,36,0.886116,False
2026-05-23T08:15:00,Abbas El Akkad,"30.0631,31.3341",30.0631,31.3341,70,70,26,0.912374,False
2026-05-23T08:30:00,Galaa Square,"30.0398,31.2188",30.0398,31.2188,65,65,17,0.850373,False
2026-05-23T08:45:00,Salah Salem,"30.0645,31.282",30.0645,31.282,36,74,43,0.937099,False
2026-05-23T09:00:00,Autostrad - Sheraton,"30.1065,31.3711",30.1065,31.3711,58,58,25,0.936713,False
2026-05-23T09:15:00,Tahrir Square,"30.0444,31.2357",30.0444,31.2357,44,78,43,0.974302,False
2026-05-23T09:30:00,Corniche El Nil,"30.0263,31.2268",30.0263,31.2268,51,79,23,0.957413,False
2026-05-23T09:45:00,Mosheer Tantawy Axis,"30.0242,31.3486",30.0242,31.3486,41,63,34,0.99115,False
2026-05-23T10:00:00,Rod El Farag Axis,"30.0881,31.2185",30.0881,31.2185,37,66,32,0.96728,False
2026-05-23T10:15:00,Ring Road - Marg,"30.1554,31.3323",30.1554,31.3323,39,66,43,0.966801,False
2026-05-23T10:30:00,Ring Road - Moneeb,"29.9881,31.2227",29.9881,31.2227,56,61,42,0.925157,False
2026-05-23T10:45:00,Gamaat El Dowal St,"30.0543,31.2005",30.0543,31.2005,54,61,28,0.870819,False
2026-05-23T11:00:00,Faisal Street,"30.0051,31.1574",30.0051,31.1574,46,59,48,0.888479,False
2026-05-23T11:15:00,North 90th Street,"30.0308,31.4721",30.0308,31.4721,69,69,13,0.930096,False
2026-05-23T11:30:00,South 90th Street,"30.0195,31.4326",30.0195,31.4326,59,59,21,0.94928,False
2026-05-23T11:45:00,Ring Road - Maadi,"29.9544,31.2858",29.9544,31.2858,63,70,45,0.86254,False
2026-05-23T12:00:00,October Bridge,"30.0526,31.2372",30.0526,31.2372,42,77,32,0.859258,False
2026-05-23T12:15:00,26th July Corridor,"30.0381,31.0264",30.0381,31.0264,62,62,25,0.989004,False
2026-05-23T12:30:00,Abbas El Akkad,"30.0631,31.3341",30.0631,31.3341,54,75,11,0.931119,False
2026-05-23T12:45:00,Galaa Square,"30.0398,31.2188",30.0398,31.2188,35,71,31,0.876064,False
2026-05-23T13:00:00,Salah Salem,"30.0645,31.282",30.0645,31.282,63,78,38,0.887442,False
2026-05-23T13:15:00,Autostrad - Sheraton,"30.1065,31.3711",30.1065,31.3711,68,68,34,0.890202,False
2026-05-23T13:30:00,Tahrir Square,"30.0444,31.2357",30.0444,31.2357,38,73,43,0.969772,False
2026-05-23T13:45:00,Corniche El Nil,"30.0263,31.2268",30.0263,31.2268,35,64,12,0.972952,False
2026-05-23T14:00:00,Mosheer Tantawy Axis,"30.0242,31.3486",30.0242,31.3486,71,71,13,0.914511,False
2026-05-23T14:15:00,Rod El Farag Axis,"30.0881,31.2185",30.0881,31.2185,65,77,8,0.889544,False
2026-05-23T14:30:00,Ring Road - Marg,"30.1554,31.3323",30.1554,31.3323,53,64,14,0.950483,False
2026-05-23T14:45:00,Ring Road - Moneeb,"29.9881,31.2227",29.9881,31.2227,43,64,6,0.911066,False
2026-05-23T15:00:00,Gamaat El Dowal St,"30.0543,31.2005",30.0543,31.2005,53,68,32,0.916976,False
2026-05-23T15:15:00,Faisal Street,"30.0051,31.1574",30.0051,31.1574,44,72,7,0.87814,False
2026-05-23T15:30:00,North 90th Street,"30.0308,31.4721",30.0308,31.4721,67,67,12,0.922297,False
2026-05-23T15:45:00,South 90th Street,"30.0195,31.4326",30.0195,31.4326,47,75,49,0.992359,False
2026-05-23T16:00:00,Ring Road - Maadi,"29.9544,31.2858",29.9544,31.2858,54,66,27,0.979158,False
2026-05-23T16:15:00,October Bridge,"30.0526,31.2372",30.0526,31.2372,60,66,12,0.898559,False
2026-05-23T16:30:00,26th July Corridor,"30.0381,31.0264",30.0381,31.0264,59,66,27,0.87647,False
2026-05-23T16:45:00,Abbas El Akkad,"30.0631,31.3341",30.0631,31.3341,35,71,32,0.886593,False
2026-05-23T17:00:00,Galaa Square,"30.0398,31.2188",30.0398,31.2188,68,78,34,0.850176,False
2026-05-23T17:15:00,Salah Salem,"30.0645,31.282",30.0645,31.282,70,70,21,0.947349,False
2026-05-23T17:30:00,Autostrad - Sheraton,"30.1065,31.3711",30.1065,31.3711,72,72,17,0.926164,False
2026-05-23T17:45:00,Tahrir Square,"30.0444,31.2357",30.0444,31.2357,38,66,42,0.966396,False
2026-05-23T18:00:00,Corniche El Nil,"30.0263,31.2268",30.0263,31.2268,74,74,43,0.915618,False
2026-05-23T18:15:00,Mosheer Tantawy Axis,"30.0242,31.3486",30.0242,31.3486,75,75,7,0.91672,False
2026-05-23T18:30:00,Rod El Farag Axis,"30.0881,31.2185",30.0881,31.2185,75,75,49,0.915109,False
2026-05-23T18:45:00,Ring Road - Marg,"30.1554,31.3323",30.1554,31.3323,58,60,31,0.882975,False
2026-05-23T19:00:00,Ring Road - Moneeb,"29.9881,31.2227",29.9881,31.2227,63,63,28,0.886155,False
2026-05-23T19:15:00,Gamaat El Dowal St,"30.0543,31.2005",30.0543,31.2005,65,76,35,0.951603,False
2026-05-23T19:30:00,Faisal Street,"30.0051,31.1574",30.0051,31.1574,40,67,13,0.928072,False
2026-05-23T19:45:00,North 90th Street,"30.0308,31.4721",30.0308,31.4721,58,58,50,0.923729,False
2026-05-23T20:00:00,South 90th Street,"30.0195,31.4326",30.0195,31.4326,68,68,27,0.944006,False
2026-05-23T20:15:00,Ring Road - Maadi,"29.9544,31.2858",29.9544,31.2858,62,62,41,0.88344,False
2026-05-23T20:30:00,October Bridge,"30.0526,31.2372",30.0526,31.2372,53,69,26,0.982751,False
2026-05-23T20:45:00,26th July Corridor,"30.0381,31.0264",30.0381,31.0264,68,68,29,0.928133,False
2026-05-23T21:00:00,Abbas El Akkad,"30.0631,31.3341",30.0631,31.3341,39,77,31,0.990103,False
2026-05-23T21:15:00,Galaa Square,"30.0398,31.2188",30.0398,31.2188,65,66,8,0.957685,False
2026-05-23T21:30:00,Salah Salem,"30.0645,31.282",30.0645,31.282,43,56,8,0.874101,False
2026-05-23T21:45:00,Autostrad - Sheraton,"30.1065,31.3711",30.1065,31.3711,74,74,20,0.946988,False
2026-05-23T22:00:00,Tahrir Square,"30.0444,31.2357",30.0444,31.2357,62,70,11,0.986969,False
2026-05-23T22:15:00,Corniche El Nil,"30.0263,31.2268",30.0263,31.2268,50,74,19,0.852821,False
2026-05-23T22:30:00,Mosheer Tantawy Axis,"30.0242,31.3486",30.0242,31.3486,44,80,11,0.962758,False
2026-05-23T22:45:00,Rod El Farag Axis,"30.0881,31.2185",30.0881,31.2185,41,72,5,0.916486,False
2026-05-23T23:00:00,Ring Road - Marg,"30.1554,31.3323",30.1554,31.3323,57,69,29,0.911586,False
2026-05-23T23:15:00,Ring Road - Moneeb,"29.9881,31.2227",29.9881,31.2227,71,71,15,0.964448,False
2026-05-23T23:30:00,Gamaat El Dowal St,"30.0543,31.2005",30.0543,31.2005,40,64,9,0.905692,False
2026-05-23T23:45:00,Faisal Street,"30.0051,31.1574",30.0051,31.1574,45,77,42,0.886796,False
2026-05-24T00:00:00,North 90th Street,"30.0308,31.4721",30.0308,31.4721,35,78,65,0.887769,False
2026-05-24T00:15:00,South 90th Street,"30.0195,31.4326",30.0195,31.4326,45,59,51,0.850652,False
2026-05-24T00:30:00,Ring Road - Maadi,"29.9544,31.2858",29.9544,31.2858,52,57,45,0.927168,False
2026-05-24T00:45:00,October Bridge,"30.0526,31.2372",30.0526,31.2372,52,62,23,0.933314,False
2026-05-24T01:00:00,26th July Corridor,"30.0381,31.0264",30.0381,31.0264,41,66,29,0.994819,False
2026-05-24T01:15:00,Abbas El Akkad,"30.0631,31.3341",30.0631,31.3341,26,70,74,0.980335,False
2026-05-24T01:30:00,Galaa Square,"30.0398,31.2188",30.0398,31.2188,26,64,37,0.984139,False
2026-05-24T01:45:00,Salah Salem,"30.0645,31.282",30.0645,31.282,57,63,80,0.963435,False
2026-05-24T02:00:00,Autostrad - Sheraton,"30.1065,31.3711",30.1065,31.3711,65,65,78,0.936107,False
2026-05-24T02:15:00,Tahrir Square,"30.0444,31.2357",30.0444,31.2357,55,72,39,0.963558,False
2026-05-24T02:30:00,Corniche El Nil,"30.0263,31.2268",30.0263,31.2268,52,62,75,0.859338,False
2026-05-24T02:45:00,Mosheer Tantawy Axis,"30.0242,31.3486",30.0242,31.3486,63,63,51,0.973194,False
2026-05-24T03:00:00,Rod El Farag Axis,"30.0881,31.2185",30.0881,31.2185,65,65,47,0.970138,False
2026-05-24T03:15:00,Ring Road - Marg,"30.1554,31.3323",30.1554,31.3323,64,65,54,0.921152,False
2026-05-24T03:30:00,Ring Road - Moneeb,"29.9881,31.2227",29.9881,31.2227,53,77,14,0.996118,False
2026-05-24T03:45:00,Gamaat El Dowal St,"30.0543,31.2005",30.0543,31.2005,58,79,76,0.860939,False
2026-05-24T04:00:00,Faisal Street,"30.0051,31.1574",30.0051,31.1574,45,57,31,0.90459,False
2026-05-24T04:15:00,North 90th Street,"30.0308,31.4721",30.0308,31.4721,47,69,77,0.877969,False
2026-05-24T04:30:00,South 90th Street,"30.0195,31.4326",30.0195,31.4326,25,70,67,0.907472,False
2026-05-24T04:45:00,Ring Road - Maadi,"29.9544,31.2858",29.9544,31.2858,29,56,72,0.986556,False
2026-05-24T05:00:00,October Bridge,"30.0526,31.2372",30.0526,31.2372,64,76,48,0.968591,False
2026-05-24T05:15:00,26th July Corridor,"30.0381,31.0264",30.0381,31.0264,60,60,35,0.951935,False
2026-05-24T05:30:00,Abbas El Akkad,"30.0631,31.3341",30.0631,31.3341,45,67,27,0.970263,False
2026-05-24T05:45:00,Galaa Square,"30.0398,31.2188",30.0398,31.2188,38,79,34,0.870608,False
2026-05-24T06:00:00,Salah Salem,"30.0645,31.282",30.0645,31.282,28,71,20,0.977599,False
2026-05-24T06:15:00,Autostrad - Sheraton,"30.1065,31.3711",30.1065,31.3711,26,59,27,0.896913,False
2026-05-24T06:30:00,Tahrir Square,"30.0444,31.2357",30.0444,31.2357,36,56,36,0.911485,False
2026-05-24T06:45:00,Corniche El Nil,"30.0263,31.2268",30.0263,31.2268,55,56,44,0.965035,False
2026-05-24T07:00:00,Mosheer Tantawy Axis,"30.0242,31.3486",30.0242,31.3486,18,58,88,0.895698,False
2026-05-24T07:15:00,Rod El Farag Axis,"30.0881,31.2185",30.0881,31.2185,34,58,106,0.86264,False
2026-05-24T07:30:00,Ring Road - Marg,"30.1554,31.3323",30.1554,31.3323,29,67,78,0.914741,False
2026-05-24T07:45:00,Ring Road - Moneeb,"29.9881,31.2227",29.9881,31.2227,10,70,82,0.942675,False
2026-05-24T08:00:00,Gamaat El Dowal St,"30.0543,31.2005",30.0543,31.2005,32,80,113,0.877068,False
2026-05-24T08:15:00,Faisal Street,"30.0051,31.1574",30.0051,31.1574,12,77,113,0.877937,False
2026-05-24T08:30:00,North 90th Street,"30.0308,31.4721",30.0308,31.4721,14,55,112,0.893688,False
2026-05-24T08:45:00,South 90th Street,"30.0195,31.4326",30.0195,31.4326,34,77,67,0.995439,False
2026-05-24T09:00:00,Ring Road - Maadi,"29.9544,31.2858",29.9544,31.2858,12,69,113,0.911647,False
2026-05-24T09:15:00,October Bridge,"30.0526,31.2372",30.0526,31.2372,29,80,103,0.876901,False
2026-05-24T09:30:00,26th July Corridor,"30.0381,31.0264",30.0381,31.0264,27,68,49,0.9335,False
2026-05-24T09:45:00,Abbas El Akkad,"30.0631,31.3341",30.0631,31.3341,19,60,46,0.867804,False
2026-05-24T10:00:00,Galaa Square,"30.0398,31.2188",30.0398,31.2188,13,75,96,0.974401,False
2026-05-24T10:15:00,Salah Salem,"30.0645,31.282",30.0645,31.282,19,74,77,0.901304,False
2026-05-24T10:30:00,Autostrad - Sheraton,"30.1065,31.3711",30.1065,31.3711,14,55,98,0.93977,False
2026-05-24T10:45:00,Tahrir Square,"30.0444,31.2357",30.0444,31.2357,11,66,87,0.905293,False
2026-05-24T11:00:00,Corniche El Nil,"30.0263,31.2268",30.0263,31.2268,57,64,29,0.95947,False
2026-05-24T11:15:00,Mosheer Tantawy Axis,"30.0242,31.3486",30.0242,31.3486,36,74,42,0.932088,False
2026-05-24T11:30:00,Rod El Farag Axis,"30.0881,31.2185",30.0881,31.2185,65,67,30,0.856363,False
2026-05-24T11:45:00,Ring Road - Marg,"30.1554,31.3323",30.1554,31.3323,41,74,37,0.961434,False
2026-05-24T12:00:00,Ring Road - Moneeb,"29.9881,31.2227",29.9881,31.2227,42,56,26,0.940237,False
2026-05-24T12:15:00,Gamaat El Dowal St,"30.0543,31.2005",30.0543,31.2005,47,75,24,0.850428,False
2026-05-24T12:30:00,Faisal Street,"30.0051,31.1574",30.0051,31.1574,58,58,43,0.887904,False
2026-05-24T12:45:00,North 90th Street,"30.0308,31.4721",30.0308,31.4721,36,57,62,0.857954,False
2026-05-24T13:00:00,South 90th Street,"30.0195,31.4326",30.0195,31.4326,52,68,16,0.866351,False
2026-05-24T13:15:00,Ring Road - Maadi,"29.9544,31.2858",29.9544,31.2858,44,79,24,0.85939,False
2026-05-24T13:30:00,October Bridge,"30.0526,31.2372",30.0526,31.2372,59,72,58,0.959124,False
2026-05-24T13:45:00,26th July Corridor,"30.0381,31.0264",30.0381,31.0264,43,77,40,0.869897,False
2026-05-24T14:00:00,Abbas El Akkad,"30.0631,31.3341",30.0631,31.3341,37,79,22,0.900688,False
2026-05-24T14:15:00,Galaa Square,"30.0398,31.2188",30.0398,31.2188,65,65,65,0.879898,False
2026-05-24T14:30:00,Salah Salem,"30.0645,31.282",30.0645,31.282,59,79,68,0.882864,False
2026-05-24T14:45:00,Autostrad - Sheraton,"30.1065,31.3711",30.1065,31.3711,45,77,59,0.90636,False
2026-05-24T15:00:00,Tahrir Square,"30.0444,31.2357",30.0444,31.2357,45,65,63,0.880644,False
2026-05-24T15:15:00,Corniche El Nil,"30.0263,31.2268",30.0263,31.2268,51,67,80,0.91046,False
2026-05-24T15:30:00,Mosheer Tantawy Axis,"30.0242,31.3486",30.0242,31.3486,44,80,53,0.891423,False
2026-05-24T15:45:00,Rod El Farag Axis,"30.0881,31.2185",30.0881,31.2185,38,78,55,0.948262,False
2026-05-24T16:00:00,Ring Road - Marg,"30.1554,31.3323",30.1554,31.3323,34,76,88,0.898,False
2026-05-24T16:15:00,Ring Road - Moneeb,"29.9881,31.2227",29.9881,31.2227,20,72,110,0.938052,False
2026-05-24T16:30:00,Gamaat El Dowal St,"30.0543,31.2005",30.0543,31.2005,16,59,45,0.876557,False
2026-05-24T16:45:00,Faisal Street,"30.0051,31.1574",30.0051,31.1574,13,68,109,0.942844,False
2026-05-24T17:00:00,North 90th Street,"30.0308,31.4721",30.0308,31.4721,12,67,47,0.999958,False
2026-05-24T17:15:00,South 90th Street,"30.0195,31.4326",30.0195,31.4326,29,63,102,0.965482,False
2026-05-24T17:30:00,Ring Road - Maadi,"29.9544,31.2858",29.9544,31.2858,30,61,55,0.985627,False
2026-05-24T17:45:00,October Bridge,"30.0526,31.2372",30.0526,31.2372,35,62,86,0.992562,False
2026-05-24T18:00:00,26th July Corridor,"30.0381,31.0264",30.0381,31.0264,23,65,79,0.897838,False
2026-05-24T18:15:00,Abbas El Akkad,"30.0631,31.3341",30.0631,31.3341,21,74,44,0.991222,False
2026-05-24T18:30:00,Galaa Square,"30.0398,31.2188",30.0398,31.2188,21,57,96,0.961174,False
2026-05-24T18:45:00,Salah Salem,"30.0645,31.282",30.0645,31.282,35,67,88,0.994929,False
2026-05-24T19:00:00,Autostrad - Sheraton,"30.1065,31.3711",30.1065,31.3711,22,61,68,0.894689,False
2026-05-24T19:15:00,Tahrir Square,"30.0444,31.2357",30.0444,31.2357,29,72,46,0.935978,False
2026-05-24T19:30:00,Corniche El Nil,"30.0263,31.2268",30.0263,31.2268,30,57,48,0.880151,False
2026-05-24T19:45:00,Mosheer Tantawy Axis,"30.0242,31.3486",30.0242,31.3486,35,75,59,0.886312,False
2026-05-24T20:00:00,Rod El Farag Axis,"30.0881,31.2185",30.0881,31.2185,28,63,64,0.853398,False
2026-05-24T20:15:00,Ring Road - Marg,"30.1554,31.3323",30.1554,31.3323,23,61,63,0.984181,False
2026-05-24T20:30:00,Ring Road - Moneeb,"29.9881,31.2227",29.9881,31.2227,32,74,119,0.907308,False
2026-05-24T20:45:00,Gamaat El Dowal St,"30.0543,31.2005",30.0543,31.2005,11,58,77,0.936527,False
2026-05-24T21:00:00,Faisal Street,"30.0051,31.1574",30.0051,31.1574,50,68,75,0.901507,False
2026-05-24T21:15:00,North 90th Street,"30.0308,31.4721",30.0308,31.4721,61,65,23,0.969223,False
2026-05-24T21:30:00,South 90th Street,"30.0195,31.4326",30.0195,31.4326,56,69,76,0.960082,False
2026-05-24T21:45:00,Ring Road - Maadi,"29.9544,31.2858",29.9544,31.2858,62,62,24,0.939242,False
2026-05-24T22:00:00,October Bridge,"30.0526,31.2372",30.0526,31.2372,32,59,48,0.853717,False
2026-05-24T22:15:00,26th July Corridor,"30.0381,31.0264",30.0381,31.0264,36,70,14,0.88542,False
2026-05-24T22:30:00,Abbas El Akkad,"30.0631,31.3341",30.0631,31.3341,51,56,17,0.971265,False
2026-05-24T22:45:00,Galaa Square,"30.0398,31.2188",30.0398,31.2188,63,63,67,0.908258,False
2026-05-24T23:00:00,Salah Salem,"30.0645,31.282",30.0645,31.282,44,58,15,0.949629,False
2026-05-24T23:15:00,Autostrad - Sheraton,"30.1065,31.3711",30.1065,31.3711,28,64,42,0.976532,False
2026-05-24T23:30:00,Tahrir Square,"30.0444,31.2357",30.0444,31.2357,59,80,72,0.868613,False
2026-05-24T23:45:00,Corniche El Nil,"30.0263,31.2268",30.0263,31.2268,36,68,74,0.918333,False
2026-05-25T00:00:00,Mosheer Tantawy Axis,"30.0242,31.3486",30.0242,31.3486,44,56,24,0.91015,False
2026-05-25T00:15:00,Rod El Farag Axis,"30.0881,31.2185",30.0881,31.2185,36,60,10,0.909073,False
2026-05-25T00:30:00,Ring Road - Marg,"30.1554,31.3323",30.1554,31.3323,30,57,52,0.946437,False
2026-05-25T00:45:00,Ring Road - Moneeb,"29.9881,31.2227",29.9881,31.2227,43,64,64,0.936281,False
2026-05-25T01:00:00,Gamaat El Dowal St,"30.0543,31.2005",30.0543,31.2005,57,70,69,0.937995,False
2026-05-25T01:15:00,Faisal Street,"30.0051,31.1574",30.0051,31.1574,45,68,54,0.872088,False
2026-05-25T01:30:00,North 90th Street,"30.0308,31.4721",30.0308,31.4721,27,55,43,0.878821,False
2026-05-25T01:45:00,South 90th Street,"30.0195,31.4326",30.0195,31.4326,54,66,19,0.863391,False
2026-05-25T02:00:00,Ring Road - Maadi,"29.9544,31.2858",29.9544,31.2858,28,80,18,0.944214,False
2026-05-25T02:15:00,October Bridge,"30.0526,31.2372",30.0526,31.2372,47,60,51,0.916405,False
2026-05-25T02:30:00,26th July Corridor,"30.0381,31.0264",30.0381,31.0264,34,73,78,0.857575,False
2026-05-25T02:45:00,Abbas El Akkad,"30.0631,31.3341",30.0631,31.3341,41,68,37,0.940863,False
2026-05-25T03:00:00,Galaa Square,"30.0398,31.2188",30.0398,31.2188,29,62,59,0.858382,False
2026-05-25T03:15:00,Salah Salem,"30.0645,31.282",30.0645,31.282,33,58,79,0.944469,False
2026-05-25T03:30:00,Autostrad - Sheraton,"30.1065,31.3711",30.1065,31.3711,37,56,43,0.944739,False
2026-05-25T03:45:00,Tahrir Square,"30.0444,31.2357",30.0444,31.2357,26,74,16,0.907065,False
2026-05-25T04:00:00,Corniche El Nil,"30.0263,31.2268",30.0263,31.2268,31,76,75,0.85303,False
2026-05-25T04:15:00,Mosheer Tantawy Axis,"30.0242,31.3486",30.0242,31.3486,34,74,45,0.903948,False
2026-05-25T04:30:00,Rod El Farag Axis,"30.0881,31.2185",30.0881,31.2185,62,62,11,0.954676,False
2026-05-25T04:45:00,Ring Road - Marg,"30.1554,31.3323",30.1554,31.3323,53,62,36,0.987911,False
2026-05-25T05:00:00,Ring Road - Moneeb,"29.9881,31.2227",29.9881,31.2227,50,78,69,0.948005,False
2026-05-25T05:15:00,Gamaat El Dowal St,"30.0543,31.2005",30.0543,31.2005,62,62,18,0.888632,False
2026-05-25T05:30:00,Faisal Street,"30.0051,31.1574",30.0051,31.1574,57,61,47,0.92881,False
2026-05-25T05:45:00,North 90th Street,"30.0308,31.4721",30.0308,31.4721,44,69,78,0.933286,False
2026-05-25T06:00:00,South 90th Street,"30.0195,31.4326",30.0195,31.4326,28,72,70,0.945271,False
2026-05-25T06:15:00,Ring Road - Maadi,"29.9544,31.2858",29.9544,31.2858,41,78,54,0.912208,False
2026-05-25T06:30:00,October Bridge,"30.0526,31.2372",30.0526,31.2372,49,63,62,0.871876,False
2026-05-25T06:45:00,26th July Corridor,"30.0381,31.0264",30.0381,31.0264,27,56,14,0.947423,False
2026-05-25T07:00:00,Abbas El Akkad,"30.0631,31.3341",30.0631,31.3341,23,80,70,0.869954,False
2026-05-25T07:15:00,Galaa Square,"30.0398,31.2188",30.0398,31.2188,33,66,91,0.85104,False
2026-05-25T07:30:00,Salah Salem,"30.0645,31.282",30.0645,31.282,16,71,96,0.862935,False
2026-05-25T07:45:00,Autostrad - Sheraton,"30.1065,31.3711",30.1065,31.3711,13,73,100,0.923763,False
2026-05-25T08:00:00,Tahrir Square,"30.0444,31.2357",30.0444,31.2357,30,56,79,0.993873,False
2026-05-25T08:15:00,Corniche El Nil,"30.0263,31.2268",30.0263,31.2268,30,72,72,0.873987,False
2026-05-25T08:30:00,Mosheer Tantawy Axis,"30.0242,31.3486",30.0242,31.3486,26,69,93,0.9433,False
2026-05-25T08:45:00,Rod El Farag Axis,"30.0881,31.2185",30.0881,31.2185,15,63,67,0.899912,False
2026-05-25T09:00:00,Ring Road - Marg,"30.1554,31.3323",30.1554,31.3323,20,76,57,0.900772,False
2026-05-25T09:15:00,Ring Road - Moneeb,"29.9881,31.2227",29.9881,31.2227,31,72,106,0.901292,False
2026-05-25T09:30:00,Gamaat El Dowal St,"30.0543,31.2005",30.0543,31.2005,27,79,77,0.984751,False
2026-05-25T09:45:00,Faisal Street,"30.0051,31.1574",30.0051,31.1574,15,66,51,0.923843,False
2026-05-25T10:00:00,North 90th Street,"30.0308,31.4721",30.0308,31.4721,19,70,117,0.90739,False
2026-05-25T10:15:00,South 90th Street,"30.0195,31.4326",30.0195,31.4326,33,69,99,0.8942,False
2026-05-25T10:30:00,Ring Road - Maadi,"29.9544,31.2858",29.9544,31.2858,27,57,79,0.8731,False
2026-05-25T10:45:00,October Bridge,"30.0526,31.2372",30.0526,31.2372,10,58,86,0.927362,False
2026-05-25T11:00:00,26th July Corridor,"30.0381,31.0264",30.0381,31.0264,31,75,31,0.952211,False
2026-05-25T11:15:00,Abbas El Akkad,"30.0631,31.3341",30.0631,31.3341,36,66,30,0.892116,False
2026-05-25T11:30:00,Galaa Square,"30.0398,31.2188",30.0398,31.2188,40,55,64,0.921685,False
2026-05-25T11:45:00,Salah Salem,"30.0645,31.282",30.0645,31.282,53,80,42,0.96985,False
2026-05-25T12:00:00,Autostrad - Sheraton,"30.1065,31.3711",30.1065,31.3711,34,56,62,0.883269,False
2026-05-25T12:15:00,Tahrir Square,"30.0444,31.2357",30.0444,31.2357,40,68,73,0.854701,False
2026-05-25T12:30:00,Corniche El Nil,"30.0263,31.2268",30.0263,31.2268,37,79,23,0.858819,False
2026-05-25T12:45:00,Mosheer Tantawy Axis,"30.0242,31.3486",30.0242,31.3486,40,72,50,0.878473,False
2026-05-25T13:00:00,Rod El Farag Axis,"30.0881,31.2185",30.0881,31.2185,26,56,46,0.991869,False
2026-05-25T13:15:00,Ring Road - Marg,"30.1554,31.3323",30.1554,31.3323,31,70,29,0.958482,False
2026-05-25T13:30:00,Ring Road - Moneeb,"29.9881,31.2227",29.9881,31.2227,31,64,32,0.983148,False
2026-05-25T13:45:00,Gamaat El Dowal St,"30.0543,31.2005",30.0543,31.2005,41,74,40,0.892471,False
2026-05-25T14:00:00,Faisal Street,"30.0051,31.1574",30.0051,31.1574,30,72,52,0.949958,False
2026-05-25T14:15:00,North 90th Street,"30.0308,31.4721",30.0308,31.4721,53,55,65,0.979792,False
2026-05-25T14:30:00,South 90th Street,"30.0195,31.4326",30.0195,31.4326,52,74,10,0.892662,False
2026-05-25T14:45:00,Ring Road - Maadi,"29.9544,31.2858",29.9544,31.2858,36,75,59,0.854191,False
2026-05-25T15:00:00,October Bridge,"30.0526,31.2372",30.0526,31.2372,63,63,23,0.902884,False
2026-05-25T15:15:00,26th July Corridor,"30.0381,31.0264",30.0381,31.0264,26,58,20,0.924361,False
2026-05-25T15:30:00,Abbas El Akkad,"30.0631,31.3341",30.0631,31.3341,65,65,56,0.927272,False
2026-05-25T15:45:00,Galaa Square,"30.0398,31.2188",30.0398,31.2188,55,78,30,0.968896,False
2026-05-25T16:00:00,Salah Salem,"30.0645,31.282",30.0645,31.282,31,74,82,0.956836,False
2026-05-25T16:15:00,Autostrad - Sheraton,"30.1065,31.3711",30.1065,31.3711,15,58,99,0.872835,False
2026-05-25T16:30:00,Tahrir Square,"30.0444,31.2357",30.0444,31.2357,24,72,65,0.877707,False
2026-05-25T16:45:00,Corniche El Nil,"30.0263,31.2268",30.0263,31.2268,16,56,100,0.898455,False
2026-05-25T17:00:00,Mosheer Tantawy Axis,"30.0242,31.3486",30.0242,31.3486,31,70,52,0.971226,False
2026-05-25T17:15:00,Rod El Farag Axis,"30.0881,31.2185",30.0881,31.2185,35,69,81,0.953834,False
2026-05-25T17:30:00,Ring Road - Marg,"30.1554,31.3323",30.1554,31.3323,33,61,104,0.993554,False
2026-05-25T17:45:00,Ring Road - Moneeb,"29.9881,31.2227",29.9881,31.2227,33,76,110,0.943722,False
2026-05-25T18:00:00,Gamaat El Dowal St,"30.0543,31.2005",30.0543,31.2005,29,63,88,0.935573,False
2026-05-25T18:15:00,Faisal Street,"30.0051,31.1574",30.0051,31.1574,30,78,49,0.983982,False
2026-05-25T18:30:00,North 90th Street,"30.0308,31.4721",30.0308,31.4721,34,79,55,0.904712,False
2026-05-25T18:45:00,South 90th Street,"30.0195,31.4326",30.0195,31.4326,29,71,95,0.981093,False
2026-05-25T19:00:00,Ring Road - Maadi,"29.9544,31.2858",29.9544,31.2858,19,67,108,0.859361,False
2026-05-25T19:15:00,October Bridge,"30.0526,31.2372",30.0526,31.2372,23,73,60,0.9885,False
2026-05-25T19:30:00,26th July Corridor,"30.0381,31.0264",30.0381,31.0264,15,71,84,0.864526,False
2026-05-25T19:45:00,Abbas El Akkad,"30.0631,31.3341",30.0631,31.3341,17,60,117,0.914872,False
2026-05-25T20:00:00,Galaa Square,"30.0398,31.2188",30.0398,31.2188,15,60,69,0.948744,False
2026-05-25T20:15:00,Salah Salem,"30.0645,31.282",30.0645,31.282,35,79,57,0.864837,False
2026-05-25T20:30:00,Autostrad - Sheraton,"30.1065,31.3711",30.1065,31.3711,34,55,79,0.918862,False
2026-05-25T20:45:00,Tahrir Square,"30.0444,31.2357",30.0444,31.2357,20,59,110,0.947065,False
2026-05-25T21:00:00,Corniche El Nil,"30.0263,31.2268",30.0263,31.2268,27,61,74,0.89719,False
2026-05-25T21:15:00,Mosheer Tantawy Axis,"30.0242,31.3486",30.0242,31.3486,51,73,42,0.974107,False
2026-05-25T21:30:00,Rod El Farag Axis,"30.0881,31.2185",30.0881,31.2185,52,56,56,0.889316,False
2026-05-25T21:45:00,Ring Road - Marg,"30.1554,31.3323",30.1554,31.3323,60,64,21,0.875798,False
2026-05-25T22:00:00,Ring Road - Moneeb,"29.9881,31.2227",29.9881,31.2227,31,68,59,0.858883,False
2026-05-25T22:15:00,Gamaat El Dowal St,"30.0543,31.2005",30.0543,31.2005,28,80,77,0.863862,False
2026-05-25T22:30:00,Faisal Street,"30.0051,31.1574",30.0051,31.1574,57,69,68,0.905481,False
2026-05-25T22:45:00,North 90th Street,"30.0308,31.4721",30.0308,31.4721,53,70,50,0.927966,False
2026-05-25T23:00:00,South 90th Street,"30.0195,31.4326",30.0195,31.4326,37,67,80,0.940423,False
2026-05-25T23:15:00,Ring Road - Maadi,"29.9544,31.2858",29.9544,31.2858,56,71,74,0.930976,False
2026-05-25T23:30:00,October Bridge,"30.0526,31.2372",30.0526,31.2372,43,57,71,0.890187,False
2026-05-25T23:45:00,26th July Corridor,"30.0381,31.0264",30.0381,31.0264,46,76,72,0.854973,False
2026-05-26T00:00:00,Abbas El Akkad,"30.0631,31.3341",30.0631,31.3341,59,63,80,0.893735,False
2026-05-26T00:15:00,Galaa Square,"30.0398,31.2188",30.0398,31.2188,30,56,19,0.935758,False
2026-05-26T00:30:00,Salah Salem,"30.0645,31.282",30.0645,31.282,37,79,55,0.892875,False
2026-05-26T00:45:00,Autostrad - Sheraton,"30.1065,31.3711",30.1065,31.3711,50,59,69,0.903235,False
2026-05-26T01:00:00,Tahrir Square,"30.0444,31.2357",30.0444,31.2357,53,73,24,0.874168,False
2026-05-26T01:15:00,Corniche El Nil,"30.0263,31.2268",30.0263,31.2268,40,77,54,0.924339,False
2026-05-26T01:30:00,Mosheer Tantawy Axis,"30.0242,31.3486",30.0242,31.3486,29,62,47,0.96109,False
2026-05-26T01:45:00,Rod El Farag Axis,"30.0881,31.2185",30.0881,31.2185,48,56,19,0.939179,False
2026-05-26T02:00:00,Ring Road - Marg,"30.1554,31.3323",30.1554,31.3323,38,75,44,0.85899,False
2026-05-26T02:15:00,Ring Road - Moneeb,"29.9881,31.2227",29.9881,31.2227,43,58,46,0.926124,False
2026-05-26T02:30:00,Gamaat El Dowal St,"30.0543,31.2005",30.0543,31.2005,37,80,13,0.947465,False
2026-05-26T02:45:00,Faisal Street,"30.0051,31.1574",30.0051,31.1574,31,64,43,0.895841,False
2026-05-26T03:00:00,North 90th Street,"30.0308,31.4721",30.0308,31.4721,25,68,29,0.87922,False
2026-05-26T03:15:00,South 90th Street,"30.0195,31.4326",30.0195,31.4326,60,67,12,0.86599,False
2026-05-26T03:30:00,Ring Road - Maadi,"29.9544,31.2858",29.9544,31.2858,26,65,59,0.903505,False
2026-05-26T03:45:00,October Bridge,"30.0526,31.2372",30.0526,31.2372,42,62,24,0.880965,False
2026-05-26T04:00:00,26th July Corridor,"30.0381,31.0264",30.0381,31.0264,65,67,76,0.9502,False
2026-05-26T04:15:00,Abbas El Akkad,"30.0631,31.3341",30.0631,31.3341,58,73,30,0.972148,False
2026-05-26T04:30:00,Galaa Square,"30.0398,31.2188",30.0398,31.2188,46,62,15,0.925082,False
2026-05-26T04:45:00,Salah Salem,"30.0645,31.282",30.0645,31.282,56,79,21,0.862207,False
2026-05-26T05:00:00,Autostrad - Sheraton,"30.1065,31.3711",30.1065,31.3711,56,75,55,0.890974,False
2026-05-26T05:15:00,Tahrir Square,"30.0444,31.2357",30.0444,31.2357,25,65,74,0.903462,False
2026-05-26T05:30:00,Corniche El Nil,"30.0263,31.2268",30.0263,31.2268,64,72,32,0.851699,False
2026-05-26T05:45:00,Mosheer Tantawy Axis,"30.0242,31.3486",30.0242,31.3486,37,78,32,0.860232,False
2026-05-26T06:00:00,Rod El Farag Axis,"30.0881,31.2185",30.0881,31.2185,51,59,76,0.884652,False
2026-05-26T06:15:00,Ring Road - Marg,"30.1554,31.3323",30.1554,31.3323,59,63,62,0.977804,False
2026-05-26T06:30:00,Ring Road - Moneeb,"29.9881,31.2227",29.9881,31.2227,50,75,11,0.881997,False
2026-05-26T06:45:00,Gamaat El Dowal St,"30.0543,31.2005",30.0543,31.2005,39,58,66,0.930073,False
2026-05-26T07:00:00,Faisal Street,"30.0051,31.1574",30.0051,31.1574,13,68,81,0.966023,False
2026-05-26T07:15:00,North 90th Street,"30.0308,31.4721",30.0308,31.4721,16,73,71,0.898637,False
2026-05-26T07:30:00,South 90th Street,"30.0195,31.4326",30.0195,31.4326,17,55,105,0.993265,False
2026-05-26T07:45:00,Ring Road - Maadi,"29.9544,31.2858",29.9544,31.2858,34,64,117,0.863263,False
2026-05-26T08:00:00,October Bridge,"30.0526,31.2372",30.0526,31.2372,30,63,42,0.965841,False
2026-05-26T08:15:00,26th July Corridor,"30.0381,31.0264",30.0381,31.0264,22,72,99,0.875901,False
2026-05-26T08:30:00,Abbas El Akkad,"30.0631,31.3341",30.0631,31.3341,33,62,89,0.90418,False
2026-05-26T08:45:00,Galaa Square,"30.0398,31.2188",30.0398,31.2188,21,67,96,0.860018,False
2026-05-26T09:00:00,Salah Salem,"30.0645,31.282",30.0645,31.282,12,79,84,0.979511,False
2026-05-26T09:15:00,Autostrad - Sheraton,"30.1065,31.3711",30.1065,31.3711,10,61,53,0.919469,False
2026-05-26T09:30:00,Tahrir Square,"30.0444,31.2357",30.0444,31.2357,29,57,104,0.90181,False
2026-05-26T09:45:00,Corniche El Nil,"30.0263,31.2268",30.0263,31.2268,23,58,65,0.871248,False
2026-05-26T10:00:00,Mosheer Tantawy Axis,"30.0242,31.3486",30.0242,31.3486,19,62,55,0.987359,False
2026-05-26T10:15:00,Rod El Farag Axis,"30.0881,31.2185",30.0881,31.2185,28,65,113,0.9614,False
2026-05-26T10:30:00,Ring Road - Marg,"30.1554,31.3323",30.1554,31.3323,33,56,118,0.876786,False
2026-05-26T10:45:00,Ring Road - Moneeb,"29.9881,31.2227",29.9881,31.2227,11,69,72,0.867858,False
2026-05-26T11:00:00,Gamaat El Dowal St,"30.0543,31.2005",30.0543,31.2005,35,55,63,0.951069,False
2026-05-26T11:15:00,Faisal Street,"30.0051,31.1574",30.0051,31.1574,63,75,15,0.880873,False
2026-05-26T11:30:00,North 90th Street,"30.0308,31.4721",30.0308,31.4721,25,64,42,0.991533,False
2026-05-26T11:45:00,South 90th Street,"30.0195,31.4326",30.0195,31.4326,55,78,23,0.981874,False
2026-05-26T12:00:00,Ring Road - Maadi,"29.9544,31.2858",29.9544,31.2858,47,62,14,0.940878,False
2026-05-26T12:15:00,October Bridge,"30.0526,31.2372",30.0526,31.2372,37,64,34,0.858957,False
2026-05-26T12:30:00,26th July Corridor,"30.0381,31.0264",30.0381,31.0264,65,67,55,0.965254,False
2026-05-26T12:45:00,Abbas El Akkad,"30.0631,31.3341",30.0631,31.3341,38,79,62,0.878107,False
2026-05-26T13:00:00,Galaa Square,"30.0398,31.2188",30.0398,31.2188,47,68,68,0.990166,False
2026-05-26T13:15:00,Salah Salem,"30.0645,31.282",30.0645,31.282,36,67,62,0.958121,False
2026-05-26T13:30:00,Autostrad - Sheraton,"30.1065,31.3711",30.1065,31.3711,60,70,27,0.969015,False
2026-05-26T13:45:00,Tahrir Square,"30.0444,31.2357",30.0444,31.2357,57,73,39,0.980831,False
2026-05-26T14:00:00,Corniche El Nil,"30.0263,31.2268",30.0263,31.2268,45,71,67,0.913452,False
2026-05-26T14:15:00,Mosheer Tantawy Axis,"30.0242,31.3486",30.0242,31.3486,58,64,61,0.983717,False
2026-05-26T14:30:00,Rod El Farag Axis,"30.0881,31.2185",30.0881,31.2185,63,63,29,0.917788,False
2026-05-26T14:45:00,Ring Road - Marg,"30.1554,31.3323",30.1554,31.3323,63,66,72,0.883637,False
2026-05-26T15:00:00,Ring Road - Moneeb,"29.9881,31.2227",29.9881,31.2227,32,60,23,0.965226,False
2026-05-26T15:15:00,Gamaat El Dowal St,"30.0543,31.2005",30.0543,31.2005,28,68,56,0.884338,False
2026-05-26T15:30:00,Faisal Street,"30.0051,31.1574",30.0051,31.1574,53,69,58,0.904963,False
2026-05-26T15:45:00,North 90th Street,"30.0308,31.4721",30.0308,31.4721,42,74,62,0.969112,False
2026-05-26T16:00:00,South 90th Street,"30.0195,31.4326",30.0195,31.4326,16,60,43,0.965313,False
2026-05-26T16:15:00,Ring Road - Maadi,"29.9544,31.2858",29.9544,31.2858,31,60,90,0.941791,False
2026-05-26T16:30:00,October Bridge,"30.0526,31.2372",30.0526,31.2372,19,80,113,0.879571,False
2026-05-26T16:45:00,26th July Corridor,"30.0381,31.0264",30.0381,31.0264,28,64,45,0.959063,False
2026-05-26T17:00:00,Abbas El Akkad,"30.0631,31.3341",30.0631,31.3341,24,79,58,0.877914,False
2026-05-26T17:15:00,Galaa Square,"30.0398,31.2188",30.0398,31.2188,12,77,94,0.936856,False
2026-05-26T17:30:00,Salah Salem,"30.0645,31.282",30.0645,31.282,28,80,94,0.892628,False
2026-05-26T17:45:00,Autostrad - Sheraton,"30.1065,31.3711",30.1065,31.3711,30,67,47,0.972277,False
2026-05-26T18:00:00,Tahrir Square,"30.0444,31.2357",30.0444,31.2357,34,77,90,0.908429,False
2026-05-26T18:15:00,Corniche El Nil,"30.0263,31.2268",30.0263,31.2268,10,68,98,0.948371,False
2026-05-26T18:30:00,Mosheer Tantawy Axis,"30.0242,31.3486",30.0242,31.3486,13,69,65,0.938109,False
2026-05-26T18:45:00,Rod El Farag Axis,"30.0881,31.2185",30.0881,31.2185,11,79,78,0.853249,False
2026-05-26T19:00:00,Ring Road - Marg,"30.1554,31.3323",30.1554,31.3323,34,71,111,0.87052,False
2026-05-26T19:15:00,Ring Road - Moneeb,"29.9881,31.2227",29.9881,31.2227,32,66,55,0.872027,False
2026-05-26T19:30:00,Gamaat El Dowal St,"30.0543,31.2005",30.0543,31.2005,35,65,60,0.917786,False
2026-05-26T19:45:00,Faisal Street,"30.0051,31.1574",30.0051,31.1574,35,79,98,0.881647,False
2026-05-26T20:00:00,North 90th Street,"30.0308,31.4721",30.0308,31.4721,25,57,71,0.867039,False
2026-05-26T20:15:00,South 90th Street,"30.0195,31.4326",30.0195,31.4326,27,60,66,0.968784,False
2026-05-26T20:30:00,Ring Road - Maadi,"29.9544,31.2858",29.9544,31.2858,28,63,63,0.984359,False
2026-05-26T20:45:00,October Bridge,"30.0526,31.2372",30.0526,31.2372,22,56,99,0.87132,False
2026-05-26T21:00:00,26th July Corridor,"30.0381,31.0264",30.0381,31.0264,26,63,63,0.919792,False
2026-05-26T21:15:00,Abbas El Akkad,"30.0631,31.3341",30.0631,31.3341,53,64,45,0.982343,False
2026-05-26T21:30:00,Galaa Square,"30.0398,31.2188",30.0398,31.2188,53,60,11,0.954799,False
2026-05-26T21:45:00,Salah Salem,"30.0645,31.282",30.0645,31.282,35,67,42,0.881816,False
2026-05-26T22:00:00,Autostrad - Sheraton,"30.1065,31.3711",30.1065,31.3711,25,66,58,0.924571,False
2026-05-26T22:15:00,Tahrir Square,"30.0444,31.2357",30.0444,31.2357,29,74,76,0.963915,False
2026-05-26T22:30:00,Corniche El Nil,"30.0263,31.2268",30.0263,31.2268,44,80,42,0.906521,False
2026-05-26T22:45:00,Mosheer Tantawy Axis,"30.0242,31.3486",30.0242,31.3486,31,75,25,0.92332,False
2026-05-26T23:00:00,Rod El Farag Axis,"30.0881,31.2185",30.0881,31.2185,56,74,24,0.890197,False
2026-05-26T23:15:00,Ring Road - Marg,"30.1554,31.3323",30.1554,31.3323,31,68,48,0.858294,False
2026-05-26T23:30:00,Ring Road - Moneeb,"29.9881,31.2227",29.9881,31.2227,43,70,30,0.874622,False
2026-05-26T23:45:00,Gamaat El Dowal St,"30.0543,31.2005",30.0543,31.2005,43,62,63,0.887546,False
2026-05-27T00:00:00,Faisal Street,"30.0051,31.1574",30.0051,31.1574,32,76,43,0.901649,False
2026-05-27T00:15:00,North 90th Street,"30.0308,31.4721",30.0308,31.4721,47,77,70,0.883219,False
2026-05-27T00:30:00,South 90th Street,"30.0195,31.4326",30.0195,31.4326,52,71,80,0.936998,False
2026-05-27T00:45:00,Ring Road - Maadi,"29.9544,31.2858",29.9544,31.2858,43,55,39,0.855293,False
2026-05-27T01:00:00,October Bridge,"30.0526,31.2372",30.0526,31.2372,42,77,57,0.960902,False
2026-05-27T01:15:00,26th July Corridor,"30.0381,31.0264",30.0381,31.0264,30,62,79,0.86791,False
2026-05-27T01:30:00,Abbas El Akkad,"30.0631,31.3341",30.0631,31.3341,27,73,42,0.924652,False
2026-05-27T01:45:00,Galaa Square,"30.0398,31.2188",30.0398,31.2188,52,60,28,0.881892,False
2026-05-27T02:00:00,Salah Salem,"30.0645,31.282",30.0645,31.282,59,64,30,0.923457,False
2026-05-27T02:15:00,Autostrad - Sheraton,"30.1065,31.3711",30.1065,31.3711,61,62,26,0.98461,False
2026-05-27T02:30:00,Tahrir Square,"30.0444,31.2357",30.0444,31.2357,38,74,73,0.897782,False
2026-05-27T02:45:00,Corniche El Nil,"30.0263,31.2268",30.0263,31.2268,45,55,30,0.921673,False
2026-05-27T03:00:00,Mosheer Tantawy Axis,"30.0242,31.3486",30.0242,31.3486,39,74,31,0.900092,False
2026-05-27T03:15:00,Rod El Farag Axis,"30.0881,31.2185",30.0881,31.2185,50,62,39,0.921496,False
2026-05-27T03:30:00,Ring Road - Marg,"30.1554,31.3323",30.1554,31.3323,27,73,77,0.978351,False
2026-05-27T03:45:00,Ring Road - Moneeb,"29.9881,31.2227",29.9881,31.2227,53,64,26,0.859754,False
2026-05-27T04:00:00,Gamaat El Dowal St,"30.0543,31.2005",30.0543,31.2005,38,62,48,0.932919,False
2026-05-27T04:15:00,Faisal Street,"30.0051,31.1574",30.0051,31.1574,47,62,23,0.996444,False
2026-05-27T04:30:00,North 90th Street,"30.0308,31.4721",30.0308,31.4721,44,72,15,0.872477,False
2026-05-27T04:45:00,South 90th Street,"30.0195,31.4326",30.0195,31.4326,61,69,60,0.919152,False
2026-05-27T05:00:00,Ring Road - Maadi,"29.9544,31.2858",29.9544,31.2858,52,62,51,0.945289,False
2026-05-27T05:15:00,October Bridge,"30.0526,31.2372",30.0526,31.2372,61,68,67,0.86967,False
2026-05-27T05:30:00,26th July Corridor,"30.0381,31.0264",30.0381,31.0264,56,69,63,0.965956,False
2026-05-27T05:45:00,Abbas El Akkad,"30.0631,31.3341",30.0631,31.3341,56,76,57,0.9864,False
2026-05-27T06:00:00,Galaa Square,"30.0398,31.2188",30.0398,31.2188,38,56,76,0.929308,False
2026-05-27T06:15:00,Salah Salem,"30.0645,31.282",30.0645,31.282,48,78,71,0.991877,False
2026-05-27T06:30:00,Autostrad - Sheraton,"30.1065,31.3711",30.1065,31.3711,37,67,70,0.908616,False
2026-05-27T06:45:00,Tahrir Square,"30.0444,31.2357",30.0444,31.2357,43,69,24,0.88183,False
2026-05-27T07:00:00,Corniche El Nil,"30.0263,31.2268",30.0263,31.2268,35,77,63,0.985141,False
2026-05-27T07:15:00,Mosheer Tantawy Axis,"30.0242,31.3486",30.0242,31.3486,30,58,46,0.901403,False
2026-05-27T07:30:00,Rod El Farag Axis,"30.0881,31.2185",30.0881,31.2185,14,55,89,0.988064,False
2026-05-27T07:45:00,Ring Road - Marg,"30.1554,31.3323",30.1554,31.3323,20,58,68,0.946481,False
2026-05-27T08:00:00,Ring Road - Moneeb,"29.9881,31.2227",29.9881,31.2227,23,68,120,0.857315,False
2026-05-27T08:15:00,Gamaat El Dowal St,"30.0543,31.2005",30.0543,31.2005,28,64,81,0.858143,False
2026-05-27T08:30:00,Faisal Street,"30.0051,31.1574",30.0051,31.1574,15,67,116,0.970277,False
2026-05-27T08:45:00,North 90th Street,"30.0308,31.4721",30.0308,31.4721,34,72,61,0.899674,False
2026-05-27T09:00:00,South 90th Street,"30.0195,31.4326",30.0195,31.4326,11,57,65,0.930934,False
2026-05-27T09:15:00,Ring Road - Maadi,"29.9544,31.2858",29.9544,31.2858,27,72,90,0.930155,False
2026-05-27T09:30:00,October Bridge,"30.0526,31.2372",30.0526,31.2372,32,73,55,0.992643,False
2026-05-27T09:45:00,26th July Corridor,"30.0381,31.0264",30.0381,31.0264,26,73,45,0.956274,False
2026-05-27T10:00:00,Abbas El Akkad,"30.0631,31.3341",30.0631,31.3341,13,59,119,0.982765,False
2026-05-27T10:15:00,Galaa Square,"30.0398,31.2188",30.0398,31.2188,17,59,109,0.96804,False
2026-05-27T10:30:00,Salah Salem,"30.0645,31.282",30.0645,31.282,10,76,43,0.949784,False
2026-05-27T10:45:00,Autostrad - Sheraton,"30.1065,31.3711",30.1065,31.3711,14,61,57,0.995331,False
2026-05-27T11:00:00,Tahrir Square,"30.0444,31.2357",30.0444,31.2357,29,59,17,0.854783,False
2026-05-27T11:15:00,Corniche El Nil,"30.0263,31.2268",30.0263,31.2268,38,64,77,0.921433,False
2026-05-27T11:30:00,Mosheer Tantawy Axis,"30.0242,31.3486",30.0242,31.3486,60,77,27,0.917696,False
2026-05-27T11:45:00,Rod El Farag Axis,"30.0881,31.2185",30.0881,31.2185,27,67,43,0.967299,False
2026-05-27T12:00:00,Ring Road - Marg,"30.1554,31.3323",30.1554,31.3323,48,55,31,0.857254,False
2026-05-27T12:15:00,Ring Road - Moneeb,"29.9881,31.2227",29.9881,31.2227,65,65,66,0.96038,False
2026-05-27T12:30:00,Gamaat El Dowal St,"30.0543,31.2005",30.0543,31.2005,58,72,70,0.880483,False
2026-05-27T12:45:00,Faisal Street,"30.0051,31.1574",30.0051,31.1574,46,58,34,0.860263,False
2026-05-27T13:00:00,North 90th Street,"30.0308,31.4721",30.0308,31.4721,32,77,60,0.973027,False
2026-05-27T13:15:00,South 90th Street,"30.0195,31.4326",30.0195,31.4326,48,69,59,0.87984,False
2026-05-27T13:30:00,Ring Road - Maadi,"29.9544,31.2858",29.9544,31.2858,38,67,49,0.936467,False
2026-05-27T13:45:00,October Bridge,"30.0526,31.2372",30.0526,31.2372,29,59,76,0.904637,False
2026-05-27T14:00:00,26th July Corridor,"30.0381,31.0264",30.0381,31.0264,44,66,71,0.955749,False
2026-05-27T14:15:00,Abbas El Akkad,"30.0631,31.3341",30.0631,31.3341,59,66,58,0.870035,False
2026-05-27T14:30:00,Galaa Square,"30.0398,31.2188",30.0398,31.2188,39,78,17,0.958968,False
2026-05-27T14:45:00,Salah Salem,"30.0645,31.282",30.0645,31.282,29,76,34,0.899526,False
2026-05-27T15:00:00,Autostrad - Sheraton,"30.1065,31.3711",30.1065,31.3711,49,61,70,0.890675,False
2026-05-27T15:15:00,Tahrir Square,"30.0444,31.2357",30.0444,31.2357,37,64,59,0.977069,False
2026-05-27T15:30:00,Corniche El Nil,"30.0263,31.2268",30.0263,31.2268,59,70,23,0.932477,False
2026-05-27T15:45:00,Mosheer Tantawy Axis,"30.0242,31.3486",30.0242,31.3486,55,62,38,0.852166,False
2026-05-27T16:00:00,Rod El Farag Axis,"30.0881,31.2185",30.0881,31.2185,33,61,96,0.938019,False
2026-05-27T16:15:00,Ring Road - Marg,"30.1554,31.3323",30.1554,31.3323,35,61,114,0.992024,False
2026-05-27T16:30:00,Ring Road - Moneeb,"29.9881,31.2227",29.9881,31.2227,35,77,59,0.879937,False
2026-05-27T16:45:00,Gamaat El Dowal St,"30.0543,31.2005",30.0543,31.2005,34,67,116,0.946352,False
2026-05-27T17:00:00,Faisal Street,"30.0051,31.1574",30.0051,31.1574,28,65,56,0.962744,False
2026-05-27T17:15:00,North 90th Street,"30.0308,31.4721",30.0308,31.4721,26,58,116,0.929886,False
2026-05-27T17:30:00,South 90th Street,"30.0195,31.4326",30.0195,31.4326,15,70,117,0.949182,False
2026-05-27T17:45:00,Ring Road - Maadi,"29.9544,31.2858",29.9544,31.2858,23,55,72,0.924531,False
2026-05-27T18:00:00,October Bridge,"30.0526,31.2372",30.0526,31.2372,23,64,81,0.947401,False
2026-05-27T18:15:00,26th July Corridor,"30.0381,31.0264",30.0381,31.0264,24,69,47,0.963631,False
2026-05-27T18:30:00,Abbas El Akkad,"30.0631,31.3341",30.0631,31.3341,11,75,113,0.866794,False
2026-05-27T18:45:00,Galaa Square,"30.0398,31.2188",30.0398,31.2188,18,80,96,0.956787,False
2026-05-27T19:00:00,Salah Salem,"30.0645,31.282",30.0645,31.282,16,75,76,0.950871,False
2026-05-27T19:15:00,Autostrad - Sheraton,"30.1065,31.3711",30.1065,31.3711,21,73,74,0.91598,False
2026-05-27T19:30:00,Tahrir Square,"30.0444,31.2357",30.0444,31.2357,32,68,97,0.988657,False
2026-05-27T19:45:00,Corniche El Nil,"30.0263,31.2268",30.0263,31.2268,13,60,71,0.888478,False
2026-05-27T20:00:00,Mosheer Tantawy Axis,"30.0242,31.3486",30.0242,31.3486,28,71,80,0.861927,False
2026-05-27T20:15:00,Rod El Farag Axis,"30.0881,31.2185",30.0881,31.2185,17,75,82,0.94949,False
2026-05-27T20:30:00,Ring Road - Marg,"30.1554,31.3323",30.1554,31.3323,12,73,113,0.983211,False
2026-05-27T20:45:00,Ring Road - Moneeb,"29.9881,31.2227",29.9881,31.2227,12,76,58,0.854546,False
2026-05-27T21:00:00,Gamaat El Dowal St,"30.0543,31.2005",30.0543,31.2005,58,58,41,0.859619,False
2026-05-27T21:15:00,Faisal Street,"30.0051,31.1574",30.0051,31.1574,60,79,33,0.967864,False
2026-05-27T21:30:00,North 90th Street,"30.0308,31.4721",30.0308,31.4721,62,72,53,0.954345,False
2026-05-27T21:45:00,South 90th Street,"30.0195,31.4326",30.0195,31.4326,54,67,74,0.964434,False
2026-05-27T22:00:00,Ring Road - Maadi,"29.9544,31.2858",29.9544,31.2858,49,58,79,0.996423,False
2026-05-27T22:15:00,October Bridge,"30.0526,31.2372",30.0526,31.2372,51,55,55,0.851444,False
2026-05-27T22:30:00,26th July Corridor,"30.0381,31.0264",30.0381,31.0264,52,60,40,0.889848,False
2026-05-27T22:45:00,Abbas El Akkad,"30.0631,31.3341",30.0631,31.3341,51,62,29,0.943955,False
2026-05-27T23:00:00,Galaa Square,"30.0398,31.2188",30.0398,31.2188,51,63,79,0.875303,False
2026-05-27T23:15:00,Salah Salem,"30.0645,31.282",30.0645,31.282,60,63,45,0.911366,False
2026-05-27T23:30:00,Autostrad - Sheraton,"30.1065,31.3711",30.1065,31.3711,28,73,36,0.919001,False
2026-05-27T23:45:00,Tahrir Square,"30.0444,31.2357",30.0444,31.2357,26,70,64,0.881508,False
2026-05-28T00:00:00,Corniche El Nil,"30.0263,31.2268",30.0263,31.2268,36,79,30,0.880854,False
2026-05-28T00:15:00,Mosheer Tantawy Axis,"30.0242,31.3486",30.0242,31.3486,35,57,46,0.977307,False
2026-05-28T00:30:00,Rod El Farag Axis,"30.0881,31.2185",30.0881,31.2185,33,59,73,0.979186,False
2026-05-28T00:45:00,Ring Road - Marg,"30.1554,31.3323",30.1554,31.3323,28,79,15,0.92261,False
2026-05-28T01:00:00,Ring Road - Moneeb,"29.9881,31.2227",29.9881,31.2227,54,66,56,0.852761,False
2026-05-28T01:15:00,Gamaat El Dowal St,"30.0543,31.2005",30.0543,31.2005,62,62,51,0.995284,False
2026-05-28T01:30:00,Faisal Street,"30.0051,31.1574",30.0051,31.1574,29,71,29,0.964919,False
2026-05-28T01:45:00,North 90th Street,"30.0308,31.4721",30.0308,31.4721,37,74,45,0.979339,False
2026-05-28T02:00:00,South 90th Street,"30.0195,31.4326",30.0195,31.4326,39,72,69,0.934913,False
2026-05-28T02:15:00,Ring Road - Maadi,"29.9544,31.2858",29.9544,31.2858,55,76,28,0.992303,False
2026-05-28T02:30:00,October Bridge,"30.0526,31.2372",30.0526,31.2372,60,69,79,0.948357,False
2026-05-28T02:45:00,26th July Corridor,"30.0381,31.0264",30.0381,31.0264,36,71,71,0.975864,False
2026-05-28T03:00:00,Abbas El Akkad,"30.0631,31.3341",30.0631,31.3341,28,62,74,0.922111,False
2026-05-28T03:15:00,Galaa Square,"30.0398,31.2188",30.0398,31.2188,31,78,37,0.92637,False
2026-05-28T03:30:00,Salah Salem,"30.0645,31.282",30.0645,31.282,32,55,26,0.934626,False
2026-05-28T03:45:00,Autostrad - Sheraton,"30.1065,31.3711",30.1065,31.3711,33,63,74,0.902088,False
2026-05-28T04:00:00,Tahrir Square,"30.0444,31.2357",30.0444,31.2357,42,69,55,0.881166,False
2026-05-28T04:15:00,Corniche El Nil,"30.0263,31.2268",30.0263,31.2268,29,68,74,0.939671,False
2026-05-28T04:30:00,Mosheer Tantawy Axis,"30.0242,31.3486",30.0242,31.3486,29,76,16,0.895744,False
2026-05-28T04:45:00,Rod El Farag Axis,"30.0881,31.2185",30.0881,31.2185,27,74,29,0.932879,False
2026-05-28T05:00:00,Ring Road - Marg,"30.1554,31.3323",30.1554,31.3323,55,55,80,0.879442,False
2026-05-28T05:15:00,Ring Road - Moneeb,"29.9881,31.2227",29.9881,31.2227,44,70,60,0.860153,False
2026-05-28T05:30:00,Gamaat El Dowal St,"30.0543,31.2005",30.0543,31.2005,52,79,53,0.922697,False
2026-05-28T05:45:00,Faisal Street,"30.0051,31.1574",30.0051,31.1574,44,66,12,0.942319,False
2026-05-28T06:00:00,North 90th Street,"30.0308,31.4721",30.0308,31.4721,56,71,48,0.882142,False
2026-05-28T06:15:00,South 90th Street,"30.0195,31.4326",30.0195,31.4326,64,80,37,0.936073,False
2026-05-28T06:30:00,Ring Road - Maadi,"29.9544,31.2858",29.9544,31.2858,25,65,43,0.940563,False
2026-05-28T06:45:00,October Bridge,"30.0526,31.2372",30.0526,31.2372,64,70,26,0.996893,False
2026-05-28T07:00:00,26th July Corridor,"30.0381,31.0264",30.0381,31.0264,26,57,58,0.88031,False
2026-05-28T07:15:00,Abbas El Akkad,"30.0631,31.3341",30.0631,31.3341,26,75,91,0.918384,False
2026-05-28T07:30:00,Galaa Square,"30.0398,31.2188",30.0398,31.2188,10,78,120,0.931976,False
2026-05-28T07:45:00,Salah Salem,"30.0645,31.282",30.0645,31.282,35,60,67,0.978769,False
2026-05-28T08:00:00,Autostrad - Sheraton,"30.1065,31.3711",30.1065,31.3711,12,57,113,0.871982,False
2026-05-28T08:15:00,Tahrir Square,"30.0444,31.2357",30.0444,31.2357,15,68,42,0.944493,False
2026-05-28T08:30:00,Corniche El Nil,"30.0263,31.2268",30.0263,31.2268,16,70,111,0.948766,False
2026-05-28T08:45:00,Mosheer Tantawy Axis,"30.0242,31.3486",30.0242,31.3486,20,58,94,0.930743,False
2026-05-28T09:00:00,Rod El Farag Axis,"30.0881,31.2185",30.0881,31.2185,12,66,82,0.985272,False
2026-05-28T09:15:00,Ring Road - Marg,"30.1554,31.3323",30.1554,31.3323,35,73,91,0.942031,False
2026-05-28T09:30:00,Ring Road - Moneeb,"29.9881,31.2227",29.9881,31.2227,31,69,41,0.959982,False
2026-05-28T09:45:00,Gamaat El Dowal St,"30.0543,31.2005",30.0543,31.2005,29,57,59,0.901616,False
2026-05-28T10:00:00,Faisal Street,"30.0051,31.1574",30.0051,31.1574,18,73,119,0.979263,False
2026-05-28T10:15:00,North 90th Street,"30.0308,31.4721",30.0308,31.4721,12,68,63,0.933147,False
2026-05-28T10:30:00,South 90th Street,"30.0195,31.4326",30.0195,31.4326,17,75,110,0.854541,False
2026-05-28T10:45:00,Ring Road - Maadi,"29.9544,31.2858",29.9544,31.2858,30,73,74,0.991235,False
2026-05-28T11:00:00,October Bridge,"30.0526,31.2372",30.0526,31.2372,65,77,49,0.932006,False
2026-05-28T11:15:00,26th July Corridor,"30.0381,31.0264",30.0381,31.0264,59,59,79,0.9044,False
2026-05-28T11:30:00,Abbas El Akkad,"30.0631,31.3341",30.0631,31.3341,42,55,16,0.97898,False
2026-05-28T11:45:00,Galaa Square,"30.0398,31.2188",30.0398,31.2188,25,59,55,0.961408,False
2026-05-28T12:00:00,Salah Salem,"30.0645,31.282",30.0645,31.282,52,79,79,0.961281,False
2026-05-28T12:15:00,Autostrad - Sheraton,"30.1065,31.3711",30.1065,31.3711,63,77,42,0.943532,False
2026-05-28T12:30:00,Tahrir Square,"30.0444,31.2357",30.0444,31.2357,37,73,26,0.956682,False
2026-05-28T12:45:00,Corniche El Nil,"30.0263,31.2268",30.0263,31.2268,62,62,20,0.924002,False
2026-05-28T13:00:00,Mosheer Tantawy Axis,"30.0242,31.3486",30.0242,31.3486,40,76,73,0.887667,False
2026-05-28T13:15:00,Rod El Farag Axis,"30.0881,31.2185",30.0881,31.2185,40,72,58,0.988546,False
2026-05-28T13:30:00,Ring Road - Marg,"30.1554,31.3323",30.1554,31.3323,55,76,14,0.86247,False
2026-05-28T13:45:00,Ring Road - Moneeb,"29.9881,31.2227",29.9881,31.2227,65,65,72,0.857492,False
2026-05-28T14:00:00,Gamaat El Dowal St,"30.0543,31.2005",30.0543,31.2005,40,69,79,0.949262,False
2026-05-28T14:15:00,Faisal Street,"30.0051,31.1574",30.0051,31.1574,38,56,18,0.870824,False
2026-05-28T14:30:00,North 90th Street,"30.0308,31.4721",30.0308,31.4721,37,64,79,0.875341,False
2026-05-28T14:45:00,South 90th Street,"30.0195,31.4326",30.0195,31.4326,26,56,48,0.917384,False
2026-05-28T15:00:00,Ring Road - Maadi,"29.9544,31.2858",29.9544,31.2858,45,66,46,0.959166,False
2026-05-28T15:15:00,October Bridge,"30.0526,31.2372",30.0526,31.2372,61,61,70,0.924441,False
2026-05-28T15:30:00,26th July Corridor,"30.0381,31.0264",30.0381,31.0264,33,55,63,0.986447,False
2026-05-28T15:45:00,Abbas El Akkad,"30.0631,31.3341",30.0631,31.3341,25,61,20,0.898995,False
2026-05-28T16:00:00,Galaa Square,"30.0398,31.2188",30.0398,31.2188,10,69,120,0.884061,False
2026-05-28T16:15:00,Salah Salem,"30.0645,31.282",30.0645,31.282,22,78,73,0.993672,False
2026-05-28T16:30:00,Autostrad - Sheraton,"30.1065,31.3711",30.1065,31.3711,23,71,115,0.956868,False
2026-05-28T16:45:00,Tahrir Square,"30.0444,31.2357",30.0444,31.2357,26,63,68,0.966851,False
2026-05-28T17:00:00,Corniche El Nil,"30.0263,31.2268",30.0263,31.2268,14,55,79,0.942492,False
2026-05-28T17:15:00,Mosheer Tantawy Axis,"30.0242,31.3486",30.0242,31.3486,16,71,93,0.991504,False
2026-05-28T17:30:00,Rod El Farag Axis,"30.0881,31.2185",30.0881,31.2185,17,59,54,0.94092,False
2026-05-28T17:45:00,Ring Road - Marg,"30.1554,31.3323",30.1554,31.3323,28,67,73,0.992497,False
2026-05-28T18:00:00,Ring Road - Moneeb,"29.9881,31.2227",29.9881,31.2227,13,78,105,0.949383,False
2026-05-28T18:15:00,Gamaat El Dowal St,"30.0543,31.2005",30.0543,31.2005,35,80,87,0.855361,False
2026-05-28T18:30:00,Faisal Street,"30.0051,31.1574",30.0051,31.1574,32,77,40,0.900586,False
2026-05-28T18:45:00,North 90th Street,"30.0308,31.4721",30.0308,31.4721,19,57,59,0.973889,False
2026-05-28T19:00:00,South 90th Street,"30.0195,31.4326",30.0195,31.4326,19,63,102,0.985175,False
2026-05-28T19:15:00,Ring Road - Maadi,"29.9544,31.2858",29.9544,31.2858,29,77,86,0.886325,False
2026-05-28T19:30:00,October Bridge,"30.0526,31.2372",30.0526,31.2372,22,68,116,0.8793,False
2026-05-28T19:45:00,26th July Corridor,"30.0381,31.0264",30.0381,31.0264,15,69,60,0.892245,False
2026-05-28T20:00:00,Abbas El Akkad,"30.0631,31.3341",30.0631,31.3341,10,63,51,0.975898,False
2026-05-28T20:15:00,Galaa Square,"30.0398,31.2188",30.0398,31.2188,28,78,69,0.856239,False
2026-05-28T20:30:00,Salah Salem,"30.0645,31.282",30.0645,31.282,15,74,103,0.913655,False
2026-05-28T20:45:00,Autostrad - Sheraton,"30.1065,31.3711",30.1065,31.3711,18,58,44,0.908636,False
2026-05-28T21:00:00,Tahrir Square,"30.0444,31.2357",30.0444,31.2357,65,70,62,0.894457,False
2026-05-28T21:15:00,Corniche El Nil,"30.0263,31.2268",30.0263,31.2268,61,75,79,0.974163,False
2026-05-28T21:30:00,Mosheer Tantawy Axis,"30.0242,31.3486",30.0242,31.3486,65,70,63,0.985957,False
2026-05-28T21:45:00,Rod El Farag Axis,"30.0881,31.2185",30.0881,31.2185,44,72,70,0.984479,False
2026-05-28T22:00:00,Ring Road - Marg,"30.1554,31.3323",30.1554,31.3323,31,64,24,0.887123,False
2026-05-28T22:15:00,Ring Road - Moneeb,"29.9881,31.2227",29.9881,31.2227,61,61,40,0.916895,False
2026-05-28T22:30:00,Gamaat El Dowal St,"30.0543,31.2005",30.0543,31.2005,52,77,80,0.947935,False
2026-05-28T22:45:00,Faisal Street,"30.0051,31.1574",30.0051,31.1574,58,58,29,0.925028,False
2026-05-28T23:00:00,North 90th Street,"30.0308,31.4721",30.0308,31.4721,49,78,12,0.881319,False
2026-05-28T23:15:00,South 90th Street,"30.0195,31.4326",30.0195,31.4326,48,74,60,0.955407,False
2026-05-28T23:30:00,Ring Road - Maadi,"29.9544,31.2858",29.9544,31.2858,39,60,46,0.958024,False
2026-05-28T23:45:00,October Bridge,"30.0526,31.2372",30.0526,31.2372,58,68,49,0.910065,False
2026-05-29T00:00:00,26th July Corridor,"30.0381,31.0264",30.0381,31.0264,39,71,45,0.886237,False
2026-05-29T00:15:00,Abbas El Akkad,"30.0631,31.3341",30.0631,31.3341,65,69,44,0.87446,False
2026-05-29T00:30:00,Galaa Square,"30.0398,31.2188",30.0398,31.2188,69,69,49,0.875423,False
2026-05-29T00:45:00,Salah Salem,"30.0645,31.282",30.0645,31.282,54,76,46,0.992346,False
2026-05-29T01:00:00,Autostrad - Sheraton,"30.1065,31.3711",30.1065,31.3711,52,76,27,0.956563,False
2026-05-29T01:15:00,Tahrir Square,"30.0444,31.2357",30.0444,31.2357,64,64,7,0.978748,False
2026-05-29T01:30:00,Corniche El Nil,"30.0263,31.2268",30.0263,31.2268,38,56,28,0.983577,False
2026-05-29T01:45:00,Mosheer Tantawy Axis,"30.0242,31.3486",30.0242,31.3486,48,66,29,0.871538,False
2026-05-29T02:00:00,Rod El Farag Axis,"30.0881,31.2185",30.0881,31.2185,73,73,19,0.904438,False
2026-05-29T02:15:00,Ring Road - Marg,"30.1554,31.3323",30.1554,31.3323,35,67,31,0.908867,False
2026-05-29T02:30:00,Ring Road - Moneeb,"29.9881,31.2227",29.9881,31.2227,42,75,11,0.895242,False
2026-05-29T02:45:00,Gamaat El Dowal St,"30.0543,31.2005",30.0543,31.2005,53,80,15,0.968358,False
2026-05-29T03:00:00,Faisal Street,"30.0051,31.1574",30.0051,31.1574,74,74,30,0.852397,False
2026-05-29T03:15:00,North 90th Street,"30.0308,31.4721",30.0308,31.4721,73,73,22,0.922741,False
2026-05-29T03:30:00,South 90th Street,"30.0195,31.4326",30.0195,31.4326,44,56,38,0.988816,False
2026-05-29T03:45:00,Ring Road - Maadi,"29.9544,31.2858",29.9544,31.2858,70,70,42,0.980497,False
2026-05-29T04:00:00,October Bridge,"30.0526,31.2372",30.0526,31.2372,64,64,41,0.975492,False
2026-05-29T04:15:00,26th July Corridor,"30.0381,31.0264",30.0381,31.0264,36,67,16,0.868783,False
2026-05-29T04:30:00,Abbas El Akkad,"30.0631,31.3341",30.0631,31.3341,62,67,21,0.991069,False
2026-05-29T04:45:00,Galaa Square,"30.0398,31.2188",30.0398,31.2188,38,67,22,0.901368,False
2026-05-29T05:00:00,Salah Salem,"30.0645,31.282",30.0645,31.282,44,64,27,0.980215,False
2026-05-29T05:15:00,Autostrad - Sheraton,"30.1065,31.3711",30.1065,31.3711,59,59,49,0.948074,False
2026-05-29T05:30:00,Tahrir Square,"30.0444,31.2357",30.0444,31.2357,47,70,34,0.862968,False
2026-05-29T05:45:00,Corniche El Nil,"30.0263,31.2268",30.0263,31.2268,74,74,23,0.968854,False
2026-05-29T06:00:00,Mosheer Tantawy Axis,"30.0242,31.3486",30.0242,31.3486,61,65,38,0.977778,False
2026-05-29T06:15:00,Rod El Farag Axis,"30.0881,31.2185",30.0881,31.2185,56,72,44,0.943055,False
2026-05-29T06:30:00,Ring Road - Marg,"30.1554,31.3323",30.1554,31.3323,55,72,30,0.906263,False
2026-05-29T06:45:00,Ring Road - Moneeb,"29.9881,31.2227",29.9881,31.2227,74,74,8,0.889556,False
2026-05-29T07:00:00,Gamaat El Dowal St,"30.0543,31.2005",30.0543,31.2005,39,64,34,0.995468,False
2026-05-29T07:15:00,Faisal Street,"30.0051,31.1574",30.0051,31.1574,35,68,14,0.923193,False
2026-05-29T07:30:00,North 90th Street,"30.0308,31.4721",30.0308,31.4721,40,55,26,0.940409,False
2026-05-29T07:45:00,South 90th Street,"30.0195,31.4326",30.0195,31.4326,35,57,33,0.880417,False
2026-05-29T08:00:00,Ring Road - Maadi,"29.9544,31.2858",29.9544,31.2858,44,74,33,0.859456,False
2026-05-29T08:15:00,October Bridge,"30.0526,31.2372",30.0526,31.2372,63,79,49,0.975351,False
2026-05-29T08:30:00,26th July Corridor,"30.0381,31.0264",30.0381,31.0264,50,71,31,0.926958,False
2026-05-29T08:45:00,Abbas El Akkad,"30.0631,31.3341",30.0631,31.3341,53,59,35,0.900007,False
2026-05-29T09:00:00,Galaa Square,"30.0398,31.2188",30.0398,31.2188,75,75,14,0.905741,False
2026-05-29T09:15:00,Salah Salem,"30.0645,31.282",30.0645,31.282,49,80,27,0.92438,False
2026-05-29T09:30:00,Autostrad - Sheraton,"30.1065,31.3711",30.1065,31.3711,39,55,8,0.997677,False
2026-05-29T09:45:00,Tahrir Square,"30.0444,31.2357",30.0444,31.2357,57,74,20,0.932521,False
2026-05-29T10:00:00,Corniche El Nil,"30.0263,31.2268",30.0263,31.2268,58,60,22,0.895537,False
2026-05-29T10:15:00,Mosheer Tantawy Axis,"30.0242,31.3486",30.0242,31.3486,64,70,12,0.870764,False
2026-05-29T10:30:00,Rod El Farag Axis,"30.0881,31.2185",30.0881,31.2185,69,71,18,0.887776,False
2026-05-29T10:45:00,Ring Road - Marg,"30.1554,31.3323",30.1554,31.3323,61,72,43,0.952554,False
2026-05-29T11:00:00,Ring Road - Moneeb,"29.9881,31.2227",29.9881,31.2227,35,63,9,0.922666,False
2026-05-29T11:15:00,Gamaat El Dowal St,"30.0543,31.2005",30.0543,31.2005,42,71,47,0.979199,False
2026-05-29T11:30:00,Faisal Street,"30.0051,31.1574",30.0051,31.1574,74,76,21,0.98884,False
2026-05-29T11:45:00,North 90th Street,"30.0308,31.4721",30.0308,31.4721,57,66,29,0.892924,False
2026-05-29T12:00:00,South 90th Street,"30.0195,31.4326",30.0195,31.4326,48,65,26,0.866331,False
2026-05-29T12:15:00,Ring Road - Maadi,"29.9544,31.2858",29.9544,31.2858,73,73,37,0.978732,False
2026-05-29T12:30:00,October Bridge,"30.0526,31.2372",30.0526,31.2372,48,64,21,0.956377,False
2026-05-29T12:45:00,26th July Corridor,"30.0381,31.0264",30.0381,31.0264,48,58,6,0.938497,False
2026-05-29T13:00:00,Abbas El Akkad,"30.0631,31.3341",30.0631,31.3341,59,80,27,0.998595,False
2026-05-29T13:15:00,Galaa Square,"30.0398,31.2188",30.0398,31.2188,51,70,29,0.881067,False
2026-05-29T13:30:00,Salah Salem,"30.0645,31.282",30.0645,31.282,49,77,22,0.920634,False
2026-05-29T13:45:00,Autostrad - Sheraton,"30.1065,31.3711",30.1065,31.3711,49,79,12,0.880498,False
2026-05-29T14:00:00,Tahrir Square,"30.0444,31.2357",30.0444,31.2357,53,79,44,0.940832,False
2026-05-29T14:15:00,Corniche El Nil,"30.0263,31.2268",30.0263,31.2268,40,76,31,0.904711,False
2026-05-29T14:30:00,Mosheer Tantawy Axis,"30.0242,31.3486",30.0242,31.3486,54,56,34,0.922633,False
2026-05-29T14:45:00,Rod El Farag Axis,"30.0881,31.2185",30.0881,31.2185,59,75,19,0.91531,False
2026-05-29T15:00:00,Ring Road - Marg,"30.1554,31.3323",30.1554,31.3323,69,69,40,0.929271,False
2026-05-29T15:15:00,Ring Road - Moneeb,"29.9881,31.2227",29.9881,31.2227,41,71,32,0.861511,False
2026-05-29T15:30:00,Gamaat El Dowal St,"30.0543,31.2005",30.0543,31.2005,39,70,44,0.893462,False
2026-05-29T15:45:00,Faisal Street,"30.0051,31.1574",30.0051,31.1574,39,80,14,0.987013,False
2026-05-29T16:00:00,North 90th Street,"30.0308,31.4721",30.0308,31.4721,36,58,18,0.874303,False
2026-05-29T16:15:00,South 90th Street,"30.0195,31.4326",30.0195,31.4326,45,77,28,0.895098,False
2026-05-29T16:30:00,Ring Road - Maadi,"29.9544,31.2858",29.9544,31.2858,72,72,33,0.949343,False
2026-05-29T16:45:00,October Bridge,"30.0526,31.2372",30.0526,31.2372,64,64,30,0.87149,False
2026-05-29T17:00:00,26th July Corridor,"30.0381,31.0264",30.0381,31.0264,62,76,33,0.91449,False
2026-05-29T17:15:00,Abbas El Akkad,"30.0631,31.3341",30.0631,31.3341,52,64,24,0.903779,False
2026-05-29T17:30:00,Galaa Square,"30.0398,31.2188",30.0398,31.2188,75,75,10,0.897425,False
2026-05-29T17:45:00,Salah Salem,"30.0645,31.282",30.0645,31.282,45,75,6,0.938592,False
2026-05-29T18:00:00,Autostrad - Sheraton,"30.1065,31.3711",30.1065,31.3711,38,72,47,0.853183,False
2026-05-29T18:15:00,Tahrir Square,"30.0444,31.2357",30.0444,31.2357,50,79,22,0.928541,False
2026-05-29T18:30:00,Corniche El Nil,"30.0263,31.2268",30.0263,31.2268,58,58,34,0.858123,False
2026-05-29T18:45:00,Mosheer Tantawy Axis,"30.0242,31.3486",30.0242,31.3486,39,66,10,0.941875,False
2026-05-29T19:00:00,Rod El Farag Axis,"30.0881,31.2185",30.0881,31.2185,55,70,45,0.985385,False
2026-05-29T19:15:00,Ring Road - Marg,"30.1554,31.3323",30.1554,31.3323,54,59,34,0.904418,False
2026-05-29T19:30:00,Ring Road - Moneeb,"29.9881,31.2227",29.9881,31.2227,37,73,47,0.997842,False
2026-05-29T19:45:00,Gamaat El Dowal St,"30.0543,31.2005",30.0543,31.2005,45,67,15,0.93883,False
2026-05-29T20:00:00,Faisal Street,"30.0051,31.1574",30.0051,31.1574,67,80,20,0.955668,False
2026-05-29T20:15:00,North 90th Street,"30.0308,31.4721",30.0308,31.4721,68,68,15,0.921688,False
2026-05-29T20:30:00,South 90th Street,"30.0195,31.4326",30.0195,31.4326,70,70,15,0.878683,False
2026-05-29T20:45:00,Ring Road - Maadi,"29.9544,31.2858",29.9544,31.2858,75,75,48,0.890055,False
2026-05-29T21:00:00,October Bridge,"30.0526,31.2372",30.0526,31.2372,74,74,41,0.8862,False
2026-05-29T21:15:00,26th July Corridor,"30.0381,31.0264",30.0381,31.0264,63,79,23,0.974177,False
2026-05-29T21:30:00,Abbas El Akkad,"30.0631,31.3341",30.0631,31.3341,67,74,17,0.862961,False
2026-05-29T21:45:00,Galaa Square,"30.0398,31.2188",30.0398,31.2188,61,66,46,0.891049,False
2026-05-29T22:00:00,Salah Salem,"30.0645,31.282",30.0645,31.282,37,56,32,0.926886,False
2026-05-29T22:15:00,Autostrad - Sheraton,"30.1065,31.3711",30.1065,31.3711,56,71,43,0.93109,False
2026-05-29T22:30:00,Tahrir Square,"30.0444,31.2357",30.0444,31.2357,50,56,44,0.889002,False
2026-05-29T22:45:00,Corniche El Nil,"30.0263,31.2268",30.0263,31.2268,54,66,22,0.929582,False
2026-05-29T23:00:00,Mosheer Tantawy Axis,"30.0242,31.3486",30.0242,31.3486,56,65,14,0.973842,False
2026-05-29T23:15:00,Rod El Farag Axis,"30.0881,31.2185",30.0881,31.2185,57,74,39,0.919816,False
2026-05-29T23:30:00,Ring Road - Marg,"30.1554,31.3323",30.1554,31.3323,52,69,27,0.868076,False
2026-05-29T23:45:00,Ring Road - Moneeb,"29.9881,31.2227",29.9881,31.2227,41,74,31,0.86716,False
2026-05-30T00:00:00,Gamaat El Dowal St,"30.0543,31.2005",30.0543,31.2005,48,80,22,0.985364,False
2026-05-30T00:15:00,Faisal Street,"30.0051,31.1574",30.0051,31.1574,46,75,37,0.940993,False
2026-05-30T00:30:00,North 90th Street,"30.0308,31.4721",30.0308,31.4721,35,66,13,0.859431,False
2026-05-30T00:45:00,South 90th Street,"30.0195,31.4326",30.0195,31.4326,60,73,40,0.932765,False
2026-05-30T01:00:00,Ring Road - Maadi,"29.9544,31.2858",29.9544,31.2858,42,74,15,0.967272,False
2026-05-30T01:15:00,October Bridge,"30.0526,31.2372",30.0526,31.2372,62,72,25,0.996381,False
2026-05-30T01:30:00,26th July Corridor,"30.0381,31.0264",30.0381,31.0264,64,64,17,0.919969,False
2026-05-30T01:45:00,Abbas El Akkad,"30.0631,31.3341",30.0631,31.3341,56,69,6,0.911659,False
2026-05-30T02:00:00,Galaa Square,"30.0398,31.2188",30.0398,31.2188,67,72,47,0.899988,False
2026-05-30T02:15:00,Salah Salem,"30.0645,31.282",30.0645,31.282,45,61,41,0.85643,False
2026-05-30T02:30:00,Autostrad - Sheraton,"30.1065,31.3711",30.1065,31.3711,58,66,20,0.928453,False
2026-05-30T02:45:00,Tahrir Square,"30.0444,31.2357",30.0444,31.2357,73,77,43,0.962015,False
2026-05-30T03:00:00,Corniche El Nil,"30.0263,31.2268",30.0263,31.2268,62,74,30,0.870703,False
2026-05-30T03:15:00,Mosheer Tantawy Axis,"30.0242,31.3486",30.0242,31.3486,66,78,45,0.921733,False
2026-05-30T03:30:00,Rod El Farag Axis,"30.0881,31.2185",30.0881,31.2185,64,80,46,0.900082,False
2026-05-30T03:45:00,Ring Road - Marg,"30.1554,31.3323",30.1554,31.3323,66,75,22,0.890046,False
2026-05-30T04:00:00,Ring Road - Moneeb,"29.9881,31.2227",29.9881,31.2227,50,72,22,0.869863,False
2026-05-30T04:15:00,Gamaat El Dowal St,"30.0543,31.2005",30.0543,31.2005,71,77,25,0.91498,False
2026-05-30T04:30:00,Faisal Street,"30.0051,31.1574",30.0051,31.1574,56,79,46,0.896046,False
2026-05-30T04:45:00,North 90th Street,"30.0308,31.4721",30.0308,31.4721,58,64,45,0.991696,False
2026-05-30T05:00:00,South 90th Street,"30.0195,31.4326",30.0195,31.4326,63,69,24,0.929262,False
2026-05-30T05:15:00,Ring Road - Maadi,"29.9544,31.2858",29.9544,31.2858,65,65,21,0.906354,False
2026-05-30T05:30:00,October Bridge,"30.0526,31.2372",30.0526,31.2372,62,76,17,0.959208,False
2026-05-30T05:45:00,26th July Corridor,"30.0381,31.0264",30.0381,31.0264,62,74,29,0.976049,False
2026-05-30T06:00:00,Abbas El Akkad,"30.0631,31.3341",30.0631,31.3341,54,55,8,0.880667,False
2026-05-30T06:15:00,Galaa Square,"30.0398,31.2188",30.0398,31.2188,63,66,11,0.904745,False
2026-05-30T06:30:00,Salah Salem,"30.0645,31.282",30.0645,31.282,39,78,25,0.98307,False
2026-05-30T06:45:00,Autostrad - Sheraton,"30.1065,31.3711",30.1065,31.3711,44,73,38,0.959785,False
2026-05-30T07:00:00,Tahrir Square,"30.0444,31.2357",30.0444,31.2357,41,77,46,0.870304,False
2026-05-30T07:15:00,Corniche El Nil,"30.0263,31.2268",30.0263,31.2268,72,72,34,0.989489,False
2026-05-30T07:30:00,Mosheer Tantawy Axis,"30.0242,31.3486",30.0242,31.3486,45,71,38,0.961232,False
2026-05-30T07:45:00,Rod El Farag Axis,"30.0881,31.2185",30.0881,31.2185,62,73,22,0.997264,False
2026-05-30T08:00:00,Ring Road - Marg,"30.1554,31.3323",30.1554,31.3323,69,71,39,0.993556,False
2026-05-30T08:15:00,Ring Road - Moneeb,"29.9881,31.2227",29.9881,31.2227,50,75,22,0.950559,False
2026-05-30T08:30:00,Gamaat El Dowal St,"30.0543,31.2005",30.0543,31.2005,64,76,15,0.900418,False
2026-05-30T08:45:00,Faisal Street,"30.0051,31.1574",30.0051,31.1574,40,66,17,0.990952,False
2026-05-30T09:00:00,North 90th Street,"30.0308,31.4721",30.0308,31.4721,45,74,28,0.910327,False
2026-05-30T09:15:00,South 90th Street,"30.0195,31.4326",30.0195,31.4326,50,56,24,0.985779,False
2026-05-30T09:30:00,Ring Road - Maadi,"29.9544,31.2858",29.9544,31.2858,65,65,36,0.917739,False
2026-05-30T09:45:00,October Bridge,"30.0526,31.2372",30.0526,31.2372,73,78,48,0.916368,False
2026-05-30T10:00:00,26th July Corridor,"30.0381,31.0264",30.0381,31.0264,63,71,25,0.913402,False
2026-05-30T10:15:00,Abbas El Akkad,"30.0631,31.3341",30.0631,31.3341,66,66,5,0.986536,False
2026-05-30T10:30:00,Galaa Square,"30.0398,31.2188",30.0398,31.2188,40,67,18,0.98214,False
2026-05-30T10:45:00,Salah Salem,"30.0645,31.282",30.0645,31.282,35,75,22,0.935967,False
2026-05-30T11:00:00,Autostrad - Sheraton,"30.1065,31.3711",30.1065,31.3711,61,75,19,0.949884,False
2026-05-30T11:15:00,Tahrir Square,"30.0444,31.2357",30.0444,31.2357,39,65,45,0.863743,False
2026-05-30T11:30:00,Corniche El Nil,"30.0263,31.2268",30.0263,31.2268,54,56,20,0.935463,False
2026-05-30T11:45:00,Mosheer Tantawy Axis,"30.0242,31.3486",30.0242,31.3486,52,74,36,0.923782,False
2026-05-30T12:00:00,Rod El Farag Axis,"30.0881,31.2185",30.0881,31.2185,73,73,22,0.882365,False
2026-05-30T12:15:00,Ring Road - Marg,"30.1554,31.3323",30.1554,31.3323,49,60,18,0.94336,False
2026-05-30T12:30:00,Ring Road - Moneeb,"29.9881,31.2227",29.9881,31.2227,45,80,8,0.991894,False
2026-05-30T12:45:00,Gamaat El Dowal St,"30.0543,31.2005",30.0543,31.2005,36,56,48,0.895796,False
2026-05-30T13:00:00,Faisal Street,"30.0051,31.1574",30.0051,31.1574,66,70,37,0.881942,False
2026-05-30T13:15:00,North 90th Street,"30.0308,31.4721",30.0308,31.4721,60,60,38,0.986759,False
2026-05-30T13:30:00,South 90th Street,"30.0195,31.4326",30.0195,31.4326,70,70,14,0.866293,False
2026-05-30T13:45:00,Ring Road - Maadi,"29.9544,31.2858",29.9544,31.2858,68,70,39,0.973556,False
2026-05-30T14:00:00,October Bridge,"30.0526,31.2372",30.0526,31.2372,67,67,43,0.96728,False
2026-05-30T14:15:00,26th July Corridor,"30.0381,31.0264",30.0381,31.0264,54,66,43,0.865253,False
2026-05-30T14:30:00,Abbas El Akkad,"30.0631,31.3341",30.0631,31.3341,45,78,26,0.948977,False
2026-05-30T14:45:00,Galaa Square,"30.0398,31.2188",30.0398,31.2188,43,77,21,0.891943,False
2026-05-30T15:00:00,Salah Salem,"30.0645,31.282",30.0645,31.282,66,66,41,0.939147,False
2026-05-30T15:15:00,Autostrad - Sheraton,"30.1065,31.3711",30.1065,31.3711,50,70,32,0.853469,False
2026-05-30T15:30:00,Tahrir Square,"30.0444,31.2357",30.0444,31.2357,42,58,41,0.921486,False
2026-05-30T15:45:00,Corniche El Nil,"30.0263,31.2268",30.0263,31.2268,44,62,45,0.862069,False
2026-05-30T16:00:00,Mosheer Tantawy Axis,"30.0242,31.3486",30.0242,31.3486,71,71,10,0.888947,False
2026-05-30T16:15:00,Rod El Farag Axis,"30.0881,31.2185",30.0881,31.2185,66,72,9,0.898041,False
2026-05-30T16:30:00,Ring Road - Marg,"30.1554,31.3323",30.1554,31.3323,37,62,9,0.995779,False
2026-05-30T16:45:00,Ring Road - Moneeb,"29.9881,31.2227",29.9881,31.2227,46,56,18,0.883575,False
2026-05-30T17:00:00,Gamaat El Dowal St,"30.0543,31.2005",30.0543,31.2005,56,77,38,0.992046,False
2026-05-30T17:15:00,Faisal Street,"30.0051,31.1574",30.0051,31.1574,65,65,49,0.965932,False
2026-05-30T17:30:00,North 90th Street,"30.0308,31.4721",30.0308,31.4721,59,63,9,0.929538,False
2026-05-30T17:45:00,South 90th Street,"30.0195,31.4326",30.0195,31.4326,66,66,31,0.854029,False
2026-05-30T18:00:00,Ring Road - Maadi,"29.9544,31.2858",29.9544,31.2858,56,71,47,0.863899,False
2026-05-30T18:15:00,October Bridge,"30.0526,31.2372",30.0526,31.2372,39,67,13,0.910755,False
2026-05-30T18:30:00,26th July Corridor,"30.0381,31.0264",30.0381,31.0264,75,75,21,0.879599,False
2026-05-30T18:45:00,Abbas El Akkad,"30.0631,31.3341",30.0631,31.3341,61,61,7,0.891715,False
2026-05-30T19:00:00,Galaa Square,"30.0398,31.2188",30.0398,31.2188,66,66,31,0.995985,False
2026-05-30T19:15:00,Salah Salem,"30.0645,31.282",30.0645,31.282,46,61,40,0.852174,False
2026-05-30T19:30:00,Autostrad - Sheraton,"30.1065,31.3711",30.1065,31.3711,52,70,45,0.933878,False
2026-05-30T19:45:00,Tahrir Square,"30.0444,31.2357",30.0444,31.2357,36,65,33,0.876562,False
2026-05-30T20:00:00,Corniche El Nil,"30.0263,31.2268",30.0263,31.2268,56,76,22,0.999316,False
2026-05-30T20:15:00,Mosheer Tantawy Axis,"30.0242,31.3486",30.0242,31.3486,55,73,29,0.889326,False
2026-05-30T20:30:00,Rod El Farag Axis,"30.0881,31.2185",30.0881,31.2185,59,59,17,0.918809,False
2026-05-30T20:45:00,Ring Road - Marg,"30.1554,31.3323",30.1554,31.3323,70,79,24,0.929557,False
2026-05-30T21:00:00,Ring Road - Moneeb,"29.9881,31.2227",29.9881,31.2227,49,61,37,0.886033,False
2026-05-30T21:15:00,Gamaat El Dowal St,"30.0543,31.2005",30.0543,31.2005,47,63,18,0.957287,False
2026-05-30T21:30:00,Faisal Street,"30.0051,31.1574",30.0051,31.1574,72,79,32,0.915501,False
2026-05-30T21:45:00,North 90th Street,"30.0308,31.4721",30.0308,31.4721,56,64,41,0.961209,False
2026-05-30T22:00:00,South 90th Street,"30.0195,31.4326",30.0195,31.4326,49,78,27,0.973407,False
2026-05-30T22:15:00,Ring Road - Maadi,"29.9544,31.2858",29.9544,31.2858,70,79,11,0.930968,False
2026-05-30T22:30:00,October Bridge,"30.0526,31.2372",30.0526,31.2372,62,73,47,0.932146,False
2026-05-30T22:45:00,26th July Corridor,"30.0381,31.0264",30.0381,31.0264,42,60,16,0.907363,False
2026-05-30T23:00:00,Abbas El Akkad,"30.0631,31.3341",30.0631,31.3341,43,79,38,0.90665,False
2026-05-30T23:15:00,Galaa Square,"30.0398,31.2188",30.0398,31.2188,63,63,43,0.968886,False
2026-05-30T23:30:00,Salah Salem,"30.0645,31.282",30.0645,31.282,47,75,9,0.901376,False
2026-05-30T23:45:00,Autostrad - Sheraton,"30.1065,31.3711",30.1065,31.3711,69,69,6,0.860729,False
2026-05-31T00:00:00,Tahrir Square,"30.0444,31.2357",30.0444,31.2357,44,65,43,0.862668,False
2026-05-31T00:15:00,Corniche El Nil,"30.0263,31.2268",30.0263,31.2268,31,73,18,0.877885,False
2026-05-31T00:30:00,Mosheer Tantawy Axis,"30.0242,31.3486",30.0242,31.3486,59,61,10,0.85045,False
2026-05-31T00:45:00,Rod El Farag Axis,"30.0881,31.2185",30.0881,31.2185,55,80,19,0.982301,False
2026-05-31T01:00:00,Ring Road - Marg,"30.1554,31.3323",30.1554,31.3323,46,67,78,0.96928,False
2026-05-31T01:15:00,Ring Road - Moneeb,"29.9881,31.2227",29.9881,31.2227,33,73,78,0.873531,False
2026-05-31T01:30:00,Gamaat El Dowal St,"30.0543,31.2005",30.0543,31.2005,37,60,79,0.873323,False
2026-05-31T01:45:00,Faisal Street,"30.0051,31.1574",30.0051,31.1574,31,70,30,0.880612,False
2026-05-31T02:00:00,North 90th Street,"30.0308,31.4721",30.0308,31.4721,50,76,13,0.882843,False
2026-05-31T02:15:00,South 90th Street,"30.0195,31.4326",30.0195,31.4326,48,68,31,0.916728,False
2026-05-31T02:30:00,Ring Road - Maadi,"29.9544,31.2858",29.9544,31.2858,40,71,47,0.975576,False
2026-05-31T02:45:00,October Bridge,"30.0526,31.2372",30.0526,31.2372,26,72,67,0.971354,False
2026-05-31T03:00:00,26th July Corridor,"30.0381,31.0264",30.0381,31.0264,56,56,31,0.878711,False
2026-05-31T03:15:00,Abbas El Akkad,"30.0631,31.3341",30.0631,31.3341,49,79,77,0.864196,False
2026-05-31T03:30:00,Galaa Square,"30.0398,31.2188",30.0398,31.2188,30,61,43,0.869893,False
2026-05-31T03:45:00,Salah Salem,"30.0645,31.282",30.0645,31.282,29,57,41,0.948926,False
2026-05-31T04:00:00,Autostrad - Sheraton,"30.1065,31.3711",30.1065,31.3711,37,62,23,0.985991,False
2026-05-31T04:15:00,Tahrir Square,"30.0444,31.2357",30.0444,31.2357,43,60,21,0.92487,False
2026-05-31T04:30:00,Corniche El Nil,"30.0263,31.2268",30.0263,31.2268,64,67,17,0.909324,False
2026-05-31T04:45:00,Mosheer Tantawy Axis,"30.0242,31.3486",30.0242,31.3486,42,76,66,0.926068,False
2026-05-31T05:00:00,Rod El Farag Axis,"30.0881,31.2185",30.0881,31.2185,50,62,74,0.89265,False
2026-05-31T05:15:00,Ring Road - Marg,"30.1554,31.3323",30.1554,31.3323,63,63,68,0.948168,False
2026-05-31T05:30:00,Ring Road - Moneeb,"29.9881,31.2227",29.9881,31.2227,29,78,42,0.93451,False
2026-05-31T05:45:00,Gamaat El Dowal St,"30.0543,31.2005",30.0543,31.2005,31,62,18,0.883352,False
2026-05-31T06:00:00,Faisal Street,"30.0051,31.1574",30.0051,31.1574,36,60,70,0.969929,False
2026-05-31T06:15:00,North 90th Street,"30.0308,31.4721",30.0308,31.4721,64,64,64,0.995168,False
2026-05-31T06:30:00,South 90th Street,"30.0195,31.4326",30.0195,31.4326,25,58,70,0.933425,False
2026-05-31T06:45:00,Ring Road - Maadi,"29.9544,31.2858",29.9544,31.2858,49,55,62,0.970724,False
2026-05-31T07:00:00,October Bridge,"30.0526,31.2372",30.0526,31.2372,23,73,117,0.988726,False
2026-05-31T07:15:00,26th July Corridor,"30.0381,31.0264",30.0381,31.0264,11,57,96,0.957323,False
2026-05-31T07:30:00,Abbas El Akkad,"30.0631,31.3341",30.0631,31.3341,21,58,120,0.894688,False
2026-05-31T07:45:00,Galaa Square,"30.0398,31.2188",30.0398,31.2188,23,77,72,0.935662,False
2026-05-31T08:00:00,Salah Salem,"30.0645,31.282",30.0645,31.282,18,76,104,0.91408,False
2026-05-31T08:15:00,Autostrad - Sheraton,"30.1065,31.3711",30.1065,31.3711,15,57,80,0.948222,False
2026-05-31T08:30:00,Tahrir Square,"30.0444,31.2357",30.0444,31.2357,31,68,95,0.921408,False
2026-05-31T08:45:00,Corniche El Nil,"30.0263,31.2268",30.0263,31.2268,20,74,107,0.917729,False
2026-05-31T09:00:00,Mosheer Tantawy Axis,"30.0242,31.3486",30.0242,31.3486,32,77,43,0.874605,False
2026-05-31T09:15:00,Rod El Farag Axis,"30.0881,31.2185",30.0881,31.2185,10,70,96,0.887434,False
2026-05-31T09:30:00,Ring Road - Marg,"30.1554,31.3323",30.1554,31.3323,17,61,58,0.947875,False
2026-05-31T09:45:00,Ring Road - Moneeb,"29.9881,31.2227",29.9881,31.2227,22,61,85,0.902179,False
2026-05-31T10:00:00,Gamaat El Dowal St,"30.0543,31.2005",30.0543,31.2005,32,79,100,0.922928,False
2026-05-31T10:15:00,Faisal Street,"30.0051,31.1574",30.0051,31.1574,17,78,116,0.957892,False
2026-05-31T10:30:00,North 90th Street,"30.0308,31.4721",30.0308,31.4721,19,78,60,0.907846,False
2026-05-31T10:45:00,South 90th Street,"30.0195,31.4326",30.0195,31.4326,19,61,109,0.968812,False
2026-05-31T11:00:00,Ring Road - Maadi,"29.9544,31.2858",29.9544,31.2858,53,76,67,0.960193,False
2026-05-31T11:15:00,October Bridge,"30.0526,31.2372",30.0526,31.2372,62,62,37,0.854063,False
2026-05-31T11:30:00,26th July Corridor,"30.0381,31.0264",30.0381,31.0264,44,74,60,0.867518,False
2026-05-31T11:45:00,Abbas El Akkad,"30.0631,31.3341",30.0631,31.3341,55,66,47,0.917746,False
2026-05-31T12:00:00,Galaa Square,"30.0398,31.2188",30.0398,31.2188,33,78,62,0.973285,False
2026-05-31T12:15:00,Salah Salem,"30.0645,31.282",30.0645,31.282,44,68,63,0.937289,False
2026-05-31T12:30:00,Autostrad - Sheraton,"30.1065,31.3711",30.1065,31.3711,64,64,69,0.928872,False
2026-05-31T12:45:00,Tahrir Square,"30.0444,31.2357",30.0444,31.2357,58,69,66,0.857535,False
2026-05-31T13:00:00,Corniche El Nil,"30.0263,31.2268",30.0263,31.2268,42,70,65,0.992195,False
2026-05-31T13:15:00,Mosheer Tantawy Axis,"30.0242,31.3486",30.0242,31.3486,45,60,18,0.871135,False
2026-05-31T13:30:00,Rod El Farag Axis,"30.0881,31.2185",30.0881,31.2185,33,59,29,0.999406,False
2026-05-31T13:45:00,Ring Road - Marg,"30.1554,31.3323",30.1554,31.3323,25,56,73,0.850703,False
2026-05-31T14:00:00,Ring Road - Moneeb,"29.9881,31.2227",29.9881,31.2227,39,79,76,0.870822,False
2026-05-31T14:15:00,Gamaat El Dowal St,"30.0543,31.2005",30.0543,31.2005,29,72,58,0.905228,False
2026-05-31T14:30:00,Faisal Street,"30.0051,31.1574",30.0051,31.1574,54,72,73,0.923742,False
2026-05-31T14:45:00,North 90th Street,"30.0308,31.4721",30.0308,31.4721,38,74,29,0.863119,False
2026-05-31T15:00:00,South 90th Street,"30.0195,31.4326",30.0195,31.4326,47,55,80,0.902683,False
2026-05-31T15:15:00,Ring Road - Maadi,"29.9544,31.2858",29.9544,31.2858,25,71,16,0.910472,False
2026-05-31T15:30:00,October Bridge,"30.0526,31.2372",30.0526,31.2372,61,61,53,0.883037,False
2026-05-31T15:45:00,26th July Corridor,"30.0381,31.0264",30.0381,31.0264,26,61,55,0.874252,False
2026-05-31T16:00:00,Abbas El Akkad,"30.0631,31.3341",30.0631,31.3341,20,76,82,0.909837,False
2026-05-31T16:15:00,Galaa Square,"30.0398,31.2188",30.0398,31.2188,31,74,105,0.862155,False
2026-05-31T16:30:00,Salah Salem,"30.0645,31.282",30.0645,31.282,11,78,107,0.898336,False
2026-05-31T16:45:00,Autostrad - Sheraton,"30.1065,31.3711",30.1065,31.3711,23,64,74,0.850539,False
2026-05-31T17:00:00,Tahrir Square,"30.0444,31.2357",30.0444,31.2357,10,76,111,0.881321,False
2026-05-31T17:15:00,Corniche El Nil,"30.0263,31.2268",30.0263,31.2268,14,63,75,0.913795,False
2026-05-31T17:30:00,Mosheer Tantawy Axis,"30.0242,31.3486",30.0242,31.3486,13,55,103,0.969116,False
2026-05-31T17:45:00,Rod El Farag Axis,"30.0881,31.2185",30.0881,31.2185,10,76,111,0.92773,False
2026-05-31T18:00:00,Ring Road - Marg,"30.1554,31.3323",30.1554,31.3323,33,71,81,0.997868,False
2026-05-31T18:15:00,Ring Road - Moneeb,"29.9881,31.2227",29.9881,31.2227,28,66,67,0.934048,False
2026-05-31T18:30:00,Gamaat El Dowal St,"30.0543,31.2005",30.0543,31.2005,22,75,58,0.876966,False
2026-05-31T18:45:00,Faisal Street,"30.0051,31.1574",30.0051,31.1574,25,74,78,0.969498,False
2026-05-31T19:00:00,North 90th Street,"30.0308,31.4721",30.0308,31.4721,11,55,77,0.909214,False
2026-05-31T19:15:00,South 90th Street,"30.0195,31.4326",30.0195,31.4326,17,67,41,0.996642,False
2026-05-31T19:30:00,Ring Road - Maadi,"29.9544,31.2858",29.9544,31.2858,20,58,60,0.983934,False
2026-05-31T19:45:00,October Bridge,"30.0526,31.2372",30.0526,31.2372,16,70,88,0.993693,False
2026-05-31T20:00:00,26th July Corridor,"30.0381,31.0264",30.0381,31.0264,28,75,44,0.943434,False
2026-05-31T20:15:00,Abbas El Akkad,"30.0631,31.3341",30.0631,31.3341,26,79,73,0.943325,False
2026-05-31T20:30:00,Galaa Square,"30.0398,31.2188",30.0398,31.2188,12,57,94,0.946968,False
2026-05-31T20:45:00,Salah Salem,"30.0645,31.282",30.0645,31.282,13,79,74,0.959774,False
2026-05-31T21:00:00,Autostrad - Sheraton,"30.1065,31.3711",30.1065,31.3711,31,60,56,0.914061,False
2026-05-31T21:15:00,Tahrir Square,"30.0444,31.2357",30.0444,31.2357,39,61,61,0.968132,False
2026-05-31T21:30:00,Corniche El Nil,"30.0263,31.2268",30.0263,31.2268,57,78,73,0.914027,False
2026-05-31T21:45:00,Mosheer Tantawy Axis,"30.0242,31.3486",30.0242,31.3486,61,63,45,0.930594,False
2026-05-31T22:00:00,Rod El Farag Axis,"30.0881,31.2185",30.0881,31.2185,27,63,18,0.866124,False
2026-05-31T22:15:00,Ring Road - Marg,"30.1554,31.3323",30.1554,31.3323,30,66,61,0.938879,False
2026-05-31T22:30:00,Ring Road - Moneeb,"29.9881,31.2227",29.9881,31.2227,33,66,48,0.98372,False
2026-05-31T22:45:00,Gamaat El Dowal St,"30.0543,31.2005",30.0543,31.2005,40,66,23,0.91846,False
2026-05-31T23:00:00,Faisal Street,"30.0051,31.1574",30.0051,31.1574,60,72,57,0.947833,False
2026-05-31T23:15:00,North 90th Street,"30.0308,31.4721",30.0308,31.4721,61,70,43,0.880286,False
2026-05-31T23:30:00,South 90th Street,"30.0195,31.4326",30.0195,31.4326,43,56,62,0.854652,False
2026-05-31T23:45:00,Ring Road - Maadi,"29.9544,31.2858",29.9544,31.2858,30,63,18,0.951745,False
2026-06-01T00:00:00,October Bridge,"30.0526,31.2372",30.0526,31.2372,38,74,58,0.958187,False
2026-06-01T00:15:00,26th July Corridor,"30.0381,31.0264",30.0381,31.0264,54,60,47,0.91312,False
2026-06-01T00:30:00,Abbas El Akkad,"30.0631,31.3341",30.0631,31.3341,56,72,73,0.858186,False
2026-06-01T00:45:00,Galaa Square,"30.0398,31.2188",30.0398,31.2188,49,63,44,0.867856,False
2026-06-01T01:00:00,Salah Salem,"30.0645,31.282",30.0645,31.282,34,55,22,0.942999,False
2026-06-01T01:15:00,Autostrad - Sheraton,"30.1065,31.3711",30.1065,31.3711,55,75,28,0.905401,False
2026-06-01T01:30:00,Tahrir Square,"30.0444,31.2357",30.0444,31.2357,51,71,74,0.915015,False
2026-06-01T01:45:00,Corniche El Nil,"30.0263,31.2268",30.0263,31.2268,51,75,54,0.971019,False
2026-06-01T02:00:00,Mosheer Tantawy Axis,"30.0242,31.3486",30.0242,31.3486,42,69,45,0.983516,False
2026-06-01T02:15:00,Rod El Farag Axis,"30.0881,31.2185",30.0881,31.2185,41,69,57,0.935907,False
2026-06-01T02:30:00,Ring Road - Marg,"30.1554,31.3323",30.1554,31.3323,27,74,40,0.907364,False
2026-06-01T02:45:00,Ring Road - Moneeb,"29.9881,31.2227",29.9881,31.2227,25,74,38,0.990063,False
2026-06-01T03:00:00,Gamaat El Dowal St,"30.0543,31.2005",30.0543,31.2005,26,72,43,0.862035,False
2026-06-01T03:15:00,Faisal Street,"30.0051,31.1574",30.0051,31.1574,38,70,41,0.899683,False
2026-06-01T03:30:00,North 90th Street,"30.0308,31.4721",30.0308,31.4721,52,67,29,0.983392,False
2026-06-01T03:45:00,South 90th Street,"30.0195,31.4326",30.0195,31.4326,58,72,17,0.935259,False
2026-06-01T04:00:00,Ring Road - Maadi,"29.9544,31.2858",29.9544,31.2858,39,76,14,0.936929,False
2026-06-01T04:15:00,October Bridge,"30.0526,31.2372",30.0526,31.2372,34,74,44,0.907429,False
2026-06-01T04:30:00,26th July Corridor,"30.0381,31.0264",30.0381,31.0264,52,60,15,0.877367,False
2026-06-01T04:45:00,Abbas El Akkad,"30.0631,31.3341",30.0631,31.3341,57,61,68,0.948835,False
2026-06-01T05:00:00,Galaa Square,"30.0398,31.2188",30.0398,31.2188,38,74,19,0.878619,False
2026-06-01T05:15:00,Salah Salem,"30.0645,31.282",30.0645,31.282,51,59,61,0.927093,False
2026-06-01T05:30:00,Autostrad - Sheraton,"30.1065,31.3711",30.1065,31.3711,51,59,34,0.86987,False
2026-06-01T05:45:00,Tahrir Square,"30.0444,31.2357",30.0444,31.2357,53,61,64,0.888026,False
2026-06-01T06:00:00,Corniche El Nil,"30.0263,31.2268",30.0263,31.2268,41,71,39,0.959162,False
2026-06-01T06:15:00,Mosheer Tantawy Axis,"30.0242,31.3486",30.0242,31.3486,36,79,38,0.932624,False
2026-06-01T06:30:00,Rod El Farag Axis,"30.0881,31.2185",30.0881,31.2185,31,64,61,0.869384,False
2026-06-01T06:45:00,Ring Road - Marg,"30.1554,31.3323",30.1554,31.3323,39,77,27,0.886892,False
2026-06-01T07:00:00,Ring Road - Moneeb,"29.9881,31.2227",29.9881,31.2227,25,71,89,0.877773,False
2026-06-01T07:15:00,Gamaat El Dowal St,"30.0543,31.2005",30.0543,31.2005,24,77,117,0.936624,False
2026-06-01T07:30:00,Faisal Street,"30.0051,31.1574",30.0051,31.1574,21,58,95,0.966558,False
2026-06-01T07:45:00,North 90th Street,"30.0308,31.4721",30.0308,31.4721,29,63,100,0.939322,False
2026-06-01T08:00:00,South 90th Street,"30.0195,31.4326",30.0195,31.4326,31,74,112,0.886313,False
2026-06-01T08:15:00,Ring Road - Maadi,"29.9544,31.2858",29.9544,31.2858,19,55,92,0.927325,False
2026-06-01T08:30:00,October Bridge,"30.0526,31.2372",30.0526,31.2372,28,59,65,0.994343,False
2026-06-01T08:45:00,26th July Corridor,"30.0381,31.0264",30.0381,31.0264,27,68,88,0.920608,False
2026-06-01T09:00:00,Abbas El Akkad,"30.0631,31.3341",30.0631,31.3341,16,62,108,0.893874,False
2026-06-01T09:15:00,Galaa Square,"30.0398,31.2188",30.0398,31.2188,33,55,41,0.888712,False
2026-06-01T09:30:00,Salah Salem,"30.0645,31.282",30.0645,31.282,18,57,69,0.963758,False
2026-06-01T09:45:00,Autostrad - Sheraton,"30.1065,31.3711",30.1065,31.3711,31,71,48,0.988208,False
2026-06-01T10:00:00,Tahrir Square,"30.0444,31.2357",30.0444,31.2357,12,56,91,0.879148,False
2026-06-01T10:15:00,Corniche El Nil,"30.0263,31.2268",30.0263,31.2268,27,76,77,0.915313,False
2026-06-01T10:30:00,Mosheer Tantawy Axis,"30.0242,31.3486",30.0242,31.3486,35,59,115,0.932526,False
2026-06-01T10:45:00,Rod El Farag Axis,"30.0881,31.2185",30.0881,31.2185,19,65,89,0.866049,False
2026-06-01T11:00:00,Ring Road - Marg,"30.1554,31.3323",30.1554,31.3323,31,72,35,0.860417,False
2026-06-01T11:15:00,Ring Road - Moneeb,"29.9881,31.2227",29.9881,31.2227,63,63,59,0.938532,False
2026-06-01T11:30:00,Gamaat El Dowal St,"30.0543,31.2005",30.0543,31.2005,61,61,43,0.913986,False
2026-06-01T11:45:00,Faisal Street,"30.0051,31.1574",30.0051,31.1574,63,69,36,0.855129,False
2026-06-01T12:00:00,North 90th Street,"30.0308,31.4721",30.0308,31.4721,56,66,72,0.894936,False
2026-06-01T12:15:00,South 90th Street,"30.0195,31.4326",30.0195,31.4326,63,63,76,0.860111,False
2026-06-01T12:30:00,Ring Road - Maadi,"29.9544,31.2858",29.9544,31.2858,41,60,13,0.870625,False
2026-06-01T12:45:00,October Bridge,"30.0526,31.2372",30.0526,31.2372,62,67,68,0.854963,False
2026-06-01T13:00:00,26th July Corridor,"30.0381,31.0264",30.0381,31.0264,43,62,45,0.895413,False
2026-06-01T13:15:00,Abbas El Akkad,"30.0631,31.3341",30.0631,31.3341,53,56,77,0.864185,False
2026-06-01T13:30:00,Galaa Square,"30.0398,31.2188",30.0398,31.2188,50,67,55,0.904557,False
2026-06-01T13:45:00,Salah Salem,"30.0645,31.282",30.0645,31.282,31,79,36,0.852368,False
2026-06-01T14:00:00,Autostrad - Sheraton,"30.1065,31.3711",30.1065,31.3711,36,55,72,0.898369,False
2026-06-01T14:15:00,Tahrir Square,"30.0444,31.2357",30.0444,31.2357,50,64,72,0.873557,False
2026-06-01T14:30:00,Corniche El Nil,"30.0263,31.2268",30.0263,31.2268,58,58,47,0.937699,False
2026-06-01T14:45:00,Mosheer Tantawy Axis,"30.0242,31.3486",30.0242,31.3486,54,60,24,0.913129,False
2026-06-01T15:00:00,Rod El Farag Axis,"30.0881,31.2185",30.0881,31.2185,29,80,31,0.914903,False
2026-06-01T15:15:00,Ring Road - Marg,"30.1554,31.3323",30.1554,31.3323,28,71,17,0.862256,False
2026-06-01T15:30:00,Ring Road - Moneeb,"29.9881,31.2227",29.9881,31.2227,54,78,10,0.908279,False
2026-06-01T15:45:00,Gamaat El Dowal St,"30.0543,31.2005",30.0543,31.2005,54,56,35,0.941082,False
2026-06-01T16:00:00,Faisal Street,"30.0051,31.1574",30.0051,31.1574,17,65,101,0.983588,False
2026-06-01T16:15:00,North 90th Street,"30.0308,31.4721",30.0308,31.4721,21,80,42,0.987312,False
2026-06-01T16:30:00,South 90th Street,"30.0195,31.4326",30.0195,31.4326,14,76,115,0.979096,False
2026-06-01T16:45:00,Ring Road - Maadi,"29.9544,31.2858",29.9544,31.2858,19,58,83,0.97665,False
2026-06-01T17:00:00,October Bridge,"30.0526,31.2372",30.0526,31.2372,16,74,108,0.973342,False
2026-06-01T17:15:00,26th July Corridor,"30.0381,31.0264",30.0381,31.0264,33,76,42,0.994195,False
2026-06-01T17:30:00,Abbas El Akkad,"30.0631,31.3341",30.0631,31.3341,21,58,43,0.93562,False
2026-06-01T17:45:00,Galaa Square,"30.0398,31.2188",30.0398,31.2188,15,57,115,0.85603,False
2026-06-01T18:00:00,Salah Salem,"30.0645,31.282",30.0645,31.282,24,57,88,0.957505,False
2026-06-01T18:15:00,Autostrad - Sheraton,"30.1065,31.3711",30.1065,31.3711,34,64,90,0.984184,False
2026-06-01T18:30:00,Tahrir Square,"30.0444,31.2357",30.0444,31.2357,35,78,71,0.86422,False
2026-06-01T18:45:00,Corniche El Nil,"30.0263,31.2268",30.0263,31.2268,32,72,96,0.931523,False
2026-06-01T19:00:00,Mosheer Tantawy Axis,"30.0242,31.3486",30.0242,31.3486,17,76,53,0.995728,False
2026-06-01T19:15:00,Rod El Farag Axis,"30.0881,31.2185",30.0881,31.2185,18,72,42,0.972746,False
2026-06-01T19:30:00,Ring Road - Marg,"30.1554,31.3323",30.1554,31.3323,17,70,62,0.90536,False
2026-06-01T19:45:00,Ring Road - Moneeb,"29.9881,31.2227",29.9881,31.2227,22,61,84,0.978571,False
2026-06-01T20:00:00,Gamaat El Dowal St,"30.0543,31.2005",30.0543,31.2005,16,64,52,0.940977,False
2026-06-01T20:15:00,Faisal Street,"30.0051,31.1574",30.0051,31.1574,33,68,89,0.983323,False
2026-06-01T20:30:00,North 90th Street,"30.0308,31.4721",30.0308,31.4721,17,71,50,0.911004,False
2026-06-01T20:45:00,South 90th Street,"30.0195,31.4326",30.0195,31.4326,20,57,80,0.913639,False
2026-06-01T21:00:00,Ring Road - Maadi,"29.9544,31.2858",29.9544,31.2858,31,57,69,0.999145,False
2026-06-01T21:15:00,October Bridge,"30.0526,31.2372",30.0526,31.2372,59,69,56,0.884947,False
2026-06-01T21:30:00,26th July Corridor,"30.0381,31.0264",30.0381,31.0264,31,79,80,0.916594,False
2026-06-01T21:45:00,Abbas El Akkad,"30.0631,31.3341",30.0631,31.3341,49,77,39,0.987977,False
2026-06-01T22:00:00,Galaa Square,"30.0398,31.2188",30.0398,31.2188,61,61,66,0.960183,False
2026-06-01T22:15:00,Salah Salem,"30.0645,31.282",30.0645,31.282,60,60,34,0.900731,False
2026-06-01T22:30:00,Autostrad - Sheraton,"30.1065,31.3711",30.1065,31.3711,54,56,53,0.880146,False
2026-06-01T22:45:00,Tahrir Square,"30.0444,31.2357",30.0444,31.2357,39,68,25,0.957558,False
2026-06-01T23:00:00,Corniche El Nil,"30.0263,31.2268",30.0263,31.2268,46,72,28,0.877148,False
2026-06-01T23:15:00,Mosheer Tantawy Axis,"30.0242,31.3486",30.0242,31.3486,41,72,12,0.857509,False
2026-06-01T23:30:00,Rod El Farag Axis,"30.0881,31.2185",30.0881,31.2185,46,80,57,0.94943,False
2026-06-01T23:45:00,Ring Road - Marg,"30.1554,31.3323",30.1554,31.3323,41,66,72,0.885871,False
2026-06-02T00:00:00,Ring Road - Moneeb,"29.9881,31.2227",29.9881,31.2227,47,80,10,0.98775,False
2026-06-02T00:15:00,Gamaat El Dowal St,"30.0543,31.2005",30.0543,31.2005,47,64,49,0.857314,False
2026-06-02T00:30:00,Faisal Street,"30.0051,31.1574",30.0051,31.1574,65,66,41,0.934406,False
2026-06-02T00:45:00,North 90th Street,"30.0308,31.4721",30.0308,31.4721,46,67,69,0.968777,False
2026-06-02T01:00:00,South 90th Street,"30.0195,31.4326",30.0195,31.4326,52,75,74,0.912212,False
2026-06-02T01:15:00,Ring Road - Maadi,"29.9544,31.2858",29.9544,31.2858,35,56,25,0.894241,False
2026-06-02T01:30:00,October Bridge,"30.0526,31.2372",30.0526,31.2372,54,61,26,0.913775,False
2026-06-02T01:45:00,26th July Corridor,"30.0381,31.0264",30.0381,31.0264,46,65,37,0.859628,False
2026-06-02T02:00:00,Abbas El Akkad,"30.0631,31.3341",30.0631,31.3341,25,59,21,0.887894,False
2026-06-02T02:15:00,Galaa Square,"30.0398,31.2188",30.0398,31.2188,43,80,24,0.960507,False
2026-06-02T02:30:00,Salah Salem,"30.0645,31.282",30.0645,31.282,25,57,60,0.918735,False
2026-06-02T02:45:00,Autostrad - Sheraton,"30.1065,31.3711",30.1065,31.3711,64,67,74,0.857091,False
2026-06-02T03:00:00,Tahrir Square,"30.0444,31.2357",30.0444,31.2357,26,65,19,0.992073,False
2026-06-02T03:15:00,Corniche El Nil,"30.0263,31.2268",30.0263,31.2268,27,70,11,0.88036,False
2026-06-02T03:30:00,Mosheer Tantawy Axis,"30.0242,31.3486",30.0242,31.3486,32,57,69,0.938009,False
2026-06-02T03:45:00,Rod El Farag Axis,"30.0881,31.2185",30.0881,31.2185,36,66,50,0.891078,False
2026-06-02T04:00:00,Ring Road - Marg,"30.1554,31.3323",30.1554,31.3323,65,74,79,0.956089,False
2026-06-02T04:15:00,Ring Road - Moneeb,"29.9881,31.2227",29.9881,31.2227,52,60,39,0.958928,False
2026-06-02T04:30:00,Gamaat El Dowal St,"30.0543,31.2005",30.0543,31.2005,57,59,68,0.960994,False
2026-06-02T04:45:00,Faisal Street,"30.0051,31.1574",30.0051,31.1574,46,75,78,0.897836,False
2026-06-02T05:00:00,North 90th Street,"30.0308,31.4721",30.0308,31.4721,61,61,59,0.971128,False
2026-06-02T05:15:00,South 90th Street,"30.0195,31.4326",30.0195,31.4326,61,79,68,0.921844,False
2026-06-02T05:30:00,Ring Road - Maadi,"29.9544,31.2858",29.9544,31.2858,56,78,71,0.867181,False
2026-06-02T05:45:00,October Bridge,"30.0526,31.2372",30.0526,31.2372,60,77,18,0.966894,False
2026-06-02T06:00:00,26th July Corridor,"30.0381,31.0264",30.0381,31.0264,40,74,27,0.877131,False
2026-06-02T06:15:00,Abbas El Akkad,"30.0631,31.3341",30.0631,31.3341,53,80,40,0.888467,False
2026-06-02T06:30:00,Galaa Square,"30.0398,31.2188",30.0398,31.2188,29,60,24,0.949684,False
2026-06-02T06:45:00,Salah Salem,"30.0645,31.282",30.0645,31.282,57,71,31,0.98446,False
2026-06-02T07:00:00,Autostrad - Sheraton,"30.1065,31.3711",30.1065,31.3711,10,73,98,0.95079,False
2026-06-02T07:15:00,Tahrir Square,"30.0444,31.2357",30.0444,31.2357,27,64,75,0.916048,False
2026-06-02T07:30:00,Corniche El Nil,"30.0263,31.2268",30.0263,31.2268,29,71,118,0.857279,False
2026-06-02T07:45:00,Mosheer Tantawy Axis,"30.0242,31.3486",30.0242,31.3486,20,57,61,0.944445,False
2026-06-02T08:00:00,Rod El Farag Axis,"30.0881,31.2185",30.0881,31.2185,32,72,104,0.892231,False
2026-06-02T08:15:00,Ring Road - Marg,"30.1554,31.3323",30.1554,31.3323,18,76,95,0.877085,False
2026-06-02T08:30:00,Ring Road - Moneeb,"29.9881,31.2227",29.9881,31.2227,12,61,106,0.953214,False
2026-06-02T08:45:00,Gamaat El Dowal St,"30.0543,31.2005",30.0543,31.2005,11,70,61,0.982519,False
2026-06-02T09:00:00,Faisal Street,"30.0051,31.1574",30.0051,31.1574,22,60,119,0.880123,False
2026-06-02T09:15:00,North 90th Street,"30.0308,31.4721",30.0308,31.4721,19,79,113,0.887025,False
2026-06-02T09:30:00,South 90th Street,"30.0195,31.4326",30.0195,31.4326,33,59,106,0.981083,False
2026-06-02T09:45:00,Ring Road - Maadi,"29.9544,31.2858",29.9544,31.2858,27,56,111,0.89861,False
2026-06-02T10:00:00,October Bridge,"30.0526,31.2372",30.0526,31.2372,20,55,86,0.965255,False
2026-06-02T10:15:00,26th July Corridor,"30.0381,31.0264",30.0381,31.0264,31,70,65,0.982245,False
2026-06-02T10:30:00,Abbas El Akkad,"30.0631,31.3341",30.0631,31.3341,16,57,101,0.948947,False
2026-06-02T10:45:00,Galaa Square,"30.0398,31.2188",30.0398,31.2188,30,74,101,0.975492,False
2026-06-02T11:00:00,Salah Salem,"30.0645,31.282",30.0645,31.282,43,59,54,0.972333,False
2026-06-02T11:15:00,Autostrad - Sheraton,"30.1065,31.3711",30.1065,31.3711,32,55,25,0.861778,False
2026-06-02T11:30:00,Tahrir Square,"30.0444,31.2357",30.0444,31.2357,40,55,44,0.930986,False
2026-06-02T11:45:00,Corniche El Nil,"30.0263,31.2268",30.0263,31.2268,57,67,61,0.982348,False
2026-06-02T12:00:00,Mosheer Tantawy Axis,"30.0242,31.3486",30.0242,31.3486,25,71,13,0.853123,False
2026-06-02T12:15:00,Rod El Farag Axis,"30.0881,31.2185",30.0881,31.2185,46,78,58,0.996805,False
2026-06-02T12:30:00,Ring Road - Marg,"30.1554,31.3323",30.1554,31.3323,28,70,77,0.851791,False
2026-06-02T12:45:00,Ring Road - Moneeb,"29.9881,31.2227",29.9881,31.2227,43,56,43,0.96023,False
2026-06-02T13:00:00,Gamaat El Dowal St,"30.0543,31.2005",30.0543,31.2005,51,67,71,0.980129,False
2026-06-02T13:15:00,Faisal Street,"30.0051,31.1574",30.0051,31.1574,42,67,63,0.851075,False
2026-06-02T13:30:00,North 90th Street,"30.0308,31.4721",30.0308,31.4721,29,79,23,0.922477,False
2026-06-02T13:45:00,South 90th Street,"30.0195,31.4326",30.0195,31.4326,54,63,64,0.946878,False
2026-06-02T14:00:00,Ring Road - Maadi,"29.9544,31.2858",29.9544,31.2858,57,76,54,0.950743,False
2026-06-02T14:15:00,October Bridge,"30.0526,31.2372",30.0526,31.2372,33,78,78,0.88761,False
2026-06-02T14:30:00,26th July Corridor,"30.0381,31.0264",30.0381,31.0264,51,58,64,0.985937,False
2026-06-02T14:45:00,Abbas El Akkad,"30.0631,31.3341",30.0631,31.3341,31,64,42,0.99241,False
2026-06-02T15:00:00,Galaa Square,"30.0398,31.2188",30.0398,31.2188,31,71,71,0.883491,False
2026-06-02T15:15:00,Salah Salem,"30.0645,31.282",30.0645,31.282,38,56,35,0.902977,False
2026-06-02T15:30:00,Autostrad - Sheraton,"30.1065,31.3711",30.1065,31.3711,48,65,46,0.979705,False
2026-06-02T15:45:00,Tahrir Square,"30.0444,31.2357",30.0444,31.2357,60,63,46,0.927274,False
2026-06-02T16:00:00,Corniche El Nil,"30.0263,31.2268",30.0263,31.2268,35,66,83,0.91677,False
2026-06-02T16:15:00,Mosheer Tantawy Axis,"30.0242,31.3486",30.0242,31.3486,21,77,66,0.956927,False
2026-06-02T16:30:00,Rod El Farag Axis,"30.0881,31.2185",30.0881,31.2185,18,63,70,0.930374,False
2026-06-02T16:45:00,Ring Road - Marg,"30.1554,31.3323",30.1554,31.3323,11,72,63,0.914449,False
2026-06-02T17:00:00,Ring Road - Moneeb,"29.9881,31.2227",29.9881,31.2227,14,61,43,0.959698,False
2026-06-02T17:15:00,Gamaat El Dowal St,"30.0543,31.2005",30.0543,31.2005,16,75,43,0.871835,False
2026-06-02T17:30:00,Faisal Street,"30.0051,31.1574",30.0051,31.1574,21,72,68,0.904948,False
2026-06-02T17:45:00,North 90th Street,"30.0308,31.4721",30.0308,31.4721,10,77,85,0.939219,False
2026-06-02T18:00:00,South 90th Street,"30.0195,31.4326",30.0195,31.4326,19,70,107,0.98081,False
2026-06-02T18:15:00,Ring Road - Maadi,"29.9544,31.2858",29.9544,31.2858,30,64,84,0.959584,False
2026-06-02T18:30:00,October Bridge,"30.0526,31.2372",30.0526,31.2372,15,70,90,0.908176,False
2026-06-02T18:45:00,26th July Corridor,"30.0381,31.0264",30.0381,31.0264,17,59,98,0.853927,False
2026-06-02T19:00:00,Abbas El Akkad,"30.0631,31.3341",30.0631,31.3341,17,62,57,0.976484,False
2026-06-02T19:15:00,Galaa Square,"30.0398,31.2188",30.0398,31.2188,10,60,51,0.960799,False
2026-06-02T19:30:00,Salah Salem,"30.0645,31.282",30.0645,31.282,17,78,64,0.908585,False
2026-06-02T19:45:00,Autostrad - Sheraton,"30.1065,31.3711",30.1065,31.3711,35,72,87,0.936069,False
2026-06-02T20:00:00,Tahrir Square,"30.0444,31.2357",30.0444,31.2357,31,60,97,0.968545,False
2026-06-02T20:15:00,Corniche El Nil,"30.0263,31.2268",30.0263,31.2268,15,62,95,0.859135,False
2026-06-02T20:30:00,Mosheer Tantawy Axis,"30.0242,31.3486",30.0242,31.3486,19,78,43,0.852719,False
2026-06-02T20:45:00,Rod El Farag Axis,"30.0881,31.2185",30.0881,31.2185,11,69,68,0.896151,False
2026-06-02T21:00:00,Ring Road - Marg,"30.1554,31.3323",30.1554,31.3323,30,73,69,0.89166,False
2026-06-02T21:15:00,Ring Road - Moneeb,"29.9881,31.2227",29.9881,31.2227,49,60,24,0.940718,False
2026-06-02T21:30:00,Gamaat El Dowal St,"30.0543,31.2005",30.0543,31.2005,60,70,46,0.973504,False
2026-06-02T21:45:00,Faisal Street,"30.0051,31.1574",30.0051,31.1574,63,63,46,0.918254,False
2026-06-02T22:00:00,North 90th Street,"30.0308,31.4721",30.0308,31.4721,40,72,17,0.850455,False
2026-06-02T22:15:00,South 90th Street,"30.0195,31.4326",30.0195,31.4326,41,79,10,0.990178,False
2026-06-02T22:30:00,Ring Road - Maadi,"29.9544,31.2858",29.9544,31.2858,54,68,25,0.955979,False
2026-06-02T22:45:00,October Bridge,"30.0526,31.2372",30.0526,31.2372,61,73,78,0.926398,False
2026-06-02T23:00:00,26th July Corridor,"30.0381,31.0264",30.0381,31.0264,26,58,29,0.855681,False
2026-06-02T23:15:00,Abbas El Akkad,"30.0631,31.3341",30.0631,31.3341,59,75,21,0.865438,False
2026-06-02T23:30:00,Galaa Square,"30.0398,31.2188",30.0398,31.2188,63,74,40,0.853784,False
2026-06-02T23:45:00,Salah Salem,"30.0645,31.282",30.0645,31.282,35,71,55,0.945182,False
2026-06-03T00:00:00,Autostrad - Sheraton,"30.1065,31.3711",30.1065,31.3711,53,55,51,0.964718,False
2026-06-03T00:15:00,Tahrir Square,"30.0444,31.2357",30.0444,31.2357,64,64,68,0.98973,False
2026-06-03T00:30:00,Corniche El Nil,"30.0263,31.2268",30.0263,31.2268,51,73,55,0.85875,False
2026-06-03T00:45:00,Mosheer Tantawy Axis,"30.0242,31.3486",30.0242,31.3486,50,65,61,0.876135,False
2026-06-03T01:00:00,Rod El Farag Axis,"30.0881,31.2185",30.0881,31.2185,57,76,53,0.899846,False
2026-06-03T01:15:00,Ring Road - Marg,"30.1554,31.3323",30.1554,31.3323,52,60,45,0.871951,False
2026-06-03T01:30:00,Ring Road - Moneeb,"29.9881,31.2227",29.9881,31.2227,46,71,78,0.866309,False
2026-06-03T01:45:00,Gamaat El Dowal St,"30.0543,31.2005",30.0543,31.2005,46,75,27,0.982372,False
2026-06-03T02:00:00,Faisal Street,"30.0051,31.1574",30.0051,31.1574,30,62,60,0.93103,False
2026-06-03T02:15:00,North 90th Street,"30.0308,31.4721",30.0308,31.4721,34,68,39,0.968458,False
2026-06-03T02:30:00,South 90th Street,"30.0195,31.4326",30.0195,31.4326,36,80,74,0.864568,False
2026-06-03T02:45:00,Ring Road - Maadi,"29.9544,31.2858",29.9544,31.2858,32,80,38,0.971869,False
2026-06-03T03:00:00,October Bridge,"30.0526,31.2372",30.0526,31.2372,53,59,80,0.948516,False
2026-06-03T03:15:00,26th July Corridor,"30.0381,31.0264",30.0381,31.0264,37,60,61,0.990121,False
2026-06-03T03:30:00,Abbas El Akkad,"30.0631,31.3341",30.0631,31.3341,53,73,55,0.910942,False
2026-06-03T03:45:00,Galaa Square,"30.0398,31.2188",30.0398,31.2188,45,69,76,0.905633,False
2026-06-03T04:00:00,Salah Salem,"30.0645,31.282",30.0645,31.282,35,66,11,0.858781,False
2026-06-03T04:15:00,Autostrad - Sheraton,"30.1065,31.3711",30.1065,31.3711,52,61,75,0.974611,False
2026-06-03T04:30:00,Tahrir Square,"30.0444,31.2357",30.0444,31.2357,58,58,75,0.987734,False
2026-06-03T04:45:00,Corniche El Nil,"30.0263,31.2268",30.0263,31.2268,30,59,77,0.982571,False
2026-06-03T05:00:00,Mosheer Tantawy Axis,"30.0242,31.3486",30.0242,31.3486,34,70,58,0.898456,False
2026-06-03T05:15:00,Rod El Farag Axis,"30.0881,31.2185",30.0881,31.2185,39,67,18,0.91962,False
2026-06-03T05:30:00,Ring Road - Marg,"30.1554,31.3323",30.1554,31.3323,59,59,40,0.970532,False
2026-06-03T05:45:00,Ring Road - Moneeb,"29.9881,31.2227",29.9881,31.2227,25,70,26,0.937055,False
2026-06-03T06:00:00,Gamaat El Dowal St,"30.0543,31.2005",30.0543,31.2005,51,63,14,0.940002,False
2026-06-03T06:15:00,Faisal Street,"30.0051,31.1574",30.0051,31.1574,59,63,34,0.988543,False
2026-06-03T06:30:00,North 90th Street,"30.0308,31.4721",30.0308,31.4721,55,68,30,0.871526,False
2026-06-03T06:45:00,South 90th Street,"30.0195,31.4326",30.0195,31.4326,31,79,54,0.951732,False
2026-06-03T07:00:00,Ring Road - Maadi,"29.9544,31.2858",29.9544,31.2858,23,76,64,0.902006,False
2026-06-03T07:15:00,October Bridge,"30.0526,31.2372",30.0526,31.2372,30,70,95,0.858771,False
2026-06-03T07:30:00,26th July Corridor,"30.0381,31.0264",30.0381,31.0264,16,57,114,0.917853,False
2026-06-03T07:45:00,Abbas El Akkad,"30.0631,31.3341",30.0631,31.3341,28,61,81,0.915567,False
2026-06-03T08:00:00,Galaa Square,"30.0398,31.2188",30.0398,31.2188,13,61,57,0.868357,False
2026-06-03T08:15:00,Salah Salem,"30.0645,31.282",30.0645,31.282,30,72,53,0.947419,False
2026-06-03T08:30:00,Autostrad - Sheraton,"30.1065,31.3711",30.1065,31.3711,28,57,87,0.89044,False
2026-06-03T08:45:00,Tahrir Square,"30.0444,31.2357",30.0444,31.2357,24,62,68,0.950401,False
2026-06-03T09:00:00,Corniche El Nil,"30.0263,31.2268",30.0263,31.2268,32,66,106,0.882964,False
2026-06-03T09:15:00,Mosheer Tantawy Axis,"30.0242,31.3486",30.0242,31.3486,24,71,88,0.8738,False
2026-06-03T09:30:00,Rod El Farag Axis,"30.0881,31.2185",30.0881,31.2185,19,74,41,0.935538,False
2026-06-03T09:45:00,Ring Road - Marg,"30.1554,31.3323",30.1554,31.3323,31,70,107,0.979496,False
2026-06-03T10:00:00,Ring Road - Moneeb,"29.9881,31.2227",29.9881,31.2227,13,78,61,0.945263,False
2026-06-03T10:15:00,Gamaat El Dowal St,"30.0543,31.2005",30.0543,31.2005,29,68,80,0.915816,False
2026-06-03T10:30:00,Faisal Street,"30.0051,31.1574",30.0051,31.1574,25,73,83,0.947477,False
2026-06-03T10:45:00,North 90th Street,"30.0308,31.4721",30.0308,31.4721,23,59,80,0.919994,False
2026-06-03T11:00:00,South 90th Street,"30.0195,31.4326",30.0195,31.4326,36,68,24,0.931597,False
2026-06-03T11:15:00,Ring Road - Maadi,"29.9544,31.2858",29.9544,31.2858,54,80,47,0.852953,False
2026-06-03T11:30:00,October Bridge,"30.0526,31.2372",30.0526,31.2372,51,67,51,0.940235,False
2026-06-03T11:45:00,26th July Corridor,"30.0381,31.0264",30.0381,31.0264,35,72,16,0.870739,False
2026-06-03T12:00:00,Abbas El Akkad,"30.0631,31.3341",30.0631,31.3341,62,67,73,0.974155,False
2026-06-03T12:15:00,Galaa Square,"30.0398,31.2188",30.0398,31.2188,56,56,16,0.977468,False
2026-06-03T12:30:00,Salah Salem,"30.0645,31.282",30.0645,31.282,56,66,27,0.883741,False
2026-06-03T12:45:00,Autostrad - Sheraton,"30.1065,31.3711",30.1065,31.3711,57,60,72,0.87648,False
2026-06-03T13:00:00,Tahrir Square,"30.0444,31.2357",30.0444,31.2357,57,57,62,0.906373,False
2026-06-03T13:15:00,Corniche El Nil,"30.0263,31.2268",30.0263,31.2268,65,65,36,0.947365,False
2026-06-03T13:30:00,Mosheer Tantawy Axis,"30.0242,31.3486",30.0242,31.3486,53,76,67,0.967619,False
2026-06-03T13:45:00,Rod El Farag Axis,"30.0881,31.2185",30.0881,31.2185,49,66,74,0.940114,False
2026-06-03T14:00:00,Ring Road - Marg,"30.1554,31.3323",30.1554,31.3323,54,67,73,0.917239,False
2026-06-03T14:15:00,Ring Road - Moneeb,"29.9881,31.2227",29.9881,31.2227,55,61,24,0.981237,False
2026-06-03T14:30:00,Gamaat El Dowal St,"30.0543,31.2005",30.0543,31.2005,38,64,79,0.869546,False
2026-06-03T14:45:00,Faisal Street,"30.0051,31.1574",30.0051,31.1574,26,71,47,0.864684,False
2026-06-03T15:00:00,North 90th Street,"30.0308,31.4721",30.0308,31.4721,28,72,78,0.981289,False
2026-06-03T15:15:00,South 90th Street,"30.0195,31.4326",30.0195,31.4326,64,64,72,0.863752,False
2026-06-03T15:30:00,Ring Road - Maadi,"29.9544,31.2858",29.9544,31.2858,25,69,22,0.899217,False
2026-06-03T15:45:00,October Bridge,"30.0526,31.2372",30.0526,31.2372,25,66,52,0.926558,False
2026-06-03T16:00:00,26th July Corridor,"30.0381,31.0264",30.0381,31.0264,17,71,82,0.950263,False
2026-06-03T16:15:00,Abbas El Akkad,"30.0631,31.3341",30.0631,31.3341,34,55,102,0.88333,False
2026-06-03T16:30:00,Galaa Square,"30.0398,31.2188",30.0398,31.2188,16,68,77,0.859134,False
2026-06-03T16:45:00,Salah Salem,"30.0645,31.282",30.0645,31.282,28,69,64,0.903067,False
2026-06-03T17:00:00,Autostrad - Sheraton,"30.1065,31.3711",30.1065,31.3711,33,78,77,0.931192,False
2026-06-03T17:15:00,Tahrir Square,"30.0444,31.2357",30.0444,31.2357,35,72,58,0.940104,False
2026-06-03T17:30:00,Corniche El Nil,"30.0263,31.2268",30.0263,31.2268,30,56,110,0.934118,False
2026-06-03T17:45:00,Mosheer Tantawy Axis,"30.0242,31.3486",30.0242,31.3486,34,78,66,0.864439,False
2026-06-03T18:00:00,Rod El Farag Axis,"30.0881,31.2185",30.0881,31.2185,22,56,117,0.97458,False
2026-06-03T18:15:00,Ring Road - Marg,"30.1554,31.3323",30.1554,31.3323,26,72,97,0.867441,False
2026-06-03T18:30:00,Ring Road - Moneeb,"29.9881,31.2227",29.9881,31.2227,15,74,78,0.982286,False
2026-06-03T18:45:00,Gamaat El Dowal St,"30.0543,31.2005",30.0543,31.2005,26,76,101,0.894752,False
2026-06-03T19:00:00,Faisal Street,"30.0051,31.1574",30.0051,31.1574,24,61,49,0.922993,False
2026-06-03T19:15:00,North 90th Street,"30.0308,31.4721",30.0308,31.4721,17,76,87,0.999464,False
2026-06-03T19:30:00,South 90th Street,"30.0195,31.4326",30.0195,31.4326,24,67,106,0.994715,False
2026-06-03T19:45:00,Ring Road - Maadi,"29.9544,31.2858",29.9544,31.2858,10,74,100,0.85396,False
2026-06-03T20:00:00,October Bridge,"30.0526,31.2372",30.0526,31.2372,21,55,80,0.94678,False
2026-06-03T20:15:00,26th July Corridor,"30.0381,31.0264",30.0381,31.0264,10,71,45,0.993657,False
2026-06-03T20:30:00,Abbas El Akkad,"30.0631,31.3341",30.0631,31.3341,34,62,118,0.950173,False
2026-06-03T20:45:00,Galaa Square,"30.0398,31.2188",30.0398,31.2188,30,63,115,0.880025,False
2026-06-03T21:00:00,Salah Salem,"30.0645,31.282",30.0645,31.282,25,80,79,0.872206,False
2026-06-03T21:15:00,Autostrad - Sheraton,"30.1065,31.3711",30.1065,31.3711,59,72,51,0.965124,False
2026-06-03T21:30:00,Tahrir Square,"30.0444,31.2357",30.0444,31.2357,56,70,24,0.973994,False
2026-06-03T21:45:00,Corniche El Nil,"30.0263,31.2268",30.0263,31.2268,44,58,28,0.938695,False
2026-06-03T22:00:00,Mosheer Tantawy Axis,"30.0242,31.3486",30.0242,31.3486,58,75,38,0.872986,False
2026-06-03T22:15:00,Rod El Farag Axis,"30.0881,31.2185",30.0881,31.2185,32,76,25,0.928078,False
2026-06-03T22:30:00,Ring Road - Marg,"30.1554,31.3323",30.1554,31.3323,37,59,50,0.991976,False
2026-06-03T22:45:00,Ring Road - Moneeb,"29.9881,31.2227",29.9881,31.2227,61,75,70,0.891364,False
2026-06-03T23:00:00,Gamaat El Dowal St,"30.0543,31.2005",30.0543,31.2005,40,74,67,0.989358,False
2026-06-03T23:15:00,Faisal Street,"30.0051,31.1574",30.0051,31.1574,63,63,35,0.850841,False
2026-06-03T23:30:00,North 90th Street,"30.0308,31.4721",30.0308,31.4721,63,65,78,0.941733,False
2026-06-03T23:45:00,South 90th Street,"30.0195,31.4326",30.0195,31.4326,40,59,68,0.882341,False
2026-06-04T00:00:00,Ring Road - Maadi,"29.9544,31.2858",29.9544,31.2858,58,68,48,0.902926,False
2026-06-04T00:15:00,October Bridge,"30.0526,31.2372",30.0526,31.2372,59,70,15,0.985769,False
2026-06-04T00:30:00,26th July Corridor,"30.0381,31.0264",30.0381,31.0264,46,78,14,0.98881,False
2026-06-04T00:45:00,Abbas El Akkad,"30.0631,31.3341",30.0631,31.3341,29,66,65,0.881701,False
2026-06-04T01:00:00,Galaa Square,"30.0398,31.2188",30.0398,31.2188,54,65,74,0.937474,False
2026-06-04T01:15:00,Salah Salem,"30.0645,31.282",30.0645,31.282,26,75,15,0.872367,False
2026-06-04T01:30:00,Autostrad - Sheraton,"30.1065,31.3711",30.1065,31.3711,64,64,17,0.907557,False
2026-06-04T01:45:00,Tahrir Square,"30.0444,31.2357",30.0444,31.2357,58,62,66,0.98257,False
2026-06-04T02:00:00,Corniche El Nil,"30.0263,31.2268",30.0263,31.2268,49,56,17,0.920603,False
2026-06-04T02:15:00,Mosheer Tantawy Axis,"30.0242,31.3486",30.0242,31.3486,42,56,29,0.911135,False
2026-06-04T02:30:00,Rod El Farag Axis,"30.0881,31.2185",30.0881,31.2185,51,68,69,0.916459,False
2026-06-04T02:45:00,Ring Road - Marg,"30.1554,31.3323",30.1554,31.3323,52,80,25,0.924351,False
2026-06-04T03:00:00,Ring Road - Moneeb,"29.9881,31.2227",29.9881,31.2227,34,68,11,0.926552,False
2026-06-04T03:15:00,Gamaat El Dowal St,"30.0543,31.2005",30.0543,31.2005,38,80,16,0.919139,False
2026-06-04T03:30:00,Faisal Street,"30.0051,31.1574",30.0051,31.1574,37,77,10,0.915979,False
2026-06-04T03:45:00,North 90th Street,"30.0308,31.4721",30.0308,31.4721,58,77,48,0.935014,False
2026-06-04T04:00:00,South 90th Street,"30.0195,31.4326",30.0195,31.4326,62,75,27,0.945873,False
2026-06-04T04:15:00,Ring Road - Maadi,"29.9544,31.2858",29.9544,31.2858,59,72,20,0.936276,False
2026-06-04T04:30:00,October Bridge,"30.0526,31.2372",30.0526,31.2372,43,71,73,0.941827,False
2026-06-04T04:45:00,26th July Corridor,"30.0381,31.0264",30.0381,31.0264,64,79,33,0.945823,False
2026-06-04T05:00:00,Abbas El Akkad,"30.0631,31.3341",30.0631,31.3341,25,69,64,0.903463,False
2026-06-04T05:15:00,Galaa Square,"30.0398,31.2188",30.0398,31.2188,37,68,23,0.856916,False
2026-06-04T05:30:00,Salah Salem,"30.0645,31.282",30.0645,31.282,34,70,50,0.86821,False
2026-06-04T05:45:00,Autostrad - Sheraton,"30.1065,31.3711",30.1065,31.3711,53,74,73,0.882453,False
2026-06-04T06:00:00,Tahrir Square,"30.0444,31.2357",30.0444,31.2357,46,78,61,0.896444,False
2026-06-04T06:15:00,Corniche El Nil,"30.0263,31.2268",30.0263,31.2268,33,68,21,0.854828,False
2026-06-04T06:30:00,Mosheer Tantawy Axis,"30.0242,31.3486",30.0242,31.3486,28,62,11,0.880066,False
2026-06-04T06:45:00,Rod El Farag Axis,"30.0881,31.2185",30.0881,31.2185,48,56,31,0.858014,False
2026-06-04T07:00:00,Ring Road - Marg,"30.1554,31.3323",30.1554,31.3323,11,73,101,0.984118,False
2026-06-04T07:15:00,Ring Road - Moneeb,"29.9881,31.2227",29.9881,31.2227,25,60,89,0.992366,False
2026-06-04T07:30:00,Gamaat El Dowal St,"30.0543,31.2005",30.0543,31.2005,27,72,103,0.982913,False
2026-06-04T07:45:00,Faisal Street,"30.0051,31.1574",30.0051,31.1574,22,60,120,0.889773,False
2026-06-04T08:00:00,North 90th Street,"30.0308,31.4721",30.0308,31.4721,29,59,100,0.990695,False
2026-06-04T08:15:00,South 90th Street,"30.0195,31.4326",30.0195,31.4326,13,73,47,0.954227,False
2026-06-04T08:30:00,Ring Road - Maadi,"29.9544,31.2858",29.9544,31.2858,12,63,108,0.884325,False
2026-06-04T08:45:00,October Bridge,"30.0526,31.2372",30.0526,31.2372,18,71,73,0.921843,False
2026-06-04T09:00:00,26th July Corridor,"30.0381,31.0264",30.0381,31.0264,18,60,68,0.954706,False
2026-06-04T09:15:00,Abbas El Akkad,"30.0631,31.3341",30.0631,31.3341,26,71,98,0.906584,False
2026-06-04T09:30:00,Galaa Square,"30.0398,31.2188",30.0398,31.2188,31,80,108,0.874418,False
2026-06-04T09:45:00,Salah Salem,"30.0645,31.282",30.0645,31.282,34,55,42,0.9477,False
2026-06-04T10:00:00,Autostrad - Sheraton,"30.1065,31.3711",30.1065,31.3711,21,55,75,0.890865,False
2026-06-04T10:15:00,Tahrir Square,"30.0444,31.2357",30.0444,31.2357,21,78,41,0.996527,False
2026-06-04T10:30:00,Corniche El Nil,"30.0263,31.2268",30.0263,31.2268,21,65,108,0.989262,False
2026-06-04T10:45:00,Mosheer Tantawy Axis,"30.0242,31.3486",30.0242,31.3486,28,80,116,0.90901,False
2026-06-04T11:00:00,Rod El Farag Axis,"30.0881,31.2185",30.0881,31.2185,56,56,68,0.890318,False
2026-06-04T11:15:00,Ring Road - Marg,"30.1554,31.3323",30.1554,31.3323,49,79,55,0.971981,False
2026-06-04T11:30:00,Ring Road - Moneeb,"29.9881,31.2227",29.9881,31.2227,57,71,53,0.92164,False
2026-06-04T11:45:00,Gamaat El Dowal St,"30.0543,31.2005",30.0543,31.2005,26,63,26,0.863264,False
2026-06-04T12:00:00,Faisal Street,"30.0051,31.1574",30.0051,31.1574,28,64,68,0.944151,False
2026-06-04T12:15:00,North 90th Street,"30.0308,31.4721",30.0308,31.4721,58,62,18,0.989904,False
2026-06-04T12:30:00,South 90th Street,"30.0195,31.4326",30.0195,31.4326,52,64,37,0.971818,False
2026-06-04T12:45:00,Ring Road - Maadi,"29.9544,31.2858",29.9544,31.2858,38,71,80,0.962844,False
2026-06-04T13:00:00,October Bridge,"30.0526,31.2372",30.0526,31.2372,60,67,10,0.911971,False
2026-06-04T13:15:00,26th July Corridor,"30.0381,31.0264",30.0381,31.0264,46,57,34,0.914189,False
2026-06-04T13:30:00,Abbas El Akkad,"30.0631,31.3341",30.0631,31.3341,45,64,19,0.942731,False
2026-06-04T13:45:00,Galaa Square,"30.0398,31.2188",30.0398,31.2188,50,70,71,0.993794,False
2026-06-04T14:00:00,Salah Salem,"30.0645,31.282",30.0645,31.282,50,64,77,0.898716,False
2026-06-04T14:15:00,Autostrad - Sheraton,"30.1065,31.3711",30.1065,31.3711,61,68,39,0.913595,False
2026-06-04T14:30:00,Tahrir Square,"30.0444,31.2357",30.0444,31.2357,37,75,38,0.910728,False
2026-06-04T14:45:00,Corniche El Nil,"30.0263,31.2268",30.0263,31.2268,28,59,15,0.923606,False
2026-06-04T15:00:00,Mosheer Tantawy Axis,"30.0242,31.3486",30.0242,31.3486,57,60,77,0.880292,False
2026-06-04T15:15:00,Rod El Farag Axis,"30.0881,31.2185",30.0881,31.2185,61,71,23,0.862567,False
2026-06-04T15:30:00,Ring Road - Marg,"30.1554,31.3323",30.1554,31.3323,54,58,67,0.910075,False
2026-06-04T15:45:00,Ring Road - Moneeb,"29.9881,31.2227",29.9881,31.2227,32,72,39,0.865214,False
2026-06-04T16:00:00,Gamaat El Dowal St,"30.0543,31.2005",30.0543,31.2005,23,74,61,0.880598,False
2026-06-04T16:15:00,Faisal Street,"30.0051,31.1574",30.0051,31.1574,16,64,113,0.879203,False
2026-06-04T16:30:00,North 90th Street,"30.0308,31.4721",30.0308,31.4721,13,68,90,0.978628,False
2026-06-04T16:45:00,South 90th Street,"30.0195,31.4326",30.0195,31.4326,33,66,88,0.894736,False
2026-06-04T17:00:00,Ring Road - Maadi,"29.9544,31.2858",29.9544,31.2858,18,64,48,0.907299,False
2026-06-04T17:15:00,October Bridge,"30.0526,31.2372",30.0526,31.2372,23,60,106,0.946337,False
2026-06-04T17:30:00,26th July Corridor,"30.0381,31.0264",30.0381,31.0264,24,69,113,0.856219,False
2026-06-04T17:45:00,Abbas El Akkad,"30.0631,31.3341",30.0631,31.3341,26,64,117,0.898673,False
2026-06-04T18:00:00,Galaa Square,"30.0398,31.2188",30.0398,31.2188,33,75,55,0.975305,False
2026-06-04T18:15:00,Salah Salem,"30.0645,31.282",30.0645,31.282,22,57,62,0.899378,False
2026-06-04T18:30:00,Autostrad - Sheraton,"30.1065,31.3711",30.1065,31.3711,20,57,92,0.912007,False
2026-06-04T18:45:00,Tahrir Square,"30.0444,31.2357",30.0444,31.2357,28,59,96,0.97358,False
2026-06-04T19:00:00,Corniche El Nil,"30.0263,31.2268",30.0263,31.2268,18,71,70,0.902242,False
2026-06-04T19:15:00,Mosheer Tantawy Axis,"30.0242,31.3486",30.0242,31.3486,28,70,104,0.90327,False
2026-06-04T19:30:00,Rod El Farag Axis,"30.0881,31.2185",30.0881,31.2185,12,64,85,0.865883,False
2026-06-04T19:45:00,Ring Road - Marg,"30.1554,31.3323",30.1554,31.3323,20,66,100,0.98777,False
2026-06-04T20:00:00,Ring Road - Moneeb,"29.9881,31.2227",29.9881,31.2227,30,55,86,0.979521,False
2026-06-04T20:15:00,Gamaat El Dowal St,"30.0543,31.2005",30.0543,31.2005,22,65,88,0.925336,False
2026-06-04T20:30:00,Faisal Street,"30.0051,31.1574",30.0051,31.1574,19,59,119,0.880515,False
2026-06-04T20:45:00,North 90th Street,"30.0308,31.4721",30.0308,31.4721,19,80,44,0.937011,False
2026-06-04T21:00:00,South 90th Street,"30.0195,31.4326",30.0195,31.4326,27,57,77,0.901535,False
2026-06-04T21:15:00,Ring Road - Maadi,"29.9544,31.2858",29.9544,31.2858,36,75,20,0.90208,False
2026-06-04T21:30:00,October Bridge,"30.0526,31.2372",30.0526,31.2372,37,80,80,0.968393,False
2026-06-04T21:45:00,26th July Corridor,"30.0381,31.0264",30.0381,31.0264,61,64,63,0.928604,False
2026-06-04T22:00:00,Abbas El Akkad,"30.0631,31.3341",30.0631,31.3341,41,59,63,0.851338,False
2026-06-04T22:15:00,Galaa Square,"30.0398,31.2188",30.0398,31.2188,35,65,17,0.850276,False
2026-06-04T22:30:00,Salah Salem,"30.0645,31.282",30.0645,31.282,58,68,59,0.989876,False
2026-06-04T22:45:00,Autostrad - Sheraton,"30.1065,31.3711",30.1065,31.3711,53,58,75,0.91246,False
2026-06-04T23:00:00,Tahrir Square,"30.0444,31.2357",30.0444,31.2357,50,78,28,0.999033,False
2026-06-04T23:15:00,Corniche El Nil,"30.0263,31.2268",30.0263,31.2268,45,65,60,0.87693,False
2026-06-04T23:30:00,Mosheer Tantawy Axis,"30.0242,31.3486",30.0242,31.3486,42,58,22,0.999556,False
2026-06-04T23:45:00,Rod El Farag Axis,"30.0881,31.2185",30.0881,31.2185,48,69,11,0.884152,False
2026-06-05T00:00:00,Ring Road - Marg,"30.1554,31.3323",30.1554,31.3323,68,68,36,0.861165,False
2026-06-05T00:15:00,Ring Road - Moneeb,"29.9881,31.2227",29.9881,31.2227,54,69,20,0.883108,False
2026-06-05T00:30:00,Gamaat El Dowal St,"30.0543,31.2005",30.0543,31.2005,52,77,13,0.978101,False
2026-06-05T00:45:00,Faisal Street,"30.0051,31.1574",30.0051,31.1574,41,56,25,0.97283,False
2026-06-05T01:00:00,North 90th Street,"30.0308,31.4721",30.0308,31.4721,48,59,41,0.916552,False
2026-06-05T01:15:00,South 90th Street,"30.0195,31.4326",30.0195,31.4326,68,76,15,0.877313,False
2026-06-05T01:30:00,Ring Road - Maadi,"29.9544,31.2858",29.9544,31.2858,35,72,45,0.868338,False
2026-06-05T01:45:00,October Bridge,"30.0526,31.2372",30.0526,31.2372,66,69,42,0.993924,False
2026-06-05T02:00:00,26th July Corridor,"30.0381,31.0264",30.0381,31.0264,63,77,23,0.96336,False
2026-06-05T02:15:00,Abbas El Akkad,"30.0631,31.3341",30.0631,31.3341,75,80,42,0.954732,False
2026-06-05T02:30:00,Galaa Square,"30.0398,31.2188",30.0398,31.2188,70,70,9,0.999318,False
2026-06-05T02:45:00,Salah Salem,"30.0645,31.282",30.0645,31.282,58,70,50,0.972778,False
2026-06-05T03:00:00,Autostrad - Sheraton,"30.1065,31.3711",30.1065,31.3711,61,61,15,0.911345,False
2026-06-05T03:15:00,Tahrir Square,"30.0444,31.2357",30.0444,31.2357,52,69,28,0.855166,False
2026-06-05T03:30:00,Corniche El Nil,"30.0263,31.2268",30.0263,31.2268,47,63,24,0.975522,False
2026-06-05T03:45:00,Mosheer Tantawy Axis,"30.0242,31.3486",30.0242,31.3486,63,77,35,0.928368,False
2026-06-05T04:00:00,Rod El Farag Axis,"30.0881,31.2185",30.0881,31.2185,47,80,16,0.930456,False
2026-06-05T04:15:00,Ring Road - Marg,"30.1554,31.3323",30.1554,31.3323,65,65,38,0.957739,False
2026-06-05T04:30:00,Ring Road - Moneeb,"29.9881,31.2227",29.9881,31.2227,42,66,43,0.860246,False
2026-06-05T04:45:00,Gamaat El Dowal St,"30.0543,31.2005",30.0543,31.2005,69,69,48,0.930559,False
2026-06-05T05:00:00,Faisal Street,"30.0051,31.1574",30.0051,31.1574,56,56,26,0.98318,False
2026-06-05T05:15:00,North 90th Street,"30.0308,31.4721",30.0308,31.4721,67,67,36,0.932719,False
2026-06-05T05:30:00,South 90th Street,"30.0195,31.4326",30.0195,31.4326,65,74,33,0.914358,False
2026-06-05T05:45:00,Ring Road - Maadi,"29.9544,31.2858",29.9544,31.2858,48,55,17,0.887258,False
2026-06-05T06:00:00,October Bridge,"30.0526,31.2372",30.0526,31.2372,53,78,5,0.937216,False
2026-06-05T06:15:00,26th July Corridor,"30.0381,31.0264",30.0381,31.0264,39,72,13,0.872047,False
2026-06-05T06:30:00,Abbas El Akkad,"30.0631,31.3341",30.0631,31.3341,59,59,44,0.965804,False
2026-06-05T06:45:00,Galaa Square,"30.0398,31.2188",30.0398,31.2188,44,61,34,0.875488,False
2026-06-05T07:00:00,Salah Salem,"30.0645,31.282",30.0645,31.282,47,75,37,0.969007,False
2026-06-05T07:15:00,Autostrad - Sheraton,"30.1065,31.3711",30.1065,31.3711,38,64,22,0.907248,False
2026-06-05T07:30:00,Tahrir Square,"30.0444,31.2357",30.0444,31.2357,71,72,19,0.912819,False
2026-06-05T07:45:00,Corniche El Nil,"30.0263,31.2268",30.0263,31.2268,35,77,44,0.97797,False
2026-06-05T08:00:00,Mosheer Tantawy Axis,"30.0242,31.3486",30.0242,31.3486,71,80,20,0.999719,False
2026-06-05T08:15:00,Rod El Farag Axis,"30.0881,31.2185",30.0881,31.2185,50,80,39,0.956058,False
2026-06-05T08:30:00,Ring Road - Marg,"30.1554,31.3323",30.1554,31.3323,38,62,9,0.967161,False
2026-06-05T08:45:00,Ring Road - Moneeb,"29.9881,31.2227",29.9881,31.2227,37,72,35,0.891601,False
2026-06-05T09:00:00,Gamaat El Dowal St,"30.0543,31.2005",30.0543,31.2005,38,65,19,0.922761,False
2026-06-05T09:15:00,Faisal Street,"30.0051,31.1574",30.0051,31.1574,48,72,32,0.852856,False
2026-06-05T09:30:00,North 90th Street,"30.0308,31.4721",30.0308,31.4721,65,65,39,0.870522,False
2026-06-05T09:45:00,South 90th Street,"30.0195,31.4326",30.0195,31.4326,35,61,25,0.958086,False
2026-06-05T10:00:00,Ring Road - Maadi,"29.9544,31.2858",29.9544,31.2858,45,60,14,0.927233,False
2026-06-05T10:15:00,October Bridge,"30.0526,31.2372",30.0526,31.2372,41,80,15,0.992274,False
2026-06-05T10:30:00,26th July Corridor,"30.0381,31.0264",30.0381,31.0264,57,77,20,0.910655,False
2026-06-05T10:45:00,Abbas El Akkad,"30.0631,31.3341",30.0631,31.3341,64,77,5,0.871585,False
2026-06-05T11:00:00,Galaa Square,"30.0398,31.2188",30.0398,31.2188,59,59,13,0.920416,False
2026-06-05T11:15:00,Salah Salem,"30.0645,31.282",30.0645,31.282,68,68,10,0.865622,False
2026-06-05T11:30:00,Autostrad - Sheraton,"30.1065,31.3711",30.1065,31.3711,68,72,43,0.865402,False
2026-06-05T11:45:00,Tahrir Square,"30.0444,31.2357",30.0444,31.2357,57,70,39,0.97463,False
2026-06-05T12:00:00,Corniche El Nil,"30.0263,31.2268",30.0263,31.2268,46,75,44,0.882761,False
2026-06-05T12:15:00,Mosheer Tantawy Axis,"30.0242,31.3486",30.0242,31.3486,39,77,39,0.864561,False
2026-06-05T12:30:00,Rod El Farag Axis,"30.0881,31.2185",30.0881,31.2185,37,67,35,0.886334,False
2026-06-05T12:45:00,Ring Road - Marg,"30.1554,31.3323",30.1554,31.3323,64,64,21,0.978852,False
2026-06-05T13:00:00,Ring Road - Moneeb,"29.9881,31.2227",29.9881,31.2227,68,68,48,0.879948,False
2026-06-05T13:15:00,Gamaat El Dowal St,"30.0543,31.2005",30.0543,31.2005,35,78,37,0.914097,False
2026-06-05T13:30:00,Faisal Street,"30.0051,31.1574",30.0051,31.1574,36,67,33,0.879453,False
2026-06-05T13:45:00,North 90th Street,"30.0308,31.4721",30.0308,31.4721,36,75,41,0.856244,False
2026-06-05T14:00:00,South 90th Street,"30.0195,31.4326",30.0195,31.4326,35,69,20,0.891604,False
2026-06-05T14:15:00,Ring Road - Maadi,"29.9544,31.2858",29.9544,31.2858,43,59,7,0.892901,False
2026-06-05T14:30:00,October Bridge,"30.0526,31.2372",30.0526,31.2372,72,79,11,0.886827,False
2026-06-05T14:45:00,26th July Corridor,"30.0381,31.0264",30.0381,31.0264,55,80,13,0.986118,False
2026-06-05T15:00:00,Abbas El Akkad,"30.0631,31.3341",30.0631,31.3341,36,71,48,0.999187,False
2026-06-05T15:15:00,Galaa Square,"30.0398,31.2188",30.0398,31.2188,75,75,42,0.945946,False
2026-06-05T15:30:00,Salah Salem,"30.0645,31.282",30.0645,31.282,54,69,31,0.880102,False
2026-06-05T15:45:00,Autostrad - Sheraton,"30.1065,31.3711",30.1065,31.3711,57,57,15,0.952214,False
2026-06-05T16:00:00,Tahrir Square,"30.0444,31.2357",30.0444,31.2357,38,78,37,0.938965,False
2026-06-05T16:15:00,Corniche El Nil,"30.0263,31.2268",30.0263,31.2268,36,73,32,0.878408,False
2026-06-05T16:30:00,Mosheer Tantawy Axis,"30.0242,31.3486",30.0242,31.3486,48,79,20,0.901275,False
2026-06-05T16:45:00,Rod El Farag Axis,"30.0881,31.2185",30.0881,31.2185,36,61,32,0.972678,False
2026-06-05T17:00:00,Ring Road - Marg,"30.1554,31.3323",30.1554,31.3323,36,73,17,0.91049,False
2026-06-05T17:15:00,Ring Road - Moneeb,"29.9881,31.2227",29.9881,31.2227,40,69,40,0.903758,False
2026-06-05T17:30:00,Gamaat El Dowal St,"30.0543,31.2005",30.0543,31.2005,67,74,28,0.904929,False
2026-06-05T17:45:00,Faisal Street,"30.0051,31.1574",30.0051,31.1574,70,73,6,0.947269,False
2026-06-05T18:00:00,North 90th Street,"30.0308,31.4721",30.0308,31.4721,68,68,35,0.87713,False
2026-06-05T18:15:00,South 90th Street,"30.0195,31.4326",30.0195,31.4326,44,70,43,0.965384,False
2026-06-05T18:30:00,Ring Road - Maadi,"29.9544,31.2858",29.9544,31.2858,56,66,25,0.97332,False
2026-06-05T18:45:00,October Bridge,"30.0526,31.2372",30.0526,31.2372,62,65,50,0.86941,False
2026-06-05T19:00:00,26th July Corridor,"30.0381,31.0264",30.0381,31.0264,58,64,24,0.987757,False
2026-06-05T19:15:00,Abbas El Akkad,"30.0631,31.3341",30.0631,31.3341,38,76,11,0.999112,False
2026-06-05T19:30:00,Galaa Square,"30.0398,31.2188",30.0398,31.2188,43,79,34,0.897882,False
2026-06-05T19:45:00,Salah Salem,"30.0645,31.282",30.0645,31.282,72,72,11,0.92752,False
2026-06-05T20:00:00,Autostrad - Sheraton,"30.1065,31.3711",30.1065,31.3711,52,75,26,0.863722,False
2026-06-05T20:15:00,Tahrir Square,"30.0444,31.2357",30.0444,31.2357,55,56,17,0.865346,False
2026-06-05T20:30:00,Corniche El Nil,"30.0263,31.2268",30.0263,31.2268,45,65,44,0.956296,False
2026-06-05T20:45:00,Mosheer Tantawy Axis,"30.0242,31.3486",30.0242,31.3486,63,66,39,0.976843,False
2026-06-05T21:00:00,Rod El Farag Axis,"30.0881,31.2185",30.0881,31.2185,46,58,49,0.915801,False
2026-06-05T21:15:00,Ring Road - Marg,"30.1554,31.3323",30.1554,31.3323,45,60,21,0.972332,False
2026-06-05T21:30:00,Ring Road - Moneeb,"29.9881,31.2227",29.9881,31.2227,56,76,32,0.955376,False
2026-06-05T21:45:00,Gamaat El Dowal St,"30.0543,31.2005",30.0543,31.2005,73,73,29,0.88324,False
2026-06-05T22:00:00,Faisal Street,"30.0051,31.1574",30.0051,31.1574,43,69,18,0.941053,False
2026-06-05T22:15:00,North 90th Street,"30.0308,31.4721",30.0308,31.4721,68,68,21,0.936774,False
2026-06-05T22:30:00,South 90th Street,"30.0195,31.4326",30.0195,31.4326,67,69,33,0.902422,False
2026-06-05T22:45:00,Ring Road - Maadi,"29.9544,31.2858",29.9544,31.2858,41,64,14,0.926738,False
2026-06-05T23:00:00,October Bridge,"30.0526,31.2372",30.0526,31.2372,44,61,21,0.962946,False
2026-06-05T23:15:00,26th July Corridor,"30.0381,31.0264",30.0381,31.0264,39,56,49,0.868493,False
2026-06-05T23:30:00,Abbas El Akkad,"30.0631,31.3341",30.0631,31.3341,72,72,43,0.988758,False
2026-06-05T23:45:00,Galaa Square,"30.0398,31.2188",30.0398,31.2188,45,63,27,0.952913,False
2026-06-06T00:00:00,Salah Salem,"30.0645,31.282",30.0645,31.282,53,71,14,0.865302,False
2026-06-06T00:15:00,Autostrad - Sheraton,"30.1065,31.3711",30.1065,31.3711,38,76,43,0.94058,False
2026-06-06T00:30:00,Tahrir Square,"30.0444,31.2357",30.0444,31.2357,69,69,38,0.934147,False
2026-06-06T00:45:00,Corniche El Nil,"30.0263,31.2268",30.0263,31.2268,50,57,6,0.870919,False
2026-06-06T01:00:00,Mosheer Tantawy Axis,"30.0242,31.3486",30.0242,31.3486,44,74,22,0.879103,False
2026-06-06T01:15:00,Rod El Farag Axis,"30.0881,31.2185",30.0881,31.2185,36,67,35,0.961554,False
2026-06-06T01:30:00,Ring Road - Marg,"30.1554,31.3323",30.1554,31.3323,45,65,14,0.862092,False
2026-06-06T01:45:00,Ring Road - Moneeb,"29.9881,31.2227",29.9881,31.2227,63,66,44,0.889662,False
2026-06-06T02:00:00,Gamaat El Dowal St,"30.0543,31.2005",30.0543,31.2005,73,78,50,0.99887,False
2026-06-06T02:15:00,Faisal Street,"30.0051,31.1574",30.0051,31.1574,56,76,5,0.974909,False
2026-06-06T02:30:00,North 90th Street,"30.0308,31.4721",30.0308,31.4721,58,62,6,0.942387,False
2026-06-06T02:45:00,South 90th Street,"30.0195,31.4326",30.0195,31.4326,53,78,5,0.865672,False
2026-06-06T03:00:00,Ring Road - Maadi,"29.9544,31.2858",29.9544,31.2858,66,78,41,0.976358,False
2026-06-06T03:15:00,October Bridge,"30.0526,31.2372",30.0526,31.2372,74,74,19,0.975403,False
2026-06-06T03:30:00,26th July Corridor,"30.0381,31.0264",30.0381,31.0264,47,70,37,0.872232,False
2026-06-06T03:45:00,Abbas El Akkad,"30.0631,31.3341",30.0631,31.3341,43,70,23,0.962777,False
2026-06-06T04:00:00,Galaa Square,"30.0398,31.2188",30.0398,31.2188,59,63,29,0.867239,False
2026-06-06T04:15:00,Salah Salem,"30.0645,31.282",30.0645,31.282,69,69,36,0.969985,False
2026-06-06T04:30:00,Autostrad - Sheraton,"30.1065,31.3711",30.1065,31.3711,43,62,50,0.856077,False
2026-06-06T04:45:00,Tahrir Square,"30.0444,31.2357",30.0444,31.2357,68,73,5,0.930495,False
2026-06-06T05:00:00,Corniche El Nil,"30.0263,31.2268",30.0263,31.2268,62,65,11,0.895587,False
2026-06-06T05:15:00,Mosheer Tantawy Axis,"30.0242,31.3486",30.0242,31.3486,64,64,10,0.968685,False
2026-06-06T05:30:00,Rod El Farag Axis,"30.0881,31.2185",30.0881,31.2185,39,63,37,0.961846,False
2026-06-06T05:45:00,Ring Road - Marg,"30.1554,31.3323",30.1554,31.3323,55,69,13,0.884877,False
2026-06-06T06:00:00,Ring Road - Moneeb,"29.9881,31.2227",29.9881,31.2227,40,61,35,0.984699,False
2026-06-06T06:15:00,Gamaat El Dowal St,"30.0543,31.2005",30.0543,31.2005,63,80,14,0.876937,False
2026-06-06T06:30:00,Faisal Street,"30.0051,31.1574",30.0051,31.1574,39,64,15,0.916172,False
2026-06-06T06:45:00,North 90th Street,"30.0308,31.4721",30.0308,31.4721,62,77,18,0.951243,False
2026-06-06T07:00:00,South 90th Street,"30.0195,31.4326",30.0195,31.4326,65,68,8,0.974532,False
2026-06-06T07:15:00,Ring Road - Maadi,"29.9544,31.2858",29.9544,31.2858,49,66,5,0.86174,False
2026-06-06T07:30:00,October Bridge,"30.0526,31.2372",30.0526,31.2372,69,69,39,0.989779,False
2026-06-06T07:45:00,26th July Corridor,"30.0381,31.0264",30.0381,31.0264,53,60,17,0.969536,False
2026-06-06T08:00:00,Abbas El Akkad,"30.0631,31.3341",30.0631,31.3341,47,65,12,0.874329,False
2026-06-06T08:15:00,Galaa Square,"30.0398,31.2188",30.0398,31.2188,62,73,12,0.868611,False
2026-06-06T08:30:00,Salah Salem,"30.0645,31.282",30.0645,31.282,51,57,7,0.956904,False
2026-06-06T08:45:00,Autostrad - Sheraton,"30.1065,31.3711",30.1065,31.3711,67,67,16,0.862028,False
2026-06-06T09:00:00,Tahrir Square,"30.0444,31.2357",30.0444,31.2357,69,75,39,0.984363,False
2026-06-06T09:15:00,Corniche El Nil,"30.0263,31.2268",30.0263,31.2268,70,78,44,0.914019,False
2026-06-06T09:30:00,Mosheer Tantawy Axis,"30.0242,31.3486",30.0242,31.3486,63,63,22,0.909023,False
2026-06-06T09:45:00,Rod El Farag Axis,"30.0881,31.2185",30.0881,31.2185,36,79,15,0.861548,False
2026-06-06T10:00:00,Ring Road - Marg,"30.1554,31.3323",30.1554,31.3323,53,62,27,0.949148,False
2026-06-06T10:15:00,Ring Road - Moneeb,"29.9881,31.2227",29.9881,31.2227,65,71,12,0.968083,False
2026-06-06T10:30:00,Gamaat El Dowal St,"30.0543,31.2005",30.0543,31.2005,56,78,9,0.936203,False
2026-06-06T10:45:00,Faisal Street,"30.0051,31.1574",30.0051,31.1574,40,76,30,0.866425,False
2026-06-06T11:00:00,North 90th Street,"30.0308,31.4721",30.0308,31.4721,67,79,25,0.989272,False
2026-06-06T11:15:00,South 90th Street,"30.0195,31.4326",30.0195,31.4326,72,72,15,0.951805,False
2026-06-06T11:30:00,Ring Road - Maadi,"29.9544,31.2858",29.9544,31.2858,51,69,11,0.852013,False
2026-06-06T11:45:00,October Bridge,"30.0526,31.2372",30.0526,31.2372,66,80,22,0.977902,False
2026-06-06T12:00:00,26th July Corridor,"30.0381,31.0264",30.0381,31.0264,53,80,31,0.908648,False
2026-06-06T12:15:00,Abbas El Akkad,"30.0631,31.3341",30.0631,31.3341,38,59,44,0.999695,False
2026-06-06T12:30:00,Galaa Square,"30.0398,31.2188",30.0398,31.2188,72,72,16,0.940884,False
2026-06-06T12:45:00,Salah Salem,"30.0645,31.282",30.0645,31.282,54,65,30,0.855781,False
2026-06-06T13:00:00,Autostrad - Sheraton,"30.1065,31.3711",30.1065,31.3711,70,80,20,0.914358,False
2026-06-06T13:15:00,Tahrir Square,"30.0444,31.2357",30.0444,31.2357,61,61,32,0.89797,False
2026-06-06T13:30:00,Corniche El Nil,"30.0263,31.2268",30.0263,31.2268,63,63,28,0.919541,False
2026-06-06T13:45:00,Mosheer Tantawy Axis,"30.0242,31.3486",30.0242,31.3486,63,66,36,0.991405,False
2026-06-06T14:00:00,Rod El Farag Axis,"30.0881,31.2185",30.0881,31.2185,51,71,33,0.857808,False
2026-06-06T14:15:00,Ring Road - Marg,"30.1554,31.3323",30.1554,31.3323,68,68,36,0.891081,False
2026-06-06T14:30:00,Ring Road - Moneeb,"29.9881,31.2227",29.9881,31.2227,40,67,33,0.856019,False
2026-06-06T14:45:00,Gamaat El Dowal St,"30.0543,31.2005",30.0543,31.2005,64,78,47,0.928236,False
2026-06-06T15:00:00,Faisal Street,"30.0051,31.1574",30.0051,31.1574,44,58,17,0.924847,False
2026-06-06T15:15:00,North 90th Street,"30.0308,31.4721",30.0308,31.4721,46,56,10,0.962208,False
2026-06-06T15:30:00,South 90th Street,"30.0195,31.4326",30.0195,31.4326,37,64,7,0.999317,False
2026-06-06T15:45:00,Ring Road - Maadi,"29.9544,31.2858",29.9544,31.2858,43,67,36,0.993125,False
2026-06-06T16:00:00,October Bridge,"30.0526,31.2372",30.0526,31.2372,69,73,36,0.94033,False
2026-06-06T16:15:00,26th July Corridor,"30.0381,31.0264",30.0381,31.0264,64,77,35,0.952277,False
2026-06-06T16:30:00,Abbas El Akkad,"30.0631,31.3341",30.0631,31.3341,47,67,40,0.95114,False
2026-06-06T16:45:00,Galaa Square,"30.0398,31.2188",30.0398,31.2188,36,69,26,0.989125,False
2026-06-06T17:00:00,Salah Salem,"30.0645,31.282",30.0645,31.282,71,71,12,0.928061,False
2026-06-06T17:15:00,Autostrad - Sheraton,"30.1065,31.3711",30.1065,31.3711,51,59,37,0.912311,False
2026-06-06T17:30:00,Tahrir Square,"30.0444,31.2357",30.0444,31.2357,67,71,25,0.992961,False
2026-06-06T17:45:00,Corniche El Nil,"30.0263,31.2268",30.0263,31.2268,48,75,19,0.946068,False
2026-06-06T18:00:00,Mosheer Tantawy Axis,"30.0242,31.3486",30.0242,31.3486,72,77,41,0.955274,False
2026-06-06T18:15:00,Rod El Farag Axis,"30.0881,31.2185",30.0881,31.2185,35,65,23,0.882403,False
2026-06-06T18:30:00,Ring Road - Marg,"30.1554,31.3323",30.1554,31.3323,56,56,31,0.908768,False
2026-06-06T18:45:00,Ring Road - Moneeb,"29.9881,31.2227",29.9881,31.2227,71,71,32,0.939491,False
2026-06-06T19:00:00,Gamaat El Dowal St,"30.0543,31.2005",30.0543,31.2005,55,68,14,0.880648,False
2026-06-06T19:15:00,Faisal Street,"30.0051,31.1574",30.0051,31.1574,40,57,23,0.95562,False
2026-06-06T19:30:00,North 90th Street,"30.0308,31.4721",30.0308,31.4721,67,78,30,0.982207,False
2026-06-06T19:45:00,South 90th Street,"30.0195,31.4326",30.0195,31.4326,73,80,20,0.903367,False
2026-06-06T20:00:00,Ring Road - Maadi,"29.9544,31.2858",29.9544,31.2858,67,67,49,0.918509,False
2026-06-06T20:15:00,October Bridge,"30.0526,31.2372",30.0526,31.2372,57,67,30,0.92717,False
2026-06-06T20:30:00,26th July Corridor,"30.0381,31.0264",30.0381,31.0264,42,67,8,0.928066,False
2026-06-06T20:45:00,Abbas El Akkad,"30.0631,31.3341",30.0631,31.3341,39,79,24,0.962704,False
2026-06-06T21:00:00,Galaa Square,"30.0398,31.2188",30.0398,31.2188,44,62,17,0.964845,False
2026-06-06T21:15:00,Salah Salem,"30.0645,31.282",30.0645,31.282,52,70,39,0.963995,False
2026-06-06T21:30:00,Autostrad - Sheraton,"30.1065,31.3711",30.1065,31.3711,61,78,48,0.871031,False
2026-06-06T21:45:00,Tahrir Square,"30.0444,31.2357",30.0444,31.2357,55,55,12,0.974112,False
2026-06-06T22:00:00,Corniche El Nil,"30.0263,31.2268",30.0263,31.2268,61,75,45,0.904886,False
2026-06-06T22:15:00,Mosheer Tantawy Axis,"30.0242,31.3486",30.0242,31.3486,55,66,8,0.993017,False
2026-06-06T22:30:00,Rod El Farag Axis,"30.0881,31.2185",30.0881,31.2185,60,60,11,0.935817,False
2026-06-06T22:45:00,Ring Road - Marg,"30.1554,31.3323",30.1554,31.3323,53,68,46,0.989058,False
2026-06-06T23:00:00,Ring Road - Moneeb,"29.9881,31.2227",29.9881,31.2227,73,73,44,0.850872,False
2026-06-06T23:15:00,Gamaat El Dowal St,"30.0543,31.2005",30.0543,31.2005,40,70,31,0.852604,False
2026-06-06T23:30:00,Faisal Street,"30.0051,31.1574",30.0051,31.1574,53,69,6,0.89811,False
2026-06-06T23:45:00,North 90th Street,"30.0308,31.4721",30.0308,31.4721,46,63,38,0.928229,False
2026-06-07T00:00:00,South 90th Street,"30.0195,31.4326",30.0195,31.4326,25,71,62,0.895285,False
2026-06-07T00:15:00,Ring Road - Maadi,"29.9544,31.2858",29.9544,31.2858,43,69,20,0.877132,False
2026-06-07T00:30:00,October Bridge,"30.0526,31.2372",30.0526,31.2372,59,59,12,0.980878,False
2026-06-07T00:45:00,26th July Corridor,"30.0381,31.0264",30.0381,31.0264,37,58,33,0.980096,False
2026-06-07T01:00:00,Abbas El Akkad,"30.0631,31.3341",30.0631,31.3341,52,57,51,0.956524,False
2026-06-07T01:15:00,Galaa Square,"30.0398,31.2188",30.0398,31.2188,46,60,18,0.875713,False
2026-06-07T01:30:00,Salah Salem,"30.0645,31.282",30.0645,31.282,55,70,65,0.958163,False
2026-06-07T01:45:00,Autostrad - Sheraton,"30.1065,31.3711",30.1065,31.3711,62,65,65,0.901161,False
2026-06-07T02:00:00,Tahrir Square,"30.0444,31.2357",30.0444,31.2357,43,71,26,0.957126,False
2026-06-07T02:15:00,Corniche El Nil,"30.0263,31.2268",30.0263,31.2268,56,64,52,0.909481,False
2026-06-07T02:30:00,Mosheer Tantawy Axis,"30.0242,31.3486",30.0242,31.3486,45,77,67,0.870272,False
2026-06-07T02:45:00,Rod El Farag Axis,"30.0881,31.2185",30.0881,31.2185,56,78,76,0.91078,False
2026-06-07T03:00:00,Ring Road - Marg,"30.1554,31.3323",30.1554,31.3323,30,77,41,0.864134,False
2026-06-07T03:15:00,Ring Road - Moneeb,"29.9881,31.2227",29.9881,31.2227,54,77,77,0.910618,False
2026-06-07T03:30:00,Gamaat El Dowal St,"30.0543,31.2005",30.0543,31.2005,49,64,49,0.912963,False
2026-06-07T03:45:00,Faisal Street,"30.0051,31.1574",30.0051,31.1574,46,70,59,0.862114,False
2026-06-07T04:00:00,North 90th Street,"30.0308,31.4721",30.0308,31.4721,63,63,26,0.887678,False
2026-06-07T04:15:00,South 90th Street,"30.0195,31.4326",30.0195,31.4326,54,62,39,0.948585,False
2026-06-07T04:30:00,Ring Road - Maadi,"29.9544,31.2858",29.9544,31.2858,28,77,80,0.949203,False
2026-06-07T04:45:00,October Bridge,"30.0526,31.2372",30.0526,31.2372,33,67,71,0.985128,False
2026-06-07T05:00:00,26th July Corridor,"30.0381,31.0264",30.0381,31.0264,52,66,39,0.930059,False
2026-06-07T05:15:00,Abbas El Akkad,"30.0631,31.3341",30.0631,31.3341,41,56,30,0.896298,False
2026-06-07T05:30:00,Galaa Square,"30.0398,31.2188",30.0398,31.2188,58,68,41,0.945379,False
2026-06-07T05:45:00,Salah Salem,"30.0645,31.282",30.0645,31.282,46,59,55,0.975201,False
2026-06-07T06:00:00,Autostrad - Sheraton,"30.1065,31.3711",30.1065,31.3711,33,55,35,0.891034,False
2026-06-07T06:15:00,Tahrir Square,"30.0444,31.2357",30.0444,31.2357,51,64,21,0.991479,False
2026-06-07T06:30:00,Corniche El Nil,"30.0263,31.2268",30.0263,31.2268,46,63,67,0.926381,False
2026-06-07T06:45:00,Mosheer Tantawy Axis,"30.0242,31.3486",30.0242,31.3486,39,61,39,0.958694,False
2026-06-07T07:00:00,Rod El Farag Axis,"30.0881,31.2185",30.0881,31.2185,13,68,117,0.861216,False
2026-06-07T07:15:00,Ring Road - Marg,"30.1554,31.3323",30.1554,31.3323,31,71,76,0.85088,False
2026-06-07T07:30:00,Ring Road - Moneeb,"29.9881,31.2227",29.9881,31.2227,19,55,97,0.978808,False
2026-06-07T07:45:00,Gamaat El Dowal St,"30.0543,31.2005",30.0543,31.2005,20,58,64,0.917161,False
2026-06-07T08:00:00,Faisal Street,"30.0051,31.1574",30.0051,31.1574,34,68,85,0.906365,False
2026-06-07T08:15:00,North 90th Street,"30.0308,31.4721",30.0308,31.4721,30,62,41,0.979835,False
2026-06-07T08:30:00,South 90th Street,"30.0195,31.4326",30.0195,31.4326,19,69,75,0.983488,False
2026-06-07T08:45:00,Ring Road - Maadi,"29.9544,31.2858",29.9544,31.2858,11,71,55,0.973971,False
2026-06-07T09:00:00,October Bridge,"30.0526,31.2372",30.0526,31.2372,30,73,90,0.992802,False
2026-06-07T09:15:00,26th July Corridor,"30.0381,31.0264",30.0381,31.0264,26,76,60,0.923445,False
2026-06-07T09:30:00,Abbas El Akkad,"30.0631,31.3341",30.0631,31.3341,11,69,52,0.857844,False
2026-06-07T09:45:00,Galaa Square,"30.0398,31.2188",30.0398,31.2188,14,77,106,0.991032,False
2026-06-07T10:00:00,Salah Salem,"30.0645,31.282",30.0645,31.282,33,68,114,0.903847,False
2026-06-07T10:15:00,Autostrad - Sheraton,"30.1065,31.3711",30.1065,31.3711,33,70,67,0.900272,False
2026-06-07T10:30:00,Tahrir Square,"30.0444,31.2357",30.0444,31.2357,31,55,116,0.976195,False
2026-06-07T10:45:00,Corniche El Nil,"30.0263,31.2268",30.0263,31.2268,27,60,76,0.87464,False
2026-06-07T11:00:00,Mosheer Tantawy Axis,"30.0242,31.3486",30.0242,31.3486,43,69,68,0.884158,False
2026-06-07T11:15:00,Rod El Farag Axis,"30.0881,31.2185",30.0881,31.2185,56,77,56,0.859914,False
2026-06-07T11:30:00,Ring Road - Marg,"30.1554,31.3323",30.1554,31.3323,56,67,10,0.924913,False
2026-06-07T11:45:00,Ring Road - Moneeb,"29.9881,31.2227",29.9881,31.2227,51,66,11,0.957182,False
2026-06-07T12:00:00,Gamaat El Dowal St,"30.0543,31.2005",30.0543,31.2005,56,58,36,0.935243,False
2026-06-07T12:15:00,Faisal Street,"30.0051,31.1574",30.0051,31.1574,37,73,76,0.859164,False
2026-06-07T12:30:00,North 90th Street,"30.0308,31.4721",30.0308,31.4721,38,70,42,0.965806,False
2026-06-07T12:45:00,South 90th Street,"30.0195,31.4326",30.0195,31.4326,37,58,43,0.890226,False
2026-06-07T13:00:00,Ring Road - Maadi,"29.9544,31.2858",29.9544,31.2858,60,61,80,0.978734,False
2026-06-07T13:15:00,October Bridge,"30.0526,31.2372",30.0526,31.2372,60,74,20,0.891466,False
2026-06-07T13:30:00,26th July Corridor,"30.0381,31.0264",30.0381,31.0264,43,80,33,0.922027,False
2026-06-07T13:45:00,Abbas El Akkad,"30.0631,31.3341",30.0631,31.3341,58,60,43,0.932264,False
2026-06-07T14:00:00,Galaa Square,"30.0398,31.2188",30.0398,31.2188,40,61,37,0.92467,False
2026-06-07T14:15:00,Salah Salem,"30.0645,31.282",30.0645,31.282,64,80,69,0.990133,False
2026-06-07T14:30:00,Autostrad - Sheraton,"30.1065,31.3711",30.1065,31.3711,25,71,63,0.918791,False
2026-06-07T14:45:00,Tahrir Square,"30.0444,31.2357",30.0444,31.2357,52,63,34,0.960688,False
2026-06-07T15:00:00,Corniche El Nil,"30.0263,31.2268",30.0263,31.2268,48,66,79,0.852318,False
2026-06-07T15:15:00,Mosheer Tantawy Axis,"30.0242,31.3486",30.0242,31.3486,38,78,41,0.967829,False
2026-06-07T15:30:00,Rod El Farag Axis,"30.0881,31.2185",30.0881,31.2185,57,60,72,0.854905,False
2026-06-07T15:45:00,Ring Road - Marg,"30.1554,31.3323",30.1554,31.3323,36,58,17,0.857887,False
2026-06-07T16:00:00,Ring Road - Moneeb,"29.9881,31.2227",29.9881,31.2227,16,71,68,0.959386,False
2026-06-07T16:15:00,Gamaat El Dowal St,"30.0543,31.2005",30.0543,31.2005,32,61,114,0.939731,False
2026-06-07T16:30:00,Faisal Street,"30.0051,31.1574",30.0051,31.1574,18,73,64,0.999445,False
2026-06-07T16:45:00,North 90th Street,"30.0308,31.4721",30.0308,31.4721,12,72,78,0.891751,False
2026-06-07T17:00:00,South 90th Street,"30.0195,31.4326",30.0195,31.4326,22,76,95,0.978307,False
2026-06-07T17:15:00,Ring Road - Maadi,"29.9544,31.2858",29.9544,31.2858,12,80,42,0.884316,False
2026-06-07T17:30:00,October Bridge,"30.0526,31.2372",30.0526,31.2372,35,56,50,0.931942,False
2026-06-07T17:45:00,26th July Corridor,"30.0381,31.0264",30.0381,31.0264,14,63,106,0.853087,False
2026-06-07T18:00:00,Abbas El Akkad,"30.0631,31.3341",30.0631,31.3341,20,66,51,0.903614,False
2026-06-07T18:15:00,Galaa Square,"30.0398,31.2188",30.0398,31.2188,19,65,110,0.875567,False
2026-06-07T18:30:00,Salah Salem,"30.0645,31.282",30.0645,31.282,32,68,40,0.944316,False
2026-06-07T18:45:00,Autostrad - Sheraton,"30.1065,31.3711",30.1065,31.3711,21,75,107,0.970761,False
2026-06-07T19:00:00,Tahrir Square,"30.0444,31.2357",30.0444,31.2357,17,75,60,0.865817,False
2026-06-07T19:15:00,Corniche El Nil,"30.0263,31.2268",30.0263,31.2268,18,78,54,0.850692,False
2026-06-07T19:30:00,Mosheer Tantawy Axis,"30.0242,31.3486",30.0242,31.3486,30,55,58,0.896678,False
2026-06-07T19:45:00,Rod El Farag Axis,"30.0881,31.2185",30.0881,31.2185,15,68,119,0.894447,False
2026-06-07T20:00:00,Ring Road - Marg,"30.1554,31.3323",30.1554,31.3323,22,67,114,0.91599,False
2026-06-07T20:15:00,Ring Road - Moneeb,"29.9881,31.2227",29.9881,31.2227,25,63,51,0.965905,False
2026-06-07T20:30:00,Gamaat El Dowal St,"30.0543,31.2005",30.0543,31.2005,11,72,91,0.986247,False
2026-06-07T20:45:00,Faisal Street,"30.0051,31.1574",30.0051,31.1574,28,57,50,0.857465,False
2026-06-07T21:00:00,North 90th Street,"30.0308,31.4721",30.0308,31.4721,53,73,61,0.925985,False
2026-06-07T21:15:00,South 90th Street,"30.0195,31.4326",30.0195,31.4326,60,64,51,0.961477,False
2026-06-07T21:30:00,Ring Road - Maadi,"29.9544,31.2858",29.9544,31.2858,64,64,79,0.863897,False
2026-06-07T21:45:00,October Bridge,"30.0526,31.2372",30.0526,31.2372,35,70,76,0.856418,False
2026-06-07T22:00:00,26th July Corridor,"30.0381,31.0264",30.0381,31.0264,55,79,16,0.915923,False
2026-06-07T22:15:00,Abbas El Akkad,"30.0631,31.3341",30.0631,31.3341,41,79,17,0.941231,False
2026-06-07T22:30:00,Galaa Square,"30.0398,31.2188",30.0398,31.2188,49,61,11,0.928138,False
2026-06-07T22:45:00,Salah Salem,"30.0645,31.282",30.0645,31.282,45,66,25,0.961949,False
2026-06-07T23:00:00,Autostrad - Sheraton,"30.1065,31.3711",30.1065,31.3711,41,69,43,0.977869,False
2026-06-07T23:15:00,Tahrir Square,"30.0444,31.2357",30.0444,31.2357,35,68,48,0.947276,False
2026-06-07T23:30:00,Corniche El Nil,"30.0263,31.2268",30.0263,31.2268,30,77,58,0.970513,False
2026-06-07T23:45:00,Mosheer Tantawy Axis,"30.0242,31.3486",30.0242,31.3486,31,68,46,0.873013,False
2026-06-08T00:00:00,Rod El Farag Axis,"30.0881,31.2185",30.0881,31.2185,44,71,64,0.882741,False
2026-06-08T00:15:00,Ring Road - Marg,"30.1554,31.3323",30.1554,31.3323,52,76,65,0.923273,False
2026-06-08T00:30:00,Ring Road - Moneeb,"29.9881,31.2227",29.9881,31.2227,53,72,79,0.940086,False
2026-06-08T00:45:00,Gamaat El Dowal St,"30.0543,31.2005",30.0543,31.2005,56,70,66,0.983669,False
2026-06-08T01:00:00,Faisal Street,"30.0051,31.1574",30.0051,31.1574,56,72,72,0.932196,False
2026-06-08T01:15:00,North 90th Street,"30.0308,31.4721",30.0308,31.4721,45,74,77,0.935308,False
2026-06-08T01:30:00,South 90th Street,"30.0195,31.4326",30.0195,31.4326,36,77,72,0.870835,False
2026-06-08T01:45:00,Ring Road - Maadi,"29.9544,31.2858",29.9544,31.2858,43,55,52,0.890283,False
2026-06-08T02:00:00,October Bridge,"30.0526,31.2372",30.0526,31.2372,32,62,65,0.904614,False
2026-06-08T02:15:00,26th July Corridor,"30.0381,31.0264",30.0381,31.0264,58,60,56,0.965546,False
2026-06-08T02:30:00,Abbas El Akkad,"30.0631,31.3341",30.0631,31.3341,37,62,64,0.914104,False
2026-06-08T02:45:00,Galaa Square,"30.0398,31.2188",30.0398,31.2188,47,75,35,0.934503,False
2026-06-08T03:00:00,Salah Salem,"30.0645,31.282",30.0645,31.282,25,55,66,0.956222,False
2026-06-08T03:15:00,Autostrad - Sheraton,"30.1065,31.3711",30.1065,31.3711,61,65,11,0.94927,False
2026-06-08T03:30:00,Tahrir Square,"30.0444,31.2357",30.0444,31.2357,36,71,10,0.878772,False
2026-06-08T03:45:00,Corniche El Nil,"30.0263,31.2268",30.0263,31.2268,63,63,50,0.893702,False
2026-06-08T04:00:00,Mosheer Tantawy Axis,"30.0242,31.3486",30.0242,31.3486,26,75,54,0.912367,False
2026-06-08T04:15:00,Rod El Farag Axis,"30.0881,31.2185",30.0881,31.2185,50,57,27,0.996498,False
2026-06-08T04:30:00,Ring Road - Marg,"30.1554,31.3323",30.1554,31.3323,40,60,17,0.901784,False
2026-06-08T04:45:00,Ring Road - Moneeb,"29.9881,31.2227",29.9881,31.2227,57,57,46,0.979418,False
2026-06-08T05:00:00,Gamaat El Dowal St,"30.0543,31.2005",30.0543,31.2005,64,64,18,0.985177,False
2026-06-08T05:15:00,Faisal Street,"30.0051,31.1574",30.0051,31.1574,42,80,28,0.966057,False
2026-06-08T05:30:00,North 90th Street,"30.0308,31.4721",30.0308,31.4721,36,76,73,0.911591,False
2026-06-08T05:45:00,South 90th Street,"30.0195,31.4326",30.0195,31.4326,33,68,75,0.967046,False
2026-06-08T06:00:00,Ring Road - Maadi,"29.9544,31.2858",29.9544,31.2858,48,60,57,0.949736,False
2026-06-08T06:15:00,October Bridge,"30.0526,31.2372",30.0526,31.2372,31,69,70,0.913912,False
2026-06-08T06:30:00,26th July Corridor,"30.0381,31.0264",30.0381,31.0264,30,80,24,0.977673,False
2026-06-08T06:45:00,Abbas El Akkad,"30.0631,31.3341",30.0631,31.3341,51,77,56,0.950342,False
2026-06-08T07:00:00,Galaa Square,"30.0398,31.2188",30.0398,31.2188,20,72,83,0.995485,False
2026-06-08T07:15:00,Salah Salem,"30.0645,31.282",30.0645,31.282,15,59,72,0.894499,False
2026-06-08T07:30:00,Autostrad - Sheraton,"30.1065,31.3711",30.1065,31.3711,35,64,75,0.876425,False
2026-06-08T07:45:00,Tahrir Square,"30.0444,31.2357",30.0444,31.2357,24,74,61,0.923717,False
2026-06-08T08:00:00,Corniche El Nil,"30.0263,31.2268",30.0263,31.2268,32,78,98,0.940656,False
2026-06-08T08:15:00,Mosheer Tantawy Axis,"30.0242,31.3486",30.0242,31.3486,27,71,97,0.951834,False
2026-06-08T08:30:00,Rod El Farag Axis,"30.0881,31.2185",30.0881,31.2185,14,55,117,0.869961,False
2026-06-08T08:45:00,Ring Road - Marg,"30.1554,31.3323",30.1554,31.3323,21,61,70,0.944966,False
2026-06-08T09:00:00,Ring Road - Moneeb,"29.9881,31.2227",29.9881,31.2227,33,76,77,0.876295,False
2026-06-08T09:15:00,Gamaat El Dowal St,"30.0543,31.2005",30.0543,31.2005,19,71,89,0.916992,False
2026-06-08T09:30:00,Faisal Street,"30.0051,31.1574",30.0051,31.1574,16,78,78,0.859068,False
2026-06-08T09:45:00,North 90th Street,"30.0308,31.4721",30.0308,31.4721,23,60,74,0.908877,False
2026-06-08T10:00:00,South 90th Street,"30.0195,31.4326",30.0195,31.4326,34,60,96,0.941159,False
2026-06-08T10:15:00,Ring Road - Maadi,"29.9544,31.2858",29.9544,31.2858,16,64,78,0.964713,False
2026-06-08T10:30:00,October Bridge,"30.0526,31.2372",30.0526,31.2372,14,74,90,0.873057,False
2026-06-08T10:45:00,26th July Corridor,"30.0381,31.0264",30.0381,31.0264,34,70,72,0.932068,False
2026-06-08T11:00:00,Abbas El Akkad,"30.0631,31.3341",30.0631,31.3341,37,71,44,0.927661,False
2026-06-08T11:15:00,Galaa Square,"30.0398,31.2188",30.0398,31.2188,37,57,74,0.957763,False
2026-06-08T11:30:00,Salah Salem,"30.0645,31.282",30.0645,31.282,34,71,80,0.951155,False
2026-06-08T11:45:00,Autostrad - Sheraton,"30.1065,31.3711",30.1065,31.3711,65,69,33,0.850958,False
2026-06-08T12:00:00,Tahrir Square,"30.0444,31.2357",30.0444,31.2357,60,63,79,0.91071,False
2026-06-08T12:15:00,Corniche El Nil,"30.0263,31.2268",30.0263,31.2268,50,77,21,0.916966,False
2026-06-08T12:30:00,Mosheer Tantawy Axis,"30.0242,31.3486",30.0242,31.3486,56,77,30,0.947079,False
2026-06-08T12:45:00,Rod El Farag Axis,"30.0881,31.2185",30.0881,31.2185,58,79,50,0.863375,False
2026-06-08T13:00:00,Ring Road - Marg,"30.1554,31.3323",30.1554,31.3323,54,58,66,0.851413,False
2026-06-08T13:15:00,Ring Road - Moneeb,"29.9881,31.2227",29.9881,31.2227,31,70,13,0.864558,False
2026-06-08T13:30:00,Gamaat El Dowal St,"30.0543,31.2005",30.0543,31.2005,48,68,70,0.866289,False
2026-06-08T13:45:00,Faisal Street,"30.0051,31.1574",30.0051,31.1574,25,66,34,0.986361,False
2026-06-08T14:00:00,North 90th Street,"30.0308,31.4721",30.0308,31.4721,44,63,22,0.944802,False
2026-06-08T14:15:00,South 90th Street,"30.0195,31.4326",30.0195,31.4326,61,61,58,0.959428,False
2026-06-08T14:30:00,Ring Road - Maadi,"29.9544,31.2858",29.9544,31.2858,49,79,50,0.940835,False
2026-06-08T14:45:00,October Bridge,"30.0526,31.2372",30.0526,31.2372,54,62,68,0.996839,False
2026-06-08T15:00:00,26th July Corridor,"30.0381,31.0264",30.0381,31.0264,40,77,23,0.865932,False
2026-06-08T15:15:00,Abbas El Akkad,"30.0631,31.3341",30.0631,31.3341,62,62,51,0.975425,False
2026-06-08T15:30:00,Galaa Square,"30.0398,31.2188",30.0398,31.2188,54,55,60,0.898172,False
2026-06-08T15:45:00,Salah Salem,"30.0645,31.282",30.0645,31.282,60,63,68,0.946031,False
2026-06-08T16:00:00,Autostrad - Sheraton,"30.1065,31.3711",30.1065,31.3711,11,76,110,0.883829,False
2026-06-08T16:15:00,Tahrir Square,"30.0444,31.2357",30.0444,31.2357,22,80,58,0.955181,False
2026-06-08T16:30:00,Corniche El Nil,"30.0263,31.2268",30.0263,31.2268,27,62,61,0.955143,False
2026-06-08T16:45:00,Mosheer Tantawy Axis,"30.0242,31.3486",30.0242,31.3486,12,66,83,0.987255,False
2026-06-08T17:00:00,Rod El Farag Axis,"30.0881,31.2185",30.0881,31.2185,32,67,89,0.994179,False
2026-06-08T17:15:00,Ring Road - Marg,"30.1554,31.3323",30.1554,31.3323,35,63,110,0.947291,False
2026-06-08T17:30:00,Ring Road - Moneeb,"29.9881,31.2227",29.9881,31.2227,18,63,47,0.913223,False
2026-06-08T17:45:00,Gamaat El Dowal St,"30.0543,31.2005",30.0543,31.2005,14,55,99,0.956476,False
2026-06-08T18:00:00,Faisal Street,"30.0051,31.1574",30.0051,31.1574,29,66,95,0.970776,False
2026-06-08T18:15:00,North 90th Street,"30.0308,31.4721",30.0308,31.4721,17,60,80,0.936783,False
2026-06-08T18:30:00,South 90th Street,"30.0195,31.4326",30.0195,31.4326,27,73,87,0.978728,False
2026-06-08T18:45:00,Ring Road - Maadi,"29.9544,31.2858",29.9544,31.2858,11,73,72,0.943472,False
2026-06-08T19:00:00,October Bridge,"30.0526,31.2372",30.0526,31.2372,11,65,89,0.952098,False
2026-06-08T19:15:00,26th July Corridor,"30.0381,31.0264",30.0381,31.0264,22,61,82,0.992501,False
2026-06-08T19:30:00,Abbas El Akkad,"30.0631,31.3341",30.0631,31.3341,12,77,85,0.953073,False
2026-06-08T19:45:00,Galaa Square,"30.0398,31.2188",30.0398,31.2188,34,75,103,0.87208,False
2026-06-08T20:00:00,Salah Salem,"30.0645,31.282",30.0645,31.282,25,76,46,0.943338,False
2026-06-08T20:15:00,Autostrad - Sheraton,"30.1065,31.3711",30.1065,31.3711,16,59,74,0.990862,False
2026-06-08T20:30:00,Tahrir Square,"30.0444,31.2357",30.0444,31.2357,33,78,98,0.872217,False
2026-06-08T20:45:00,Corniche El Nil,"30.0263,31.2268",30.0263,31.2268,21,68,67,0.928379,False
2026-06-08T21:00:00,Mosheer Tantawy Axis,"30.0242,31.3486",30.0242,31.3486,55,60,66,0.969647,False
2026-06-08T21:15:00,Rod El Farag Axis,"30.0881,31.2185",30.0881,31.2185,59,62,55,0.871747,False
2026-06-08T21:30:00,Ring Road - Marg,"30.1554,31.3323",30.1554,31.3323,43,69,58,0.880819,False
2026-06-08T21:45:00,Ring Road - Moneeb,"29.9881,31.2227",29.9881,31.2227,64,80,31,0.862402,False
2026-06-08T22:00:00,Gamaat El Dowal St,"30.0543,31.2005",30.0543,31.2005,34,67,30,0.899131,False
2026-06-08T22:15:00,Faisal Street,"30.0051,31.1574",30.0051,31.1574,25,75,37,0.961376,False
2026-06-08T22:30:00,North 90th Street,"30.0308,31.4721",30.0308,31.4721,42,58,36,0.950981,False
2026-06-08T22:45:00,South 90th Street,"30.0195,31.4326",30.0195,31.4326,61,62,44,0.981274,False
2026-06-08T23:00:00,Ring Road - Maadi,"29.9544,31.2858",29.9544,31.2858,40,66,10,0.965362,False
2026-06-08T23:15:00,October Bridge,"30.0526,31.2372",30.0526,31.2372,28,77,58,0.920869,False
2026-06-08T23:30:00,26th July Corridor,"30.0381,31.0264",30.0381,31.0264,30,57,70,0.915126,False
2026-06-08T23:45:00,Abbas El Akkad,"30.0631,31.3341",30.0631,31.3341,59,59,66,0.955249,False
2026-06-09T00:00:00,Galaa Square,"30.0398,31.2188",30.0398,31.2188,61,78,17,0.998724,False
2026-06-09T00:15:00,Salah Salem,"30.0645,31.282",30.0645,31.282,50,80,33,0.870065,False
2026-06-09T00:30:00,Autostrad - Sheraton,"30.1065,31.3711",30.1065,31.3711,53,66,62,0.91051,False
2026-06-09T00:45:00,Tahrir Square,"30.0444,31.2357",30.0444,31.2357,40,55,42,0.897338,False
2026-06-09T01:00:00,Corniche El Nil,"30.0263,31.2268",30.0263,31.2268,48,59,62,0.980728,False
2026-06-09T01:15:00,Mosheer Tantawy Axis,"30.0242,31.3486",30.0242,31.3486,62,74,67,0.961298,False
2026-06-09T01:30:00,Rod El Farag Axis,"30.0881,31.2185",30.0881,31.2185,53,69,64,0.957031,False
2026-06-09T01:45:00,Ring Road - Marg,"30.1554,31.3323",30.1554,31.3323,37,78,10,0.850948,False
2026-06-09T02:00:00,Ring Road - Moneeb,"29.9881,31.2227",29.9881,31.2227,46,62,36,0.939476,False
2026-06-09T02:15:00,Gamaat El Dowal St,"30.0543,31.2005",30.0543,31.2005,32,75,57,0.886167,False
2026-06-09T02:30:00,Faisal Street,"30.0051,31.1574",30.0051,31.1574,33,77,57,0.899248,False
2026-06-09T02:45:00,North 90th Street,"30.0308,31.4721",30.0308,31.4721,45,76,14,0.977287,False
2026-06-09T03:00:00,South 90th Street,"30.0195,31.4326",30.0195,31.4326,46,68,64,0.930553,False
2026-06-09T03:15:00,Ring Road - Maadi,"29.9544,31.2858",29.9544,31.2858,30,61,11,0.918349,False
2026-06-09T03:30:00,October Bridge,"30.0526,31.2372",30.0526,31.2372,50,55,69,0.969958,False
2026-06-09T03:45:00,26th July Corridor,"30.0381,31.0264",30.0381,31.0264,34,60,61,0.986943,False
2026-06-09T04:00:00,Abbas El Akkad,"30.0631,31.3341",30.0631,31.3341,55,64,16,0.993974,False
2026-06-09T04:15:00,Galaa Square,"30.0398,31.2188",30.0398,31.2188,63,66,46,0.912888,False
2026-06-09T04:30:00,Salah Salem,"30.0645,31.282",30.0645,31.282,54,75,51,0.928653,False
2026-06-09T04:45:00,Autostrad - Sheraton,"30.1065,31.3711",30.1065,31.3711,35,68,21,0.904123,False
2026-06-09T05:00:00,Tahrir Square,"30.0444,31.2357",30.0444,31.2357,59,65,39,0.916506,False
2026-06-09T05:15:00,Corniche El Nil,"30.0263,31.2268",30.0263,31.2268,29,60,21,0.941666,False
2026-06-09T05:30:00,Mosheer Tantawy Axis,"30.0242,31.3486",30.0242,31.3486,44,63,20,0.864858,False
2026-06-09T05:45:00,Rod El Farag Axis,"30.0881,31.2185",30.0881,31.2185,54,60,31,0.890856,False
2026-06-09T06:00:00,Ring Road - Marg,"30.1554,31.3323",30.1554,31.3323,54,73,23,0.908927,False
2026-06-09T06:15:00,Ring Road - Moneeb,"29.9881,31.2227",29.9881,31.2227,45,71,10,0.894339,False
2026-06-09T06:30:00,Gamaat El Dowal St,"30.0543,31.2005",30.0543,31.2005,53,79,18,0.914145,False
2026-06-09T06:45:00,Faisal Street,"30.0051,31.1574",30.0051,31.1574,51,70,77,0.876909,False
2026-06-09T07:00:00,North 90th Street,"30.0308,31.4721",30.0308,31.4721,32,62,79,0.958375,False
2026-06-09T07:15:00,South 90th Street,"30.0195,31.4326",30.0195,31.4326,17,55,102,0.995389,False
2026-06-09T07:30:00,Ring Road - Maadi,"29.9544,31.2858",29.9544,31.2858,12,79,61,0.968532,False
2026-06-09T07:45:00,October Bridge,"30.0526,31.2372",30.0526,31.2372,35,56,94,0.856362,False
2026-06-09T08:00:00,26th July Corridor,"30.0381,31.0264",30.0381,31.0264,25,57,116,0.998894,False
2026-06-09T08:15:00,Abbas El Akkad,"30.0631,31.3341",30.0631,31.3341,25,71,55,0.943611,False
2026-06-09T08:30:00,Galaa Square,"30.0398,31.2188",30.0398,31.2188,18,69,118,0.965804,False
2026-06-09T08:45:00,Salah Salem,"30.0645,31.282",30.0645,31.282,27,75,110,0.966963,False
2026-06-09T09:00:00,Autostrad - Sheraton,"30.1065,31.3711",30.1065,31.3711,19,77,119,0.995093,False
2026-06-09T09:15:00,Tahrir Square,"30.0444,31.2357",30.0444,31.2357,15,59,68,0.932449,False
2026-06-09T09:30:00,Corniche El Nil,"30.0263,31.2268",30.0263,31.2268,26,64,103,0.965762,False
2026-06-09T09:45:00,Mosheer Tantawy Axis,"30.0242,31.3486",30.0242,31.3486,27,60,75,0.93718,False
2026-06-09T10:00:00,Rod El Farag Axis,"30.0881,31.2185",30.0881,31.2185,28,80,83,0.906987,False
2026-06-09T10:15:00,Ring Road - Marg,"30.1554,31.3323",30.1554,31.3323,10,60,120,0.936704,False
2026-06-09T10:30:00,Ring Road - Moneeb,"29.9881,31.2227",29.9881,31.2227,11,66,69,0.906442,False
2026-06-09T10:45:00,Gamaat El Dowal St,"30.0543,31.2005",30.0543,31.2005,30,70,73,0.957867,False
2026-06-09T11:00:00,Faisal Street,"30.0051,31.1574",30.0051,31.1574,48,69,18,0.958141,False
2026-06-09T11:15:00,North 90th Street,"30.0308,31.4721",30.0308,31.4721,54,55,67,0.935516,False
2026-06-09T11:30:00,South 90th Street,"30.0195,31.4326",30.0195,31.4326,51,77,28,0.965093,False
2026-06-09T11:45:00,Ring Road - Maadi,"29.9544,31.2858",29.9544,31.2858,52,61,24,0.9597,False
2026-06-09T12:00:00,October Bridge,"30.0526,31.2372",30.0526,31.2372,33,64,33,0.959641,False
2026-06-09T12:15:00,26th July Corridor,"30.0381,31.0264",30.0381,31.0264,49,72,33,0.921649,False
2026-06-09T12:30:00,Abbas El Akkad,"30.0631,31.3341",30.0631,31.3341,65,73,76,0.994086,False
2026-06-09T12:45:00,Galaa Square,"30.0398,31.2188",30.0398,31.2188,45,64,33,0.882665,False
2026-06-09T13:00:00,Salah Salem,"30.0645,31.282",30.0645,31.282,36,75,11,0.984825,False
2026-06-09T13:15:00,Autostrad - Sheraton,"30.1065,31.3711",30.1065,31.3711,31,70,61,0.986256,False
2026-06-09T13:30:00,Tahrir Square,"30.0444,31.2357",30.0444,31.2357,56,60,25,0.859577,False
2026-06-09T13:45:00,Corniche El Nil,"30.0263,31.2268",30.0263,31.2268,42,72,35,0.986015,False
2026-06-09T14:00:00,Mosheer Tantawy Axis,"30.0242,31.3486",30.0242,31.3486,60,74,79,0.962665,False
2026-06-09T14:15:00,Rod El Farag Axis,"30.0881,31.2185",30.0881,31.2185,30,55,61,0.922866,False
2026-06-09T14:30:00,Ring Road - Marg,"30.1554,31.3323",30.1554,31.3323,25,68,50,0.934206,False
2026-06-09T14:45:00,Ring Road - Moneeb,"29.9881,31.2227",29.9881,31.2227,63,64,63,0.922054,False
2026-06-09T15:00:00,Gamaat El Dowal St,"30.0543,31.2005",30.0543,31.2005,50,80,67,0.915472,False
2026-06-09T15:15:00,Faisal Street,"30.0051,31.1574",30.0051,31.1574,61,61,74,0.929231,False
2026-06-09T15:30:00,North 90th Street,"30.0308,31.4721",30.0308,31.4721,25,70,62,0.901839,False
2026-06-09T15:45:00,South 90th Street,"30.0195,31.4326",30.0195,31.4326,56,58,12,0.949062,False
2026-06-09T16:00:00,Ring Road - Maadi,"29.9544,31.2858",29.9544,31.2858,19,76,51,0.988397,False
2026-06-09T16:15:00,October Bridge,"30.0526,31.2372",30.0526,31.2372,16,67,57,0.981367,False
2026-06-09T16:30:00,26th July Corridor,"30.0381,31.0264",30.0381,31.0264,29,56,45,0.993995,False
2026-06-09T16:45:00,Abbas El Akkad,"30.0631,31.3341",30.0631,31.3341,34,62,65,0.89176,False
2026-06-09T17:00:00,Galaa Square,"30.0398,31.2188",30.0398,31.2188,31,62,44,0.905183,False
2026-06-09T17:15:00,Salah Salem,"30.0645,31.282",30.0645,31.282,29,65,69,0.857714,False
2026-06-09T17:30:00,Autostrad - Sheraton,"30.1065,31.3711",30.1065,31.3711,33,58,76,0.876824,False
2026-06-09T17:45:00,Tahrir Square,"30.0444,31.2357",30.0444,31.2357,30,75,69,0.971927,False
2026-06-09T18:00:00,Corniche El Nil,"30.0263,31.2268",30.0263,31.2268,10,55,109,0.921735,False
2026-06-09T18:15:00,Mosheer Tantawy Axis,"30.0242,31.3486",30.0242,31.3486,14,73,94,0.91211,False
2026-06-09T18:30:00,Rod El Farag Axis,"30.0881,31.2185",30.0881,31.2185,15,79,89,0.999176,False
2026-06-09T18:45:00,Ring Road - Marg,"30.1554,31.3323",30.1554,31.3323,28,58,77,0.894202,False
2026-06-09T19:00:00,Ring Road - Moneeb,"29.9881,31.2227",29.9881,31.2227,11,70,41,0.861201,False
2026-06-09T19:15:00,Gamaat El Dowal St,"30.0543,31.2005",30.0543,31.2005,20,70,89,0.861662,False
2026-06-09T19:30:00,Faisal Street,"30.0051,31.1574",30.0051,31.1574,21,66,100,0.937061,False
2026-06-09T19:45:00,North 90th Street,"30.0308,31.4721",30.0308,31.4721,30,69,50,0.995781,False
2026-06-09T20:00:00,South 90th Street,"30.0195,31.4326",30.0195,31.4326,34,59,119,0.930938,False
2026-06-09T20:15:00,Ring Road - Maadi,"29.9544,31.2858",29.9544,31.2858,24,68,114,0.888958,False
2026-06-09T20:30:00,October Bridge,"30.0526,31.2372",30.0526,31.2372,15,57,103,0.868976,False
2026-06-09T20:45:00,26th July Corridor,"30.0381,31.0264",30.0381,31.0264,26,66,82,0.962004,False
2026-06-09T21:00:00,Abbas El Akkad,"30.0631,31.3341",30.0631,31.3341,56,60,77,0.907931,False
2026-06-09T21:15:00,Galaa Square,"30.0398,31.2188",30.0398,31.2188,35,71,74,0.979972,False
2026-06-09T21:30:00,Salah Salem,"30.0645,31.282",30.0645,31.282,49,75,11,0.99979,False
2026-06-09T21:45:00,Autostrad - Sheraton,"30.1065,31.3711",30.1065,31.3711,56,57,21,0.926853,False
2026-06-09T22:00:00,Tahrir Square,"30.0444,31.2357",30.0444,31.2357,52,71,75,0.996425,False
2026-06-09T22:15:00,Corniche El Nil,"30.0263,31.2268",30.0263,31.2268,28,66,22,0.995509,False
2026-06-09T22:30:00,Mosheer Tantawy Axis,"30.0242,31.3486",30.0242,31.3486,30,75,44,0.896523,False
2026-06-09T22:45:00,Rod El Farag Axis,"30.0881,31.2185",30.0881,31.2185,65,72,41,0.850653,False
2026-06-09T23:00:00,Ring Road - Marg,"30.1554,31.3323",30.1554,31.3323,34,68,52,0.874008,False
2026-06-09T23:15:00,Ring Road - Moneeb,"29.9881,31.2227",29.9881,31.2227,46,78,56,0.909464,False
2026-06-09T23:30:00,Gamaat El Dowal St,"30.0543,31.2005",30.0543,31.2005,48,71,32,0.88202,False
2026-06-09T23:45:00,Faisal Street,"30.0051,31.1574",30.0051,31.1574,26,65,74,0.969113,False
2026-06-10T00:00:00,North 90th Street,"30.0308,31.4721",30.0308,31.4721,46,72,67,0.91679,False
2026-06-10T00:15:00,South 90th Street,"30.0195,31.4326",30.0195,31.4326,58,65,76,0.991945,False
2026-06-10T00:30:00,Ring Road - Maadi,"29.9544,31.2858",29.9544,31.2858,56,61,78,0.935456,False
2026-06-10T00:45:00,October Bridge,"30.0526,31.2372",30.0526,31.2372,65,67,60,0.979046,False
2026-06-10T01:00:00,26th July Corridor,"30.0381,31.0264",30.0381,31.0264,62,62,22,0.977558,False
2026-06-10T01:15:00,Abbas El Akkad,"30.0631,31.3341",30.0631,31.3341,63,64,36,0.970746,False
2026-06-10T01:30:00,Galaa Square,"30.0398,31.2188",30.0398,31.2188,38,74,14,0.948276,False
2026-06-10T01:45:00,Salah Salem,"30.0645,31.282",30.0645,31.282,56,78,30,0.868485,False
2026-06-10T02:00:00,Autostrad - Sheraton,"30.1065,31.3711",30.1065,31.3711,53,67,56,0.867265,False
2026-06-10T02:15:00,Tahrir Square,"30.0444,31.2357",30.0444,31.2357,42,70,41,0.938608,False
2026-06-10T02:30:00,Corniche El Nil,"30.0263,31.2268",30.0263,31.2268,53,69,58,0.934525,False
2026-06-10T02:45:00,Mosheer Tantawy Axis,"30.0242,31.3486",30.0242,31.3486,50,67,65,0.923353,False
2026-06-10T03:00:00,Rod El Farag Axis,"30.0881,31.2185",30.0881,31.2185,31,70,44,0.982481,False
2026-06-10T03:15:00,Ring Road - Marg,"30.1554,31.3323",30.1554,31.3323,48,77,70,0.925444,False
2026-06-10T03:30:00,Ring Road - Moneeb,"29.9881,31.2227",29.9881,31.2227,33,71,54,0.909265,False
2026-06-10T03:45:00,Gamaat El Dowal St,"30.0543,31.2005",30.0543,31.2005,47,72,57,0.873028,False
2026-06-10T04:00:00,Faisal Street,"30.0051,31.1574",30.0051,31.1574,37,58,55,0.971467,False
2026-06-10T04:15:00,North 90th Street,"30.0308,31.4721",30.0308,31.4721,33,61,20,0.947406,False
2026-06-10T04:30:00,South 90th Street,"30.0195,31.4326",30.0195,31.4326,49,79,50,0.968874,False
2026-06-10T04:45:00,Ring Road - Maadi,"29.9544,31.2858",29.9544,31.2858,52,63,61,0.950036,False
2026-06-10T05:00:00,October Bridge,"30.0526,31.2372",30.0526,31.2372,39,78,31,0.996617,False
2026-06-10T05:15:00,26th July Corridor,"30.0381,31.0264",30.0381,31.0264,41,70,25,0.889365,False
2026-06-10T05:30:00,Abbas El Akkad,"30.0631,31.3341",30.0631,31.3341,40,64,41,0.951838,False
2026-06-10T05:45:00,Galaa Square,"30.0398,31.2188",30.0398,31.2188,26,78,52,0.850389,False
2026-06-10T06:00:00,Salah Salem,"30.0645,31.282",30.0645,31.282,36,79,34,0.969407,False
2026-06-10T06:15:00,Autostrad - Sheraton,"30.1065,31.3711",30.1065,31.3711,58,72,69,0.92499,False
2026-06-10T06:30:00,Tahrir Square,"30.0444,31.2357",30.0444,31.2357,39,55,73,0.969787,False
2026-06-10T06:45:00,Corniche El Nil,"30.0263,31.2268",30.0263,31.2268,28,80,31,0.882982,False
2026-06-10T07:00:00,Mosheer Tantawy Axis,"30.0242,31.3486",30.0242,31.3486,15,76,45,0.903821,False
2026-06-10T07:15:00,Rod El Farag Axis,"30.0881,31.2185",30.0881,31.2185,27,70,63,0.939553,False
2026-06-10T07:30:00,Ring Road - Marg,"30.1554,31.3323",30.1554,31.3323,17,67,95,0.948905,False
2026-06-10T07:45:00,Ring Road - Moneeb,"29.9881,31.2227",29.9881,31.2227,20,68,93,0.996629,False
2026-06-10T08:00:00,Gamaat El Dowal St,"30.0543,31.2005",30.0543,31.2005,25,72,67,0.8572,False
2026-06-10T08:15:00,Faisal Street,"30.0051,31.1574",30.0051,31.1574,32,79,89,0.98215,False
2026-06-10T08:30:00,North 90th Street,"30.0308,31.4721",30.0308,31.4721,33,64,100,0.862269,False
2026-06-10T08:45:00,South 90th Street,"30.0195,31.4326",30.0195,31.4326,21,79,63,0.910473,False
2026-06-10T09:00:00,Ring Road - Maadi,"29.9544,31.2858",29.9544,31.2858,33,65,66,0.876966,False
2026-06-10T09:15:00,October Bridge,"30.0526,31.2372",30.0526,31.2372,34,66,103,0.990243,False
2026-06-10T09:30:00,26th July Corridor,"30.0381,31.0264",30.0381,31.0264,29,70,76,0.91501,False
2026-06-10T09:45:00,Abbas El Akkad,"30.0631,31.3341",30.0631,31.3341,30,55,77,0.953271,False
2026-06-10T10:00:00,Galaa Square,"30.0398,31.2188",30.0398,31.2188,17,80,100,0.941528,False
2026-06-10T10:15:00,Salah Salem,"30.0645,31.282",30.0645,31.282,22,69,101,0.944229,False
2026-06-10T10:30:00,Autostrad - Sheraton,"30.1065,31.3711",30.1065,31.3711,17,66,79,0.970378,False
2026-06-10T10:45:00,Tahrir Square,"30.0444,31.2357",30.0444,31.2357,24,80,45,0.864539,False
2026-06-10T11:00:00,Corniche El Nil,"30.0263,31.2268",30.0263,31.2268,59,65,53,0.9737,False
2026-06-10T11:15:00,Mosheer Tantawy Axis,"30.0242,31.3486",30.0242,31.3486,45,69,32,0.902705,False
2026-06-10T11:30:00,Rod El Farag Axis,"30.0881,31.2185",30.0881,31.2185,31,65,19,0.876407,False
2026-06-10T11:45:00,Ring Road - Marg,"30.1554,31.3323",30.1554,31.3323,28,69,69,0.892617,False
2026-06-10T12:00:00,Ring Road - Moneeb,"29.9881,31.2227",29.9881,31.2227,37,57,73,0.911983,False
2026-06-10T12:15:00,Gamaat El Dowal St,"30.0543,31.2005",30.0543,31.2005,53,64,38,0.888922,False
2026-06-10T12:30:00,Faisal Street,"30.0051,31.1574",30.0051,31.1574,40,73,80,0.876392,False
2026-06-10T12:45:00,North 90th Street,"30.0308,31.4721",30.0308,31.4721,47,56,16,0.945659,False
2026-06-10T13:00:00,South 90th Street,"30.0195,31.4326",30.0195,31.4326,38,65,35,0.960933,False
2026-06-10T13:15:00,Ring Road - Maadi,"29.9544,31.2858",29.9544,31.2858,35,79,69,0.875117,False
2026-06-10T13:30:00,October Bridge,"30.0526,31.2372",30.0526,31.2372,61,63,46,0.931129,False
2026-06-10T13:45:00,26th July Corridor,"30.0381,31.0264",30.0381,31.0264,51,67,49,0.858315,False
2026-06-10T14:00:00,Abbas El Akkad,"30.0631,31.3341",30.0631,31.3341,32,73,63,0.922222,False
2026-06-10T14:15:00,Galaa Square,"30.0398,31.2188",30.0398,31.2188,25,76,53,0.950475,False
2026-06-10T14:30:00,Salah Salem,"30.0645,31.282",30.0645,31.282,62,63,55,0.992469,False
2026-06-10T14:45:00,Autostrad - Sheraton,"30.1065,31.3711",30.1065,31.3711,25,57,73,0.880107,False
2026-06-10T15:00:00,Tahrir Square,"30.0444,31.2357",30.0444,31.2357,62,62,37,0.933179,False
2026-06-10T15:15:00,Corniche El Nil,"30.0263,31.2268",30.0263,31.2268,28,56,63,0.881219,False
2026-06-10T15:30:00,Mosheer Tantawy Axis,"30.0242,31.3486",30.0242,31.3486,42,68,63,0.959318,False
2026-06-10T15:45:00,Rod El Farag Axis,"30.0881,31.2185",30.0881,31.2185,54,67,73,0.999849,False
2026-06-10T16:00:00,Ring Road - Marg,"30.1554,31.3323",30.1554,31.3323,15,62,83,0.975549,False
2026-06-10T16:15:00,Ring Road - Moneeb,"29.9881,31.2227",29.9881,31.2227,32,61,61,0.883065,False
2026-06-10T16:30:00,Gamaat El Dowal St,"30.0543,31.2005",30.0543,31.2005,12,58,54,0.905735,False
2026-06-10T16:45:00,Faisal Street,"30.0051,31.1574",30.0051,31.1574,15,71,103,0.979289,False
2026-06-10T17:00:00,North 90th Street,"30.0308,31.4721",30.0308,31.4721,23,69,112,0.979243,False
2026-06-10T17:15:00,South 90th Street,"30.0195,31.4326",30.0195,31.4326,31,79,50,0.950281,False
2026-06-10T17:30:00,Ring Road - Maadi,"29.9544,31.2858",29.9544,31.2858,34,77,43,0.956734,False
2026-06-10T17:45:00,October Bridge,"30.0526,31.2372",30.0526,31.2372,34,60,115,0.862675,False
2026-06-10T18:00:00,26th July Corridor,"30.0381,31.0264",30.0381,31.0264,18,59,120,0.969618,False
2026-06-10T18:15:00,Abbas El Akkad,"30.0631,31.3341",30.0631,31.3341,17,68,58,0.954522,False
2026-06-10T18:30:00,Galaa Square,"30.0398,31.2188",30.0398,31.2188,16,67,40,0.89749,False
2026-06-10T18:45:00,Salah Salem,"30.0645,31.282",30.0645,31.282,25,79,57,0.982861,False
2026-06-10T19:00:00,Autostrad - Sheraton,"30.1065,31.3711",30.1065,31.3711,23,67,40,0.976676,False
2026-06-10T19:15:00,Tahrir Square,"30.0444,31.2357",30.0444,31.2357,25,70,100,0.941247,False
2026-06-10T19:30:00,Corniche El Nil,"30.0263,31.2268",30.0263,31.2268,35,70,95,0.994777,False
2026-06-10T19:45:00,Mosheer Tantawy Axis,"30.0242,31.3486",30.0242,31.3486,18,55,52,0.97977,False
2026-06-10T20:00:00,Rod El Farag Axis,"30.0881,31.2185",30.0881,31.2185,15,55,44,0.865218,False
2026-06-10T20:15:00,Ring Road - Marg,"30.1554,31.3323",30.1554,31.3323,19,71,48,0.888249,False
2026-06-10T20:30:00,Ring Road - Moneeb,"29.9881,31.2227",29.9881,31.2227,12,78,53,0.87847,False
2026-06-10T20:45:00,Gamaat El Dowal St,"30.0543,31.2005",30.0543,31.2005,24,62,74,0.974471,False
2026-06-10T21:00:00,Faisal Street,"30.0051,31.1574",30.0051,31.1574,65,68,32,0.859244,False
2026-06-10T21:15:00,North 90th Street,"30.0308,31.4721",30.0308,31.4721,50,72,80,0.865211,False
2026-06-10T21:30:00,South 90th Street,"30.0195,31.4326",30.0195,31.4326,38,77,51,0.987252,False
2026-06-10T21:45:00,Ring Road - Maadi,"29.9544,31.2858",29.9544,31.2858,45,57,42,0.965533,False
2026-06-10T22:00:00,October Bridge,"30.0526,31.2372",30.0526,31.2372,39,59,74,0.884107,False
2026-06-10T22:15:00,26th July Corridor,"30.0381,31.0264",30.0381,31.0264,28,78,78,0.918981,False
2026-06-10T22:30:00,Abbas El Akkad,"30.0631,31.3341",30.0631,31.3341,59,72,43,0.87743,False
2026-06-10T22:45:00,Galaa Square,"30.0398,31.2188",30.0398,31.2188,25,69,36,0.939089,False
2026-06-10T23:00:00,Salah Salem,"30.0645,31.282",30.0645,31.282,53,76,38,0.946359,False
2026-06-10T23:15:00,Autostrad - Sheraton,"30.1065,31.3711",30.1065,31.3711,61,75,67,0.971206,False
2026-06-10T23:30:00,Tahrir Square,"30.0444,31.2357",30.0444,31.2357,39,79,27,0.991285,False
2026-06-10T23:45:00,Corniche El Nil,"30.0263,31.2268",30.0263,31.2268,27,68,13,0.99891,False
2026-06-11T00:00:00,Mosheer Tantawy Axis,"30.0242,31.3486",30.0242,31.3486,26,58,18,0.984476,False
2026-06-11T00:15:00,Rod El Farag Axis,"30.0881,31.2185",30.0881,31.2185,63,63,75,0.907247,False
2026-06-11T00:30:00,Ring Road - Marg,"30.1554,31.3323",30.1554,31.3323,60,67,40,0.976617,False
2026-06-11T00:45:00,Ring Road - Moneeb,"29.9881,31.2227",29.9881,31.2227,27,58,76,0.865834,False
2026-06-11T01:00:00,Gamaat El Dowal St,"30.0543,31.2005",30.0543,31.2005,43,70,33,0.963079,False
2026-06-11T01:15:00,Faisal Street,"30.0051,31.1574",30.0051,31.1574,63,63,72,0.988744,False
2026-06-11T01:30:00,North 90th Street,"30.0308,31.4721",30.0308,31.4721,61,61,25,0.92628,False
2026-06-11T01:45:00,South 90th Street,"30.0195,31.4326",30.0195,31.4326,35,55,59,0.916686,False
2026-06-11T02:00:00,Ring Road - Maadi,"29.9544,31.2858",29.9544,31.2858,35,61,46,0.973249,False
2026-06-11T02:15:00,October Bridge,"30.0526,31.2372",30.0526,31.2372,32,79,74,0.940823,False
2026-06-11T02:30:00,26th July Corridor,"30.0381,31.0264",30.0381,31.0264,64,80,20,0.977427,False
2026-06-11T02:45:00,Abbas El Akkad,"30.0631,31.3341",30.0631,31.3341,41,71,39,0.875856,False
2026-06-11T03:00:00,Galaa Square,"30.0398,31.2188",30.0398,31.2188,64,72,48,0.887709,False
2026-06-11T03:15:00,Salah Salem,"30.0645,31.282",30.0645,31.282,61,65,79,0.939071,False
2026-06-11T03:30:00,Autostrad - Sheraton,"30.1065,31.3711",30.1065,31.3711,30,76,64,0.943465,False
2026-06-11T03:45:00,Tahrir Square,"30.0444,31.2357",30.0444,31.2357,51,76,19,0.963665,False
2026-06-11T04:00:00,Corniche El Nil,"30.0263,31.2268",30.0263,31.2268,59,78,25,0.910545,False
2026-06-11T04:15:00,Mosheer Tantawy Axis,"30.0242,31.3486",30.0242,31.3486,29,78,58,0.978859,False
2026-06-11T04:30:00,Rod El Farag Axis,"30.0881,31.2185",30.0881,31.2185,42,79,43,0.854236,False
2026-06-11T04:45:00,Ring Road - Marg,"30.1554,31.3323",30.1554,31.3323,51,73,43,0.954344,False
2026-06-11T05:00:00,Ring Road - Moneeb,"29.9881,31.2227",29.9881,31.2227,55,65,37,0.928211,False
2026-06-11T05:15:00,Gamaat El Dowal St,"30.0543,31.2005",30.0543,31.2005,29,69,46,0.948263,False
2026-06-11T05:30:00,Faisal Street,"30.0051,31.1574",30.0051,31.1574,51,61,44,0.997405,False
2026-06-11T05:45:00,North 90th Street,"30.0308,31.4721",30.0308,31.4721,30,59,37,0.927623,False
2026-06-11T06:00:00,South 90th Street,"30.0195,31.4326",30.0195,31.4326,51,62,59,0.910093,False
2026-06-11T06:15:00,Ring Road - Maadi,"29.9544,31.2858",29.9544,31.2858,64,80,16,0.930419,False
2026-06-11T06:30:00,October Bridge,"30.0526,31.2372",30.0526,31.2372,53,55,52,0.974184,False
2026-06-11T06:45:00,26th July Corridor,"30.0381,31.0264",30.0381,31.0264,46,58,73,0.961754,False
2026-06-11T07:00:00,Abbas El Akkad,"30.0631,31.3341",30.0631,31.3341,11,59,111,0.86413,False
2026-06-11T07:15:00,Galaa Square,"30.0398,31.2188",30.0398,31.2188,20,74,96,0.998732,False
2026-06-11T07:30:00,Salah Salem,"30.0645,31.282",30.0645,31.282,20,72,65,0.944263,False
2026-06-11T07:45:00,Autostrad - Sheraton,"30.1065,31.3711",30.1065,31.3711,28,74,118,0.898262,False
2026-06-11T08:00:00,Tahrir Square,"30.0444,31.2357",30.0444,31.2357,13,61,45,0.993892,False
2026-06-11T08:15:00,Corniche El Nil,"30.0263,31.2268",30.0263,31.2268,16,74,79,0.969982,False
2026-06-11T08:30:00,Mosheer Tantawy Axis,"30.0242,31.3486",30.0242,31.3486,23,80,72,0.982884,False
2026-06-11T08:45:00,Rod El Farag Axis,"30.0881,31.2185",30.0881,31.2185,12,77,57,0.859391,False
2026-06-11T09:00:00,Ring Road - Marg,"30.1554,31.3323",30.1554,31.3323,29,59,86,0.974096,False
2026-06-11T09:15:00,Ring Road - Moneeb,"29.9881,31.2227",29.9881,31.2227,34,72,56,0.956402,False
2026-06-11T09:30:00,Gamaat El Dowal St,"30.0543,31.2005",30.0543,31.2005,28,79,100,0.885279,False
2026-06-11T09:45:00,Faisal Street,"30.0051,31.1574",30.0051,31.1574,32,68,67,0.933667,False
2026-06-11T10:00:00,North 90th Street,"30.0308,31.4721",30.0308,31.4721,33,75,93,0.965959,False
2026-06-11T10:15:00,South 90th Street,"30.0195,31.4326",30.0195,31.4326,12,67,97,0.901476,False
2026-06-11T10:30:00,Ring Road - Maadi,"29.9544,31.2858",29.9544,31.2858,12,75,106,0.921227,False
2026-06-11T10:45:00,October Bridge,"30.0526,31.2372",30.0526,31.2372,10,61,58,0.928399,False
2026-06-11T11:00:00,26th July Corridor,"30.0381,31.0264",30.0381,31.0264,38,68,36,0.856099,False
2026-06-11T11:15:00,Abbas El Akkad,"30.0631,31.3341",30.0631,31.3341,26,58,63,0.850042,False
2026-06-11T11:30:00,Galaa Square,"30.0398,31.2188",30.0398,31.2188,42,78,61,0.975478,False
2026-06-11T11:45:00,Salah Salem,"30.0645,31.282",30.0645,31.282,58,72,13,0.858187,False
2026-06-11T12:00:00,Autostrad - Sheraton,"30.1065,31.3711",30.1065,31.3711,27,76,68,0.949555,False
2026-06-11T12:15:00,Tahrir Square,"30.0444,31.2357",30.0444,31.2357,44,71,19,0.93263,False
2026-06-11T12:30:00,Corniche El Nil,"30.0263,31.2268",30.0263,31.2268,65,65,43,0.8542,False
2026-06-11T12:45:00,Mosheer Tantawy Axis,"30.0242,31.3486",30.0242,31.3486,57,78,67,0.978483,False
2026-06-11T13:00:00,Rod El Farag Axis,"30.0881,31.2185",30.0881,31.2185,65,65,31,0.861676,False
2026-06-11T13:15:00,Ring Road - Marg,"30.1554,31.3323",30.1554,31.3323,45,64,44,0.982726,False
2026-06-11T13:30:00,Ring Road - Moneeb,"29.9881,31.2227",29.9881,31.2227,33,79,39,0.975413,False
2026-06-11T13:45:00,Gamaat El Dowal St,"30.0543,31.2005",30.0543,31.2005,64,73,43,0.980977,False
2026-06-11T14:00:00,Faisal Street,"30.0051,31.1574",30.0051,31.1574,32,72,21,0.867427,False
2026-06-11T14:15:00,North 90th Street,"30.0308,31.4721",30.0308,31.4721,34,59,16,0.946844,False
2026-06-11T14:30:00,South 90th Street,"30.0195,31.4326",30.0195,31.4326,41,77,58,0.921181,False
2026-06-11T14:45:00,Ring Road - Maadi,"29.9544,31.2858",29.9544,31.2858,33,57,76,0.870262,False
2026-06-11T15:00:00,October Bridge,"30.0526,31.2372",30.0526,31.2372,58,76,35,0.863509,False
2026-06-11T15:15:00,26th July Corridor,"30.0381,31.0264",30.0381,31.0264,61,62,73,0.923177,False
2026-06-11T15:30:00,Abbas El Akkad,"30.0631,31.3341",30.0631,31.3341,64,64,34,0.943426,False
2026-06-11T15:45:00,Galaa Square,"30.0398,31.2188",30.0398,31.2188,41,59,57,0.990635,False
2026-06-11T16:00:00,Salah Salem,"30.0645,31.282",30.0645,31.282,34,65,70,0.966762,False
2026-06-11T16:15:00,Autostrad - Sheraton,"30.1065,31.3711",30.1065,31.3711,10,80,58,0.866873,False
2026-06-11T16:30:00,Tahrir Square,"30.0444,31.2357",30.0444,31.2357,24,55,75,0.851439,False
2026-06-11T16:45:00,Corniche El Nil,"30.0263,31.2268",30.0263,31.2268,31,57,113,0.901007,False
2026-06-11T17:00:00,Mosheer Tantawy Axis,"30.0242,31.3486",30.0242,31.3486,11,60,92,0.97064,False
2026-06-11T17:15:00,Rod El Farag Axis,"30.0881,31.2185",30.0881,31.2185,18,67,75,0.916641,False
2026-06-11T17:30:00,Ring Road - Marg,"30.1554,31.3323",30.1554,31.3323,33,65,78,0.95287,False
2026-06-11T17:45:00,Ring Road - Moneeb,"29.9881,31.2227",29.9881,31.2227,30,76,97,0.896389,False
2026-06-11T18:00:00,Gamaat El Dowal St,"30.0543,31.2005",30.0543,31.2005,21,71,53,0.943812,False
2026-06-11T18:15:00,Faisal Street,"30.0051,31.1574",30.0051,31.1574,20,59,73,0.86043,False
2026-06-11T18:30:00,North 90th Street,"30.0308,31.4721",30.0308,31.4721,35,57,83,0.881724,False
2026-06-11T18:45:00,South 90th Street,"30.0195,31.4326",30.0195,31.4326,20,73,44,0.853761,False
2026-06-11T19:00:00,Ring Road - Maadi,"29.9544,31.2858",29.9544,31.2858,18,58,111,0.888035,False
2026-06-11T19:15:00,October Bridge,"30.0526,31.2372",30.0526,31.2372,34,76,91,0.891148,False
2026-06-11T19:30:00,26th July Corridor,"30.0381,31.0264",30.0381,31.0264,34,65,55,0.894737,False
2026-06-11T19:45:00,Abbas El Akkad,"30.0631,31.3341",30.0631,31.3341,30,74,86,0.902733,False
2026-06-11T20:00:00,Galaa Square,"30.0398,31.2188",30.0398,31.2188,12,68,47,0.97814,False
2026-06-11T20:15:00,Salah Salem,"30.0645,31.282",30.0645,31.282,30,77,99,0.850711,False
2026-06-11T20:30:00,Autostrad - Sheraton,"30.1065,31.3711",30.1065,31.3711,25,66,71,0.973155,False
2026-06-11T20:45:00,Tahrir Square,"30.0444,31.2357",30.0444,31.2357,16,57,80,0.991274,False
2026-06-11T21:00:00,Corniche El Nil,"30.0263,31.2268",30.0263,31.2268,40,75,39,0.857353,False
2026-06-11T21:15:00,Mosheer Tantawy Axis,"30.0242,31.3486",30.0242,31.3486,62,62,25,0.959764,False
2026-06-11T21:30:00,Rod El Farag Axis,"30.0881,31.2185",30.0881,31.2185,65,76,21,0.966104,False
2026-06-11T21:45:00,Ring Road - Marg,"30.1554,31.3323",30.1554,31.3323,50,78,34,0.98371,False
2026-06-11T22:00:00,Ring Road - Moneeb,"29.9881,31.2227",29.9881,31.2227,48,66,20,0.854677,False
2026-06-11T22:15:00,Gamaat El Dowal St,"30.0543,31.2005",30.0543,31.2005,61,62,36,0.87007,False
2026-06-11T22:30:00,Faisal Street,"30.0051,31.1574",30.0051,31.1574,54,63,58,0.976204,False
2026-06-11T22:45:00,North 90th Street,"30.0308,31.4721",30.0308,31.4721,40,65,52,0.851684,False
2026-06-11T23:00:00,South 90th Street,"30.0195,31.4326",30.0195,31.4326,57,60,22,0.997431,False
2026-06-11T23:15:00,Ring Road - Maadi,"29.9544,31.2858",29.9544,31.2858,56,56,29,0.85005,False
2026-06-11T23:30:00,October Bridge,"30.0526,31.2372",30.0526,31.2372,34,58,40,0.991785,False
2026-06-11T23:45:00,26th July Corridor,"30.0381,31.0264",30.0381,31.0264,41,67,79,0.85047,False
2026-06-12T00:00:00,Abbas El Akkad,"30.0631,31.3341",30.0631,31.3341,49,58,49,0.987458,False
2026-06-12T00:15:00,Galaa Square,"30.0398,31.2188",30.0398,31.2188,35,63,50,0.997618,False
2026-06-12T00:30:00,Salah Salem,"30.0645,31.282",30.0645,31.282,49,78,27,0.922622,False
2026-06-12T00:45:00,Autostrad - Sheraton,"30.1065,31.3711",30.1065,31.3711,66,68,38,0.879563,False
2026-06-12T01:00:00,Tahrir Square,"30.0444,31.2357",30.0444,31.2357,43,63,24,0.971857,False
2026-06-12T01:15:00,Corniche El Nil,"30.0263,31.2268",30.0263,31.2268,59,61,35,0.938329,False
2026-06-12T01:30:00,Mosheer Tantawy Axis,"30.0242,31.3486",30.0242,31.3486,63,67,25,0.970528,False
2026-06-12T01:45:00,Rod El Farag Axis,"30.0881,31.2185",30.0881,31.2185,63,63,37,0.870532,False
2026-06-12T02:00:00,Ring Road - Marg,"30.1554,31.3323",30.1554,31.3323,74,74,15,0.895034,False
2026-06-12T02:15:00,Ring Road - Moneeb,"29.9881,31.2227",29.9881,31.2227,47,79,50,0.942507,False
2026-06-12T02:30:00,Gamaat El Dowal St,"30.0543,31.2005",30.0543,31.2005,45,61,31,0.898421,False
2026-06-12T02:45:00,Faisal Street,"30.0051,31.1574",30.0051,31.1574,42,61,9,0.934552,False
2026-06-12T03:00:00,North 90th Street,"30.0308,31.4721",30.0308,31.4721,71,72,37,0.868388,False
2026-06-12T03:15:00,South 90th Street,"30.0195,31.4326",30.0195,31.4326,60,71,47,0.913807,False
2026-06-12T03:30:00,Ring Road - Maadi,"29.9544,31.2858",29.9544,31.2858,69,76,38,0.864209,False
2026-06-12T03:45:00,October Bridge,"30.0526,31.2372",30.0526,31.2372,64,64,24,0.937018,False
2026-06-12T04:00:00,26th July Corridor,"30.0381,31.0264",30.0381,31.0264,43,70,11,0.976077,False
2026-06-12T04:15:00,Abbas El Akkad,"30.0631,31.3341",30.0631,31.3341,72,79,27,0.914872,False
2026-06-12T04:30:00,Galaa Square,"30.0398,31.2188",30.0398,31.2188,51,58,14,0.937137,False
2026-06-12T04:45:00,Salah Salem,"30.0645,31.282",30.0645,31.282,59,59,35,0.946342,False
2026-06-12T05:00:00,Autostrad - Sheraton,"30.1065,31.3711",30.1065,31.3711,71,71,33,0.894196,False
2026-06-12T05:15:00,Tahrir Square,"30.0444,31.2357",30.0444,31.2357,57,70,10,0.985871,False
2026-06-12T05:30:00,Corniche El Nil,"30.0263,31.2268",30.0263,31.2268,49,68,38,0.875446,False
2026-06-12T05:45:00,Mosheer Tantawy Axis,"30.0242,31.3486",30.0242,31.3486,56,77,48,0.919534,False
2026-06-12T06:00:00,Rod El Farag Axis,"30.0881,31.2185",30.0881,31.2185,70,70,21,0.869774,False
2026-06-12T06:15:00,Ring Road - Marg,"30.1554,31.3323",30.1554,31.3323,43,70,38,0.971564,False
2026-06-12T06:30:00,Ring Road - Moneeb,"29.9881,31.2227",29.9881,31.2227,57,58,9,0.932143,False
2026-06-12T06:45:00,Gamaat El Dowal St,"30.0543,31.2005",30.0543,31.2005,75,75,40,0.885316,False
2026-06-12T07:00:00,Faisal Street,"30.0051,31.1574",30.0051,31.1574,44,69,41,0.95926,False
2026-06-12T07:15:00,North 90th Street,"30.0308,31.4721",30.0308,31.4721,61,80,34,0.994447,False
2026-06-12T07:30:00,South 90th Street,"30.0195,31.4326",30.0195,31.4326,42,71,27,0.946953,False
2026-06-12T07:45:00,Ring Road - Maadi,"29.9544,31.2858",29.9544,31.2858,47,69,46,0.966342,False
2026-06-12T08:00:00,October Bridge,"30.0526,31.2372",30.0526,31.2372,66,66,9,0.863733,False
2026-06-12T08:15:00,26th July Corridor,"30.0381,31.0264",30.0381,31.0264,60,68,15,0.904588,False
2026-06-12T08:30:00,Abbas El Akkad,"30.0631,31.3341",30.0631,31.3341,71,71,36,0.901826,False
2026-06-12T08:45:00,Galaa Square,"30.0398,31.2188",30.0398,31.2188,44,78,17,0.942664,False
2026-06-12T09:00:00,Salah Salem,"30.0645,31.282",30.0645,31.282,62,74,9,0.977148,False
2026-06-12T09:15:00,Autostrad - Sheraton,"30.1065,31.3711",30.1065,31.3711,43,80,23,0.895653,False
2026-06-12T09:30:00,Tahrir Square,"30.0444,31.2357",30.0444,31.2357,68,70,5,0.897117,False
2026-06-12T09:45:00,Corniche El Nil,"30.0263,31.2268",30.0263,31.2268,73,73,14,0.949756,False
2026-06-12T10:00:00,Mosheer Tantawy Axis,"30.0242,31.3486",30.0242,31.3486,36,72,13,0.892127,False
2026-06-12T10:15:00,Rod El Farag Axis,"30.0881,31.2185",30.0881,31.2185,46,78,40,0.981525,False
2026-06-12T10:30:00,Ring Road - Marg,"30.1554,31.3323",30.1554,31.3323,63,72,44,0.917229,False
2026-06-12T10:45:00,Ring Road - Moneeb,"29.9881,31.2227",29.9881,31.2227,63,72,48,0.859449,False
2026-06-12T11:00:00,Gamaat El Dowal St,"30.0543,31.2005",30.0543,31.2005,38,71,22,0.887043,False
2026-06-12T11:15:00,Faisal Street,"30.0051,31.1574",30.0051,31.1574,52,64,16,0.850773,False
2026-06-12T11:30:00,North 90th Street,"30.0308,31.4721",30.0308,31.4721,60,77,49,0.872635,False
2026-06-12T11:45:00,South 90th Street,"30.0195,31.4326",30.0195,31.4326,49,70,46,0.98515,False
2026-06-12T12:00:00,Ring Road - Maadi,"29.9544,31.2858",29.9544,31.2858,50,62,26,0.929005,False
2026-06-12T12:15:00,October Bridge,"30.0526,31.2372",30.0526,31.2372,59,79,19,0.946668,False
2026-06-12T12:30:00,26th July Corridor,"30.0381,31.0264",30.0381,31.0264,60,80,12,0.995157,False
2026-06-12T12:45:00,Abbas El Akkad,"30.0631,31.3341",30.0631,31.3341,48,75,48,0.853207,False
2026-06-12T13:00:00,Galaa Square,"30.0398,31.2188",30.0398,31.2188,37,69,50,0.987501,False
2026-06-12T13:15:00,Salah Salem,"30.0645,31.282",30.0645,31.282,56,64,17,0.94199,False
2026-06-12T13:30:00,Autostrad - Sheraton,"30.1065,31.3711",30.1065,31.3711,36,63,31,0.912672,False
2026-06-12T13:45:00,Tahrir Square,"30.0444,31.2357",30.0444,31.2357,48,57,34,0.920335,False
2026-06-12T14:00:00,Corniche El Nil,"30.0263,31.2268",30.0263,31.2268,43,56,34,0.940191,False
2026-06-12T14:15:00,Mosheer Tantawy Axis,"30.0242,31.3486",30.0242,31.3486,75,75,49,0.95069,False
2026-06-12T14:30:00,Rod El Farag Axis,"30.0881,31.2185",30.0881,31.2185,43,78,18,0.995883,False
2026-06-12T14:45:00,Ring Road - Marg,"30.1554,31.3323",30.1554,31.3323,39,71,39,0.853719,False
2026-06-12T15:00:00,Ring Road - Moneeb,"29.9881,31.2227",29.9881,31.2227,50,70,46,0.910876,False
2026-06-12T15:15:00,Gamaat El Dowal St,"30.0543,31.2005",30.0543,31.2005,38,66,48,0.981689,False
2026-06-12T15:30:00,Faisal Street,"30.0051,31.1574",30.0051,31.1574,56,56,33,0.930962,False
2026-06-12T15:45:00,North 90th Street,"30.0308,31.4721",30.0308,31.4721,50,58,49,0.890383,False
2026-06-12T16:00:00,South 90th Street,"30.0195,31.4326",30.0195,31.4326,48,56,19,0.96194,False
2026-06-12T16:15:00,Ring Road - Maadi,"29.9544,31.2858",29.9544,31.2858,39,62,18,0.985062,False
2026-06-12T16:30:00,October Bridge,"30.0526,31.2372",30.0526,31.2372,44,65,32,0.959654,False
2026-06-12T16:45:00,26th July Corridor,"30.0381,31.0264",30.0381,31.0264,44,60,11,0.90786,False
2026-06-12T17:00:00,Abbas El Akkad,"30.0631,31.3341",30.0631,31.3341,52,74,30,0.909563,False
2026-06-12T17:15:00,Galaa Square,"30.0398,31.2188",30.0398,31.2188,70,70,42,0.9256,False
2026-06-12T17:30:00,Salah Salem,"30.0645,31.282",30.0645,31.282,65,70,9,0.926962,False
2026-06-12T17:45:00,Autostrad - Sheraton,"30.1065,31.3711",30.1065,31.3711,47,70,25,0.977961,False
2026-06-12T18:00:00,Tahrir Square,"30.0444,31.2357",30.0444,31.2357,39,77,17,0.858489,False
2026-06-12T18:15:00,Corniche El Nil,"30.0263,31.2268",30.0263,31.2268,71,71,31,0.95277,False
2026-06-12T18:30:00,Mosheer Tantawy Axis,"30.0242,31.3486",30.0242,31.3486,66,66,33,0.897068,False
2026-06-12T18:45:00,Rod El Farag Axis,"30.0881,31.2185",30.0881,31.2185,45,58,18,0.952384,False
2026-06-12T19:00:00,Ring Road - Marg,"30.1554,31.3323",30.1554,31.3323,56,79,44,0.908535,False
2026-06-12T19:15:00,Ring Road - Moneeb,"29.9881,31.2227",29.9881,31.2227,54,67,8,0.956962,False
2026-06-12T19:30:00,Gamaat El Dowal St,"30.0543,31.2005",30.0543,31.2005,35,55,23,0.933596,False
2026-06-12T19:45:00,Faisal Street,"30.0051,31.1574",30.0051,31.1574,44,72,32,0.862386,False
2026-06-12T20:00:00,North 90th Street,"30.0308,31.4721",30.0308,31.4721,44,61,22,0.989733,False
2026-06-12T20:15:00,South 90th Street,"30.0195,31.4326",30.0195,31.4326,72,76,49,0.939178,False
2026-06-12T20:30:00,Ring Road - Maadi,"29.9544,31.2858",29.9544,31.2858,43,67,24,0.853745,False
2026-06-12T20:45:00,October Bridge,"30.0526,31.2372",30.0526,31.2372,45,74,36,0.979747,False
2026-06-12T21:00:00,26th July Corridor,"30.0381,31.0264",30.0381,31.0264,38,74,15,0.856505,False
2026-06-12T21:15:00,Abbas El Akkad,"30.0631,31.3341",30.0631,31.3341,35,64,31,0.928428,False
2026-06-12T21:30:00,Galaa Square,"30.0398,31.2188",30.0398,31.2188,65,65,15,0.939349,False
2026-06-12T21:45:00,Salah Salem,"30.0645,31.282",30.0645,31.282,50,62,6,0.941461,False
2026-06-12T22:00:00,Autostrad - Sheraton,"30.1065,31.3711",30.1065,31.3711,71,71,22,0.91837,False
2026-06-12T22:15:00,Tahrir Square,"30.0444,31.2357",30.0444,31.2357,55,59,47,0.885734,False
2026-06-12T22:30:00,Corniche El Nil,"30.0263,31.2268",30.0263,31.2268,65,77,42,0.984594,False
2026-06-12T22:45:00,Mosheer Tantawy Axis,"30.0242,31.3486",30.0242,31.3486,38,65,5,0.889799,False
2026-06-12T23:00:00,Rod El Farag Axis,"30.0881,31.2185",30.0881,31.2185,56,73,38,0.87907,False
2026-06-12T23:15:00,Ring Road - Marg,"30.1554,31.3323",30.1554,31.3323,71,71,15,0.96122,False
2026-06-12T23:30:00,Ring Road - Moneeb,"29.9881,31.2227",29.9881,31.2227,61,67,14,0.871593,False
2026-06-12T23:45:00,Gamaat El Dowal St,"30.0543,31.2005",30.0543,31.2005,39,72,5,0.85828,False
2026-06-13T00:00:00,Faisal Street,"30.0051,31.1574",30.0051,31.1574,41,79,7,0.973033,False
2026-06-13T00:15:00,North 90th Street,"30.0308,31.4721",30.0308,31.4721,49,56,8,0.927026,False
2026-06-13T00:30:00,South 90th Street,"30.0195,31.4326",30.0195,31.4326,53,57,39,0.949108,False
2026-06-13T00:45:00,Ring Road - Maadi,"29.9544,31.2858",29.9544,31.2858,54,55,15,0.995197,False
2026-06-13T01:00:00,October Bridge,"30.0526,31.2372",30.0526,31.2372,55,59,48,0.954391,False
2026-06-13T01:15:00,26th July Corridor,"30.0381,31.0264",30.0381,31.0264,46,59,39,0.984728,False
2026-06-13T01:30:00,Abbas El Akkad,"30.0631,31.3341",30.0631,31.3341,58,66,7,0.859773,False
2026-06-13T01:45:00,Galaa Square,"30.0398,31.2188",30.0398,31.2188,68,79,47,0.926173,False
2026-06-13T02:00:00,Salah Salem,"30.0645,31.282",30.0645,31.282,46,73,5,0.909848,False
2026-06-13T02:15:00,Autostrad - Sheraton,"30.1065,31.3711",30.1065,31.3711,61,74,37,0.99363,False
2026-06-13T02:30:00,Tahrir Square,"30.0444,31.2357",30.0444,31.2357,56,56,22,0.934723,False
2026-06-13T02:45:00,Corniche El Nil,"30.0263,31.2268",30.0263,31.2268,70,70,13,0.875959,False
2026-06-13T03:00:00,Mosheer Tantawy Axis,"30.0242,31.3486",30.0242,31.3486,49,69,48,0.912597,False
2026-06-13T03:15:00,Rod El Farag Axis,"30.0881,31.2185",30.0881,31.2185,69,69,49,0.88941,False
2026-06-13T03:30:00,Ring Road - Marg,"30.1554,31.3323",30.1554,31.3323,68,68,19,0.8818,False
2026-06-13T03:45:00,Ring Road - Moneeb,"29.9881,31.2227",29.9881,31.2227,65,65,26,0.993723,False
2026-06-13T04:00:00,Gamaat El Dowal St,"30.0543,31.2005",30.0543,31.2005,57,79,39,0.854283,False
2026-06-13T04:15:00,Faisal Street,"30.0051,31.1574",30.0051,31.1574,67,67,22,0.890724,False
2026-06-13T04:30:00,North 90th Street,"30.0308,31.4721",30.0308,31.4721,57,75,8,0.971325,False
2026-06-13T04:45:00,South 90th Street,"30.0195,31.4326",30.0195,31.4326,54,67,9,0.943117,False
2026-06-13T05:00:00,Ring Road - Maadi,"29.9544,31.2858",29.9544,31.2858,56,80,16,0.966866,False
2026-06-13T05:15:00,October Bridge,"30.0526,31.2372",30.0526,31.2372,73,76,18,0.869142,False
2026-06-13T05:30:00,26th July Corridor,"30.0381,31.0264",30.0381,31.0264,37,62,35,0.934932,False
2026-06-13T05:45:00,Abbas El Akkad,"30.0631,31.3341",30.0631,31.3341,59,60,47,0.900988,False
2026-06-13T06:00:00,Galaa Square,"30.0398,31.2188",30.0398,31.2188,40,79,20,0.851392,False
2026-06-13T06:15:00,Salah Salem,"30.0645,31.282",30.0645,31.282,61,69,22,0.853338,False
2026-06-13T06:30:00,Autostrad - Sheraton,"30.1065,31.3711",30.1065,31.3711,60,70,32,0.973255,False
2026-06-13T06:45:00,Tahrir Square,"30.0444,31.2357",30.0444,31.2357,39,75,23,0.964685,False
2026-06-13T07:00:00,Corniche El Nil,"30.0263,31.2268",30.0263,31.2268,75,75,20,0.870667,False
2026-06-13T07:15:00,Mosheer Tantawy Axis,"30.0242,31.3486",30.0242,31.3486,75,76,28,0.897394,False
2026-06-13T07:30:00,Rod El Farag Axis,"30.0881,31.2185",30.0881,31.2185,46,69,45,0.944981,False
2026-06-13T07:45:00,Ring Road - Marg,"30.1554,31.3323",30.1554,31.3323,39,68,41,0.890611,False
2026-06-13T08:00:00,Ring Road - Moneeb,"29.9881,31.2227",29.9881,31.2227,56,67,35,0.939853,False
2026-06-13T08:15:00,Gamaat El Dowal St,"30.0543,31.2005",30.0543,31.2005,67,67,7,0.932288,False
2026-06-13T08:30:00,Faisal Street,"30.0051,31.1574",30.0051,31.1574,48,66,24,0.965289,False
2026-06-13T08:45:00,North 90th Street,"30.0308,31.4721",30.0308,31.4721,74,74,41,0.949577,False
2026-06-13T09:00:00,South 90th Street,"30.0195,31.4326",30.0195,31.4326,69,75,14,0.888404,False
2026-06-13T09:15:00,Ring Road - Maadi,"29.9544,31.2858",29.9544,31.2858,35,58,22,0.856922,False
2026-06-13T09:30:00,October Bridge,"30.0526,31.2372",30.0526,31.2372,35,76,41,0.988085,False
2026-06-13T09:45:00,26th July Corridor,"30.0381,31.0264",30.0381,31.0264,59,78,28,0.98799,False
2026-06-13T10:00:00,Abbas El Akkad,"30.0631,31.3341",30.0631,31.3341,38,57,24,0.968842,False
2026-06-13T10:15:00,Galaa Square,"30.0398,31.2188",30.0398,31.2188,51,70,6,0.932738,False
2026-06-13T10:30:00,Salah Salem,"30.0645,31.282",30.0645,31.282,35,71,27,0.972959,False
2026-06-13T10:45:00,Autostrad - Sheraton,"30.1065,31.3711",30.1065,31.3711,69,80,39,0.975911,False
2026-06-13T11:00:00,Tahrir Square,"30.0444,31.2357",30.0444,31.2357,72,77,42,0.963177,False
2026-06-13T11:15:00,Corniche El Nil,"30.0263,31.2268",30.0263,31.2268,71,71,6,0.987467,False
2026-06-13T11:30:00,Mosheer Tantawy Axis,"30.0242,31.3486",30.0242,31.3486,51,71,28,0.921882,False
2026-06-13T11:45:00,Rod El Farag Axis,"30.0881,31.2185",30.0881,31.2185,55,78,18,0.970329,False
2026-06-13T12:00:00,Ring Road - Marg,"30.1554,31.3323",30.1554,31.3323,64,64,6,0.868227,False
2026-06-13T12:15:00,Ring Road - Moneeb,"29.9881,31.2227",29.9881,31.2227,58,78,19,0.989303,False
2026-06-13T12:30:00,Gamaat El Dowal St,"30.0543,31.2005",30.0543,31.2005,48,66,38,0.981896,False
2026-06-13T12:45:00,Faisal Street,"30.0051,31.1574",30.0051,31.1574,65,80,30,0.917354,False
2026-06-13T13:00:00,North 90th Street,"30.0308,31.4721",30.0308,31.4721,70,70,5,0.995806,False
2026-06-13T13:15:00,South 90th Street,"30.0195,31.4326",30.0195,31.4326,37,67,44,0.958429,False
2026-06-13T13:30:00,Ring Road - Maadi,"29.9544,31.2858",29.9544,31.2858,38,72,44,0.963965,False
2026-06-13T13:45:00,October Bridge,"30.0526,31.2372",30.0526,31.2372,50,59,13,0.885233,False
2026-06-13T14:00:00,26th July Corridor,"30.0381,31.0264",30.0381,31.0264,70,78,13,0.910548,False
2026-06-13T14:15:00,Abbas El Akkad,"30.0631,31.3341",30.0631,31.3341,63,66,39,0.91423,False
2026-06-13T14:30:00,Galaa Square,"30.0398,31.2188",30.0398,31.2188,55,65,21,0.904321,False
2026-06-13T14:45:00,Salah Salem,"30.0645,31.282",30.0645,31.282,39,67,8,0.92223,False
2026-06-13T15:00:00,Autostrad - Sheraton,"30.1065,31.3711",30.1065,31.3711,55,74,43,0.890117,False
2026-06-13T15:15:00,Tahrir Square,"30.0444,31.2357",30.0444,31.2357,65,70,13,0.927642,False
2026-06-13T15:30:00,Corniche El Nil,"30.0263,31.2268",30.0263,31.2268,36,63,26,0.884528,False
2026-06-13T15:45:00,Mosheer Tantawy Axis,"30.0242,31.3486",30.0242,31.3486,66,66,14,0.953124,False
2026-06-13T16:00:00,Rod El Farag Axis,"30.0881,31.2185",30.0881,31.2185,68,68,40,0.878934,False
2026-06-13T16:15:00,Ring Road - Marg,"30.1554,31.3323",30.1554,31.3323,58,58,12,0.938331,False
2026-06-13T16:30:00,Ring Road - Moneeb,"29.9881,31.2227",29.9881,31.2227,67,77,30,0.983328,False
2026-06-13T16:45:00,Gamaat El Dowal St,"30.0543,31.2005",30.0543,31.2005,65,66,44,0.907899,False
2026-06-13T17:00:00,Faisal Street,"30.0051,31.1574",30.0051,31.1574,59,72,27,0.853759,False
2026-06-13T17:15:00,North 90th Street,"30.0308,31.4721",30.0308,31.4721,72,72,23,0.932706,False
2026-06-13T17:30:00,South 90th Street,"30.0195,31.4326",30.0195,31.4326,67,67,31,0.893965,False
2026-06-13T17:45:00,Ring Road - Maadi,"29.9544,31.2858",29.9544,31.2858,45,70,42,0.854005,False
2026-06-13T18:00:00,October Bridge,"30.0526,31.2372",30.0526,31.2372,41,61,25,0.970103,False
2026-06-13T18:15:00,26th July Corridor,"30.0381,31.0264",30.0381,31.0264,38,74,28,0.948356,False
2026-06-13T18:30:00,Abbas El Akkad,"30.0631,31.3341",30.0631,31.3341,58,80,28,0.993505,False
2026-06-13T18:45:00,Galaa Square,"30.0398,31.2188",30.0398,31.2188,52,70,40,0.893701,False
2026-06-13T19:00:00,Salah Salem,"30.0645,31.282",30.0645,31.282,65,74,12,0.903677,False
2026-06-13T19:15:00,Autostrad - Sheraton,"30.1065,31.3711",30.1065,31.3711,55,60,10,0.976848,False
2026-06-13T19:30:00,Tahrir Square,"30.0444,31.2357",30.0444,31.2357,39,60,44,0.895005,False
2026-06-13T19:45:00,Corniche El Nil,"30.0263,31.2268",30.0263,31.2268,67,67,49,0.985007,False
2026-06-13T20:00:00,Mosheer Tantawy Axis,"30.0242,31.3486",30.0242,31.3486,46,78,31,0.892657,False
2026-06-13T20:15:00,Rod El Farag Axis,"30.0881,31.2185",30.0881,31.2185,45,79,49,0.864706,False
2026-06-13T20:30:00,Ring Road - Marg,"30.1554,31.3323",30.1554,31.3323,36,61,7,0.903322,False
2026-06-13T20:45:00,Ring Road - Moneeb,"29.9881,31.2227",29.9881,31.2227,66,76,27,0.90387,False
2026-06-13T21:00:00,Gamaat El Dowal St,"30.0543,31.2005",30.0543,31.2005,58,70,24,0.909986,False
2026-06-13T21:15:00,Faisal Street,"30.0051,31.1574",30.0051,31.1574,68,68,28,0.928785,False
2026-06-13T21:30:00,North 90th Street,"30.0308,31.4721",30.0308,31.4721,40,79,30,0.889296,False
2026-06-13T21:45:00,South 90th Street,"30.0195,31.4326",30.0195,31.4326,48,65,47,0.943937,False
2026-06-13T22:00:00,Ring Road - Maadi,"29.9544,31.2858",29.9544,31.2858,57,65,10,0.939377,False
2026-06-13T22:15:00,October Bridge,"30.0526,31.2372",30.0526,31.2372,50,69,45,0.995233,False
2026-06-13T22:30:00,26th July Corridor,"30.0381,31.0264",30.0381,31.0264,49,62,45,0.902814,False
2026-06-13T22:45:00,Abbas El Akkad,"30.0631,31.3341",30.0631,31.3341,38,59,46,0.947099,False
2026-06-13T23:00:00,Galaa Square,"30.0398,31.2188",30.0398,31.2188,59,59,46,0.888791,False
2026-06-13T23:15:00,Salah Salem,"30.0645,31.282",30.0645,31.282,73,73,8,0.851397,False
2026-06-13T23:30:00,Autostrad - Sheraton,"30.1065,31.3711",30.1065,31.3711,64,64,19,0.859946,False
2026-06-13T23:45:00,Tahrir Square,"30.0444,31.2357",30.0444,31.2357,51,78,31,0.871479,False
2026-06-14T00:00:00,Corniche El Nil,"30.0263,31.2268",30.0263,31.2268,33,80,13,0.980175,False
2026-06-14T00:15:00,Mosheer Tantawy Axis,"30.0242,31.3486",30.0242,31.3486,44,61,11,0.854213,False
2026-06-14T00:30:00,Rod El Farag Axis,"30.0881,31.2185",30.0881,31.2185,53,69,60,0.894425,False
2026-06-14T00:45:00,Ring Road - Marg,"30.1554,31.3323",30.1554,31.3323,46,76,12,0.981177,False
2026-06-14T01:00:00,Ring Road - Moneeb,"29.9881,31.2227",29.9881,31.2227,57,61,72,0.938309,False
2026-06-14T01:15:00,Gamaat El Dowal St,"30.0543,31.2005",30.0543,31.2005,38,61,55,0.97554,False
2026-06-14T01:30:00,Faisal Street,"30.0051,31.1574",30.0051,31.1574,40,73,68,0.982753,False
2026-06-14T01:45:00,North 90th Street,"30.0308,31.4721",30.0308,31.4721,47,73,70,0.927783,False
2026-06-14T02:00:00,South 90th Street,"30.0195,31.4326",30.0195,31.4326,38,56,44,0.955367,False
2026-06-14T02:15:00,Ring Road - Maadi,"29.9544,31.2858",29.9544,31.2858,52,75,42,0.871822,False
2026-06-14T02:30:00,October Bridge,"30.0526,31.2372",30.0526,31.2372,34,57,34,0.863032,False
2026-06-14T02:45:00,26th July Corridor,"30.0381,31.0264",30.0381,31.0264,33,55,57,0.87974,False
2026-06-14T03:00:00,Abbas El Akkad,"30.0631,31.3341",30.0631,31.3341,53,59,70,0.998259,False
2026-06-14T03:15:00,Galaa Square,"30.0398,31.2188",30.0398,31.2188,30,80,59,0.997144,False
2026-06-14T03:30:00,Salah Salem,"30.0645,31.282",30.0645,31.282,57,67,26,0.982605,False
2026-06-14T03:45:00,Autostrad - Sheraton,"30.1065,31.3711",30.1065,31.3711,25,73,62,0.943909,False
2026-06-14T04:00:00,Tahrir Square,"30.0444,31.2357",30.0444,31.2357,53,68,12,0.977039,False
2026-06-14T04:15:00,Corniche El Nil,"30.0263,31.2268",30.0263,31.2268,50,80,61,0.865805,False
2026-06-14T04:30:00,Mosheer Tantawy Axis,"30.0242,31.3486",30.0242,31.3486,44,65,43,0.966745,False
2026-06-14T04:45:00,Rod El Farag Axis,"30.0881,31.2185",30.0881,31.2185,33,56,25,0.87964,False
2026-06-14T05:00:00,Ring Road - Marg,"30.1554,31.3323",30.1554,31.3323,62,62,64,0.859312,False
2026-06-14T05:15:00,Ring Road - Moneeb,"29.9881,31.2227",29.9881,31.2227,63,68,37,0.898839,False
2026-06-14T05:30:00,Gamaat El Dowal St,"30.0543,31.2005",30.0543,31.2005,60,77,19,0.905751,False
2026-06-14T05:45:00,Faisal Street,"30.0051,31.1574",30.0051,31.1574,31,78,16,0.886542,False
2026-06-14T06:00:00,North 90th Street,"30.0308,31.4721",30.0308,31.4721,27,67,18,0.910931,False
2026-06-14T06:15:00,South 90th Street,"30.0195,31.4326",30.0195,31.4326,56,57,10,0.960851,False
2026-06-14T06:30:00,Ring Road - Maadi,"29.9544,31.2858",29.9544,31.2858,42,69,41,0.901314,False
2026-06-14T06:45:00,October Bridge,"30.0526,31.2372",30.0526,31.2372,29,61,68,0.944702,False
2026-06-14T07:00:00,26th July Corridor,"30.0381,31.0264",30.0381,31.0264,19,64,53,0.992998,False
2026-06-14T07:15:00,Abbas El Akkad,"30.0631,31.3341",30.0631,31.3341,25,72,85,0.876872,False
2026-06-14T07:30:00,Galaa Square,"30.0398,31.2188",30.0398,31.2188,25,78,62,0.88058,False
2026-06-14T07:45:00,Salah Salem,"30.0645,31.282",30.0645,31.282,30,65,120,0.994899,False
2026-06-14T08:00:00,Autostrad - Sheraton,"30.1065,31.3711",30.1065,31.3711,33,64,110,0.870646,False
2026-06-14T08:15:00,Tahrir Square,"30.0444,31.2357",30.0444,31.2357,30,76,68,0.855514,False
2026-06-14T08:30:00,Corniche El Nil,"30.0263,31.2268",30.0263,31.2268,34,69,114,0.850823,False
2026-06-14T08:45:00,Mosheer Tantawy Axis,"30.0242,31.3486",30.0242,31.3486,28,60,81,0.909462,False
2026-06-14T09:00:00,Rod El Farag Axis,"30.0881,31.2185",30.0881,31.2185,15,75,45,0.892195,False
2026-06-14T09:15:00,Ring Road - Marg,"30.1554,31.3323",30.1554,31.3323,27,58,118,0.893414,False
2026-06-14T09:30:00,Ring Road - Moneeb,"29.9881,31.2227",29.9881,31.2227,17,78,43,0.933935,False
2026-06-14T09:45:00,Gamaat El Dowal St,"30.0543,31.2005",30.0543,31.2005,19,78,115,0.945045,False
2026-06-14T10:00:00,Faisal Street,"30.0051,31.1574",30.0051,31.1574,35,55,63,0.850616,False
2026-06-14T10:15:00,North 90th Street,"30.0308,31.4721",30.0308,31.4721,16,60,66,0.993838,False
2026-06-14T10:30:00,South 90th Street,"30.0195,31.4326",30.0195,31.4326,20,67,109,0.939478,False
2026-06-14T10:45:00,Ring Road - Maadi,"29.9544,31.2858",29.9544,31.2858,12,56,97,0.934959,False
2026-06-14T11:00:00,October Bridge,"30.0526,31.2372",30.0526,31.2372,47,68,31,0.950068,False
2026-06-14T11:15:00,26th July Corridor,"30.0381,31.0264",30.0381,31.0264,28,76,53,0.87513,False
2026-06-14T11:30:00,Abbas El Akkad,"30.0631,31.3341",30.0631,31.3341,31,61,17,0.997585,False
2026-06-14T11:45:00,Galaa Square,"30.0398,31.2188",30.0398,31.2188,60,80,74,0.9242,False
2026-06-14T12:00:00,Salah Salem,"30.0645,31.282",30.0645,31.282,65,65,21,0.959172,False
2026-06-14T12:15:00,Autostrad - Sheraton,"30.1065,31.3711",30.1065,31.3711,59,71,62,0.985233,False
2026-06-14T12:30:00,Tahrir Square,"30.0444,31.2357",30.0444,31.2357,60,65,49,0.88584,False
2026-06-14T12:45:00,Corniche El Nil,"30.0263,31.2268",30.0263,31.2268,62,72,59,0.925966,False
2026-06-14T13:00:00,Mosheer Tantawy Axis,"30.0242,31.3486",30.0242,31.3486,46,78,39,0.858978,False
2026-06-14T13:15:00,Rod El Farag Axis,"30.0881,31.2185",30.0881,31.2185,29,71,27,0.962839,False
2026-06-14T13:30:00,Ring Road - Marg,"30.1554,31.3323",30.1554,31.3323,55,57,71,0.948226,False
2026-06-14T13:45:00,Ring Road - Moneeb,"29.9881,31.2227",29.9881,31.2227,27,72,12,0.909919,False
2026-06-14T14:00:00,Gamaat El Dowal St,"30.0543,31.2005",30.0543,31.2005,54,55,15,0.936255,False
2026-06-14T14:15:00,Faisal Street,"30.0051,31.1574",30.0051,31.1574,39,72,17,0.978001,False
2026-06-14T14:30:00,North 90th Street,"30.0308,31.4721",30.0308,31.4721,36,62,22,0.934437,False
2026-06-14T14:45:00,South 90th Street,"30.0195,31.4326",30.0195,31.4326,52,56,72,0.966382,False
2026-06-14T15:00:00,Ring Road - Maadi,"29.9544,31.2858",29.9544,31.2858,42,68,38,0.932396,False
2026-06-14T15:15:00,October Bridge,"30.0526,31.2372",30.0526,31.2372,38,67,30,0.939512,False
2026-06-14T15:30:00,26th July Corridor,"30.0381,31.0264",30.0381,31.0264,26,78,74,0.906143,False
2026-06-14T15:45:00,Abbas El Akkad,"30.0631,31.3341",30.0631,31.3341,54,62,23,0.894939,False
2026-06-14T16:00:00,Galaa Square,"30.0398,31.2188",30.0398,31.2188,25,58,60,0.87268,False
2026-06-14T16:15:00,Salah Salem,"30.0645,31.282",30.0645,31.282,27,73,110,0.957563,False
2026-06-14T16:30:00,Autostrad - Sheraton,"30.1065,31.3711",30.1065,31.3711,16,56,111,0.972653,False
2026-06-14T16:45:00,Tahrir Square,"30.0444,31.2357",30.0444,31.2357,26,77,64,0.988561,False
2026-06-14T17:00:00,Corniche El Nil,"30.0263,31.2268",30.0263,31.2268,26,68,50,0.987871,False
2026-06-14T17:15:00,Mosheer Tantawy Axis,"30.0242,31.3486",30.0242,31.3486,29,59,78,0.880085,False
2026-06-14T17:30:00,Rod El Farag Axis,"30.0881,31.2185",30.0881,31.2185,19,80,63,0.963514,False
2026-06-14T17:45:00,Ring Road - Marg,"30.1554,31.3323",30.1554,31.3323,11,64,59,0.892777,False
2026-06-14T18:00:00,Ring Road - Moneeb,"29.9881,31.2227",29.9881,31.2227,12,59,116,0.922501,False
2026-06-14T18:15:00,Gamaat El Dowal St,"30.0543,31.2005",30.0543,31.2005,16,56,114,0.866841,False
2026-06-14T18:30:00,Faisal Street,"30.0051,31.1574",30.0051,31.1574,26,57,75,0.88269,False
2026-06-14T18:45:00,North 90th Street,"30.0308,31.4721",30.0308,31.4721,11,62,115,0.890728,False
2026-06-14T19:00:00,South 90th Street,"30.0195,31.4326",30.0195,31.4326,15,79,119,0.941156,False
2026-06-14T19:15:00,Ring Road - Maadi,"29.9544,31.2858",29.9544,31.2858,25,64,77,0.896461,False
2026-06-14T19:30:00,October Bridge,"30.0526,31.2372",30.0526,31.2372,16,69,101,0.888929,False
2026-06-14T19:45:00,26th July Corridor,"30.0381,31.0264",30.0381,31.0264,15,59,107,0.889617,False
2026-06-14T20:00:00,Abbas El Akkad,"30.0631,31.3341",30.0631,31.3341,16,66,64,0.957712,False
2026-06-14T20:15:00,Galaa Square,"30.0398,31.2188",30.0398,31.2188,30,64,110,0.895134,False
2026-06-14T20:30:00,Salah Salem,"30.0645,31.282",30.0645,31.282,11,79,69,0.905587,False
2026-06-14T20:45:00,Autostrad - Sheraton,"30.1065,31.3711",30.1065,31.3711,19,64,87,0.866255,False
2026-06-14T21:00:00,Tahrir Square,"30.0444,31.2357",30.0444,31.2357,58,59,54,0.883305,False
2026-06-14T21:15:00,Corniche El Nil,"30.0263,31.2268",30.0263,31.2268,65,79,41,0.941712,False
2026-06-14T21:30:00,Mosheer Tantawy Axis,"30.0242,31.3486",30.0242,31.3486,52,78,21,0.911082,False
2026-06-14T21:45:00,Rod El Farag Axis,"30.0881,31.2185",30.0881,31.2185,45,56,54,0.897201,False
2026-06-14T22:00:00,Ring Road - Marg,"30.1554,31.3323",30.1554,31.3323,65,65,42,0.943446,False
2026-06-14T22:15:00,Ring Road - Moneeb,"29.9881,31.2227",29.9881,31.2227,61,63,58,0.988788,False
2026-06-14T22:30:00,Gamaat El Dowal St,"30.0543,31.2005",30.0543,31.2005,54,55,36,0.888812,False
2026-06-14T22:45:00,Faisal Street,"30.0051,31.1574",30.0051,31.1574,55,80,71,0.857371,False
2026-06-14T23:00:00,North 90th Street,"30.0308,31.4721",30.0308,31.4721,60,60,26,0.945948,False
2026-06-14T23:15:00,South 90th Street,"30.0195,31.4326",30.0195,31.4326,48,69,10,0.926448,False
2026-06-14T23:30:00,Ring Road - Maadi,"29.9544,31.2858",29.9544,31.2858,33,76,35,0.869281,False
2026-06-14T23:45:00,October Bridge,"30.0526,31.2372",30.0526,31.2372,53,80,39,0.86437,False
2026-06-15T00:00:00,26th July Corridor,"30.0381,31.0264",30.0381,31.0264,52,69,79,0.919582,False
2026-06-15T00:15:00,Abbas El Akkad,"30.0631,31.3341",30.0631,31.3341,60,79,44,0.881012,False
2026-06-15T00:30:00,Galaa Square,"30.0398,31.2188",30.0398,31.2188,42,78,22,0.955968,False
2026-06-15T00:45:00,Salah Salem,"30.0645,31.282",30.0645,31.282,36,56,73,0.971707,False
2026-06-15T01:00:00,Autostrad - Sheraton,"30.1065,31.3711",30.1065,31.3711,49,60,25,0.98866,False
2026-06-15T01:15:00,Tahrir Square,"30.0444,31.2357",30.0444,31.2357,27,65,36,0.900533,False
2026-06-15T01:30:00,Corniche El Nil,"30.0263,31.2268",30.0263,31.2268,53,55,63,0.948086,False
2026-06-15T01:45:00,Mosheer Tantawy Axis,"30.0242,31.3486",30.0242,31.3486,27,66,52,0.898889,False
2026-06-15T02:00:00,Rod El Farag Axis,"30.0881,31.2185",30.0881,31.2185,40,61,66,0.933881,False
2026-06-15T02:15:00,Ring Road - Marg,"30.1554,31.3323",30.1554,31.3323,54,68,52,0.935208,False
2026-06-15T02:30:00,Ring Road - Moneeb,"29.9881,31.2227",29.9881,31.2227,41,80,38,0.900224,False
2026-06-15T02:45:00,Gamaat El Dowal St,"30.0543,31.2005",30.0543,31.2005,51,64,68,0.881387,False
2026-06-15T03:00:00,Faisal Street,"30.0051,31.1574",30.0051,31.1574,43,76,70,0.866769,False
2026-06-15T03:15:00,North 90th Street,"30.0308,31.4721",30.0308,31.4721,62,62,71,0.915258,False
2026-06-15T03:30:00,South 90th Street,"30.0195,31.4326",30.0195,31.4326,36,75,63,0.882042,False
2026-06-15T03:45:00,Ring Road - Maadi,"29.9544,31.2858",29.9544,31.2858,59,59,55,0.982059,False
2026-06-15T04:00:00,October Bridge,"30.0526,31.2372",30.0526,31.2372,59,72,43,0.854624,False
2026-06-15T04:15:00,26th July Corridor,"30.0381,31.0264",30.0381,31.0264,25,71,21,0.865951,False
2026-06-15T04:30:00,Abbas El Akkad,"30.0631,31.3341",30.0631,31.3341,27,78,75,0.894272,False
2026-06-15T04:45:00,Galaa Square,"30.0398,31.2188",30.0398,31.2188,55,76,16,0.983167,False
2026-06-15T05:00:00,Salah Salem,"30.0645,31.282",30.0645,31.282,40,60,57,0.966705,False
2026-06-15T05:15:00,Autostrad - Sheraton,"30.1065,31.3711",30.1065,31.3711,55,77,16,0.938795,False
2026-06-15T05:30:00,Tahrir Square,"30.0444,31.2357",30.0444,31.2357,27,64,48,0.930869,False
2026-06-15T05:45:00,Corniche El Nil,"30.0263,31.2268",30.0263,31.2268,25,57,25,0.929383,False
2026-06-15T06:00:00,Mosheer Tantawy Axis,"30.0242,31.3486",30.0242,31.3486,38,55,52,0.946809,False
2026-06-15T06:15:00,Rod El Farag Axis,"30.0881,31.2185",30.0881,31.2185,50,78,56,0.883919,False
2026-06-15T06:30:00,Ring Road - Marg,"30.1554,31.3323",30.1554,31.3323,37,71,53,0.952462,False
2026-06-15T06:45:00,Ring Road - Moneeb,"29.9881,31.2227",29.9881,31.2227,34,69,13,0.937324,False
2026-06-15T07:00:00,Gamaat El Dowal St,"30.0543,31.2005",30.0543,31.2005,11,70,81,0.92659,False
2026-06-15T07:15:00,Faisal Street,"30.0051,31.1574",30.0051,31.1574,35,80,94,0.904329,False
2026-06-15T07:30:00,North 90th Street,"30.0308,31.4721",30.0308,31.4721,11,62,54,0.910201,False
2026-06-15T07:45:00,South 90th Street,"30.0195,31.4326",30.0195,31.4326,13,60,107,0.93223,False
2026-06-15T08:00:00,Ring Road - Maadi,"29.9544,31.2858",29.9544,31.2858,11,60,93,0.886914,False
2026-06-15T08:15:00,October Bridge,"30.0526,31.2372",30.0526,31.2372,29,68,96,0.874999,False
2026-06-15T08:30:00,26th July Corridor,"30.0381,31.0264",30.0381,31.0264,25,75,52,0.930986,False
2026-06-15T08:45:00,Abbas El Akkad,"30.0631,31.3341",30.0631,31.3341,33,70,112,0.883752,False
2026-06-15T09:00:00,Galaa Square,"30.0398,31.2188",30.0398,31.2188,13,65,119,0.996746,False
2026-06-15T09:15:00,Salah Salem,"30.0645,31.282",30.0645,31.282,23,79,96,0.934569,False
2026-06-15T09:30:00,Autostrad - Sheraton,"30.1065,31.3711",30.1065,31.3711,32,65,75,0.993478,False
2026-06-15T09:45:00,Tahrir Square,"30.0444,31.2357",30.0444,31.2357,13,56,96,0.933595,False
2026-06-15T10:00:00,Corniche El Nil,"30.0263,31.2268",30.0263,31.2268,30,73,42,0.911881,False
2026-06-15T10:15:00,Mosheer Tantawy Axis,"30.0242,31.3486",30.0242,31.3486,22,80,96,0.942272,False
2026-06-15T10:30:00,Rod El Farag Axis,"30.0881,31.2185",30.0881,31.2185,16,64,53,0.867775,False
2026-06-15T10:45:00,Ring Road - Marg,"30.1554,31.3323",30.1554,31.3323,23,61,113,0.957736,False
2026-06-15T11:00:00,Ring Road - Moneeb,"29.9881,31.2227",29.9881,31.2227,59,70,51,0.884897,False
2026-06-15T11:15:00,Gamaat El Dowal St,"30.0543,31.2005",30.0543,31.2005,27,65,45,0.967261,False
2026-06-15T11:30:00,Faisal Street,"30.0051,31.1574",30.0051,31.1574,35,57,63,0.891852,False
2026-06-15T11:45:00,North 90th Street,"30.0308,31.4721",30.0308,31.4721,56,76,71,0.890852,False
2026-06-15T12:00:00,South 90th Street,"30.0195,31.4326",30.0195,31.4326,43,71,43,0.958949,False
2026-06-15T12:15:00,Ring Road - Maadi,"29.9544,31.2858",29.9544,31.2858,26,68,59,0.969054,False
2026-06-15T12:30:00,October Bridge,"30.0526,31.2372",30.0526,31.2372,50,67,37,0.854365,False
2026-06-15T12:45:00,26th July Corridor,"30.0381,31.0264",30.0381,31.0264,28,77,79,0.87808,False
2026-06-15T13:00:00,Abbas El Akkad,"30.0631,31.3341",30.0631,31.3341,30,57,74,0.888383,False
2026-06-15T13:15:00,Galaa Square,"30.0398,31.2188",30.0398,31.2188,31,67,69,0.94549,False
2026-06-15T13:30:00,Salah Salem,"30.0645,31.282",30.0645,31.282,42,64,80,0.89979,False
2026-06-15T13:45:00,Autostrad - Sheraton,"30.1065,31.3711",30.1065,31.3711,34,56,73,0.881522,False
2026-06-15T14:00:00,Tahrir Square,"30.0444,31.2357",30.0444,31.2357,49,65,32,0.920118,False
2026-06-15T14:15:00,Corniche El Nil,"30.0263,31.2268",30.0263,31.2268,54,73,63,0.963244,False
2026-06-15T14:30:00,Mosheer Tantawy Axis,"30.0242,31.3486",30.0242,31.3486,55,74,22,0.884326,False
2026-06-15T14:45:00,Rod El Farag Axis,"30.0881,31.2185",30.0881,31.2185,51,60,23,0.984833,False
2026-06-15T15:00:00,Ring Road - Marg,"30.1554,31.3323",30.1554,31.3323,61,78,13,0.930711,False
2026-06-15T15:15:00,Ring Road - Moneeb,"29.9881,31.2227",29.9881,31.2227,61,66,80,0.94048,False
2026-06-15T15:30:00,Gamaat El Dowal St,"30.0543,31.2005",30.0543,31.2005,41,58,13,0.964965,False
2026-06-15T15:45:00,Faisal Street,"30.0051,31.1574",30.0051,31.1574,25,61,41,0.872097,False
2026-06-15T16:00:00,North 90th Street,"30.0308,31.4721",30.0308,31.4721,18,58,47,0.928344,False
2026-06-15T16:15:00,South 90th Street,"30.0195,31.4326",30.0195,31.4326,25,68,58,0.978126,False
2026-06-15T16:30:00,Ring Road - Maadi,"29.9544,31.2858",29.9544,31.2858,13,75,56,0.866036,False
2026-06-15T16:45:00,October Bridge,"30.0526,31.2372",30.0526,31.2372,26,57,54,0.924196,False
2026-06-15T17:00:00,26th July Corridor,"30.0381,31.0264",30.0381,31.0264,13,79,61,0.856507,False
2026-06-15T17:15:00,Abbas El Akkad,"30.0631,31.3341",30.0631,31.3341,28,80,43,0.855568,False
2026-06-15T17:30:00,Galaa Square,"30.0398,31.2188",30.0398,31.2188,34,68,98,0.956574,False
2026-06-15T17:45:00,Salah Salem,"30.0645,31.282",30.0645,31.282,29,74,42,0.98293,False
2026-06-15T18:00:00,Autostrad - Sheraton,"30.1065,31.3711",30.1065,31.3711,13,60,62,0.932395,False
2026-06-15T18:15:00,Tahrir Square,"30.0444,31.2357",30.0444,31.2357,29,66,97,0.876864,False
2026-06-15T18:30:00,Corniche El Nil,"30.0263,31.2268",30.0263,31.2268,25,60,102,0.914759,False
2026-06-15T18:45:00,Mosheer Tantawy Axis,"30.0242,31.3486",30.0242,31.3486,31,69,117,0.893755,False
2026-06-15T19:00:00,Rod El Farag Axis,"30.0881,31.2185",30.0881,31.2185,30,66,86,0.937728,False
2026-06-15T19:15:00,Ring Road - Marg,"30.1554,31.3323",30.1554,31.3323,15,78,109,0.933577,False
2026-06-15T19:30:00,Ring Road - Moneeb,"29.9881,31.2227",29.9881,31.2227,10,77,116,0.927111,False
2026-06-15T19:45:00,Gamaat El Dowal St,"30.0543,31.2005",30.0543,31.2005,23,57,109,0.926907,False
2026-06-15T20:00:00,Faisal Street,"30.0051,31.1574",30.0051,31.1574,33,56,107,0.869774,False
2026-06-15T20:15:00,North 90th Street,"30.0308,31.4721",30.0308,31.4721,13,65,61,0.975196,False
2026-06-15T20:30:00,South 90th Street,"30.0195,31.4326",30.0195,31.4326,26,68,56,0.930174,False
2026-06-15T20:45:00,Ring Road - Maadi,"29.9544,31.2858",29.9544,31.2858,33,69,97,0.933978,False
2026-06-15T21:00:00,October Bridge,"30.0526,31.2372",30.0526,31.2372,35,57,64,0.943898,False
2026-06-15T21:15:00,26th July Corridor,"30.0381,31.0264",30.0381,31.0264,35,55,21,0.917711,False
2026-06-15T21:30:00,Abbas El Akkad,"30.0631,31.3341",30.0631,31.3341,43,63,29,0.850629,False
2026-06-15T21:45:00,Galaa Square,"30.0398,31.2188",30.0398,31.2188,62,79,78,0.983538,False
2026-06-15T22:00:00,Salah Salem,"30.0645,31.282",30.0645,31.282,29,64,37,0.948912,False
2026-06-15T22:15:00,Autostrad - Sheraton,"30.1065,31.3711",30.1065,31.3711,31,66,27,0.85174,False
2026-06-15T22:30:00,Tahrir Square,"30.0444,31.2357",30.0444,31.2357,56,67,51,0.975849,False
2026-06-15T22:45:00,Corniche El Nil,"30.0263,31.2268",30.0263,31.2268,47,56,26,0.913883,False
2026-06-15T23:00:00,Mosheer Tantawy Axis,"30.0242,31.3486",30.0242,31.3486,60,78,63,0.91181,False
2026-06-15T23:15:00,Rod El Farag Axis,"30.0881,31.2185",30.0881,31.2185,64,67,56,0.90495,False
2026-06-15T23:30:00,Ring Road - Marg,"30.1554,31.3323",30.1554,31.3323,27,70,69,0.935172,False
2026-06-15T23:45:00,Ring Road - Moneeb,"29.9881,31.2227",29.9881,31.2227,61,74,76,0.884776,False
2026-06-16T00:00:00,Gamaat El Dowal St,"30.0543,31.2005",30.0543,31.2005,47,73,46,0.952964,False
2026-06-16T00:15:00,Faisal Street,"30.0051,31.1574",30.0051,31.1574,30,67,19,0.859953,False
2026-06-16T00:30:00,North 90th Street,"30.0308,31.4721",30.0308,31.4721,62,62,71,0.969508,False
2026-06-16T00:45:00,South 90th Street,"30.0195,31.4326",30.0195,31.4326,50,65,51,0.972267,False
2026-06-16T01:00:00,Ring Road - Maadi,"29.9544,31.2858",29.9544,31.2858,45,67,21,0.949146,False
2026-06-16T01:15:00,October Bridge,"30.0526,31.2372",30.0526,31.2372,43,62,22,0.891433,False
2026-06-16T01:30:00,26th July Corridor,"30.0381,31.0264",30.0381,31.0264,59,59,48,0.925266,False
2026-06-16T01:45:00,Abbas El Akkad,"30.0631,31.3341",30.0631,31.3341,29,69,67,0.885383,False
2026-06-16T02:00:00,Galaa Square,"30.0398,31.2188",30.0398,31.2188,27,73,29,0.863708,False
2026-06-16T02:15:00,Salah Salem,"30.0645,31.282",30.0645,31.282,46,58,52,0.990844,False
2026-06-16T02:30:00,Autostrad - Sheraton,"30.1065,31.3711",30.1065,31.3711,48,56,21,0.995274,False
2026-06-16T02:45:00,Tahrir Square,"30.0444,31.2357",30.0444,31.2357,42,70,71,0.996977,False
2026-06-16T03:00:00,Corniche El Nil,"30.0263,31.2268",30.0263,31.2268,49,67,11,0.878105,False
2026-06-16T03:15:00,Mosheer Tantawy Axis,"30.0242,31.3486",30.0242,31.3486,38,62,80,0.992784,False
2026-06-16T03:30:00,Rod El Farag Axis,"30.0881,31.2185",30.0881,31.2185,37,78,37,0.850777,False
2026-06-16T03:45:00,Ring Road - Marg,"30.1554,31.3323",30.1554,31.3323,51,75,47,0.977709,False
2026-06-16T04:00:00,Ring Road - Moneeb,"29.9881,31.2227",29.9881,31.2227,65,65,58,0.983851,False
2026-06-16T04:15:00,Gamaat El Dowal St,"30.0543,31.2005",30.0543,31.2005,25,60,48,0.954726,False
2026-06-16T04:30:00,Faisal Street,"30.0051,31.1574",30.0051,31.1574,59,62,71,0.899413,False
2026-06-16T04:45:00,North 90th Street,"30.0308,31.4721",30.0308,31.4721,63,72,33,0.953535,False
2026-06-16T05:00:00,South 90th Street,"30.0195,31.4326",30.0195,31.4326,30,73,27,0.951431,False
2026-06-16T05:15:00,Ring Road - Maadi,"29.9544,31.2858",29.9544,31.2858,51,67,67,0.899134,False
2026-06-16T05:30:00,October Bridge,"30.0526,31.2372",30.0526,31.2372,30,69,42,0.916986,False
2026-06-16T05:45:00,26th July Corridor,"30.0381,31.0264",30.0381,31.0264,25,72,58,0.942845,False
2026-06-16T06:00:00,Abbas El Akkad,"30.0631,31.3341",30.0631,31.3341,55,69,34,0.968252,False
2026-06-16T06:15:00,Galaa Square,"30.0398,31.2188",30.0398,31.2188,48,60,18,0.854517,False
2026-06-16T06:30:00,Salah Salem,"30.0645,31.282",30.0645,31.282,64,64,41,0.851618,False
2026-06-16T06:45:00,Autostrad - Sheraton,"30.1065,31.3711",30.1065,31.3711,48,60,61,0.89975,False
2026-06-16T07:00:00,Tahrir Square,"30.0444,31.2357",30.0444,31.2357,10,66,54,0.850445,False
2026-06-16T07:15:00,Corniche El Nil,"30.0263,31.2268",30.0263,31.2268,10,73,56,0.992249,False
2026-06-16T07:30:00,Mosheer Tantawy Axis,"30.0242,31.3486",30.0242,31.3486,11,65,115,0.885499,False
2026-06-16T07:45:00,Rod El Farag Axis,"30.0881,31.2185",30.0881,31.2185,29,64,79,0.964665,False
2026-06-16T08:00:00,Ring Road - Marg,"30.1554,31.3323",30.1554,31.3323,14,61,58,0.96276,False
2026-06-16T08:15:00,Ring Road - Moneeb,"29.9881,31.2227",29.9881,31.2227,15,65,45,0.986803,False
2026-06-16T08:30:00,Gamaat El Dowal St,"30.0543,31.2005",30.0543,31.2005,28,55,100,0.911622,False
2026-06-16T08:45:00,Faisal Street,"30.0051,31.1574",30.0051,31.1574,11,74,118,0.981641,False
2026-06-16T09:00:00,North 90th Street,"30.0308,31.4721",30.0308,31.4721,16,76,89,0.94114,False
2026-06-16T09:15:00,South 90th Street,"30.0195,31.4326",30.0195,31.4326,22,58,66,0.974461,False
2026-06-16T09:30:00,Ring Road - Maadi,"29.9544,31.2858",29.9544,31.2858,27,76,62,0.907407,False
2026-06-16T09:45:00,October Bridge,"30.0526,31.2372",30.0526,31.2372,31,74,81,0.928415,False
2026-06-16T10:00:00,26th July Corridor,"30.0381,31.0264",30.0381,31.0264,10,69,41,0.932812,False
2026-06-16T10:15:00,Abbas El Akkad,"30.0631,31.3341",30.0631,31.3341,20,71,64,0.902834,False
2026-06-16T10:30:00,Galaa Square,"30.0398,31.2188",30.0398,31.2188,21,72,79,0.855562,False
2026-06-16T10:45:00,Salah Salem,"30.0645,31.282",30.0645,31.282,13,73,63,0.889128,False
2026-06-16T11:00:00,Autostrad - Sheraton,"30.1065,31.3711",30.1065,31.3711,45,61,55,0.943642,False
2026-06-16T11:15:00,Tahrir Square,"30.0444,31.2357",30.0444,31.2357,41,61,22,0.858842,False
2026-06-16T11:30:00,Corniche El Nil,"30.0263,31.2268",30.0263,31.2268,30,69,26,0.993366,False
2026-06-16T11:45:00,Mosheer Tantawy Axis,"30.0242,31.3486",30.0242,31.3486,28,69,48,0.889204,False
2026-06-16T12:00:00,Rod El Farag Axis,"30.0881,31.2185",30.0881,31.2185,26,72,52,0.879072,False
2026-06-16T12:15:00,Ring Road - Marg,"30.1554,31.3323",30.1554,31.3323,62,68,77,0.962618,False
2026-06-16T12:30:00,Ring Road - Moneeb,"29.9881,31.2227",29.9881,31.2227,62,68,27,0.925569,False
2026-06-16T12:45:00,Gamaat El Dowal St,"30.0543,31.2005",30.0543,31.2005,33,78,36,0.892506,False
2026-06-16T13:00:00,Faisal Street,"30.0051,31.1574",30.0051,31.1574,25,58,73,0.948329,False
2026-06-16T13:15:00,North 90th Street,"30.0308,31.4721",30.0308,31.4721,27,61,45,0.901896,False
2026-06-16T13:30:00,South 90th Street,"30.0195,31.4326",30.0195,31.4326,59,60,56,0.947924,False
2026-06-16T13:45:00,Ring Road - Maadi,"29.9544,31.2858",29.9544,31.2858,32,61,34,0.915356,False
2026-06-16T14:00:00,October Bridge,"30.0526,31.2372",30.0526,31.2372,55,65,35,0.902454,False
2026-06-16T14:15:00,26th July Corridor,"30.0381,31.0264",30.0381,31.0264,57,75,19,0.902062,False
2026-06-16T14:30:00,Abbas El Akkad,"30.0631,31.3341",30.0631,31.3341,65,73,32,0.951648,False
2026-06-16T14:45:00,Galaa Square,"30.0398,31.2188",30.0398,31.2188,39,68,26,0.884063,False
2026-06-16T15:00:00,Salah Salem,"30.0645,31.282",30.0645,31.282,48,69,21,0.972514,False
2026-06-16T15:15:00,Autostrad - Sheraton,"30.1065,31.3711",30.1065,31.3711,44,71,76,0.916329,False
2026-06-16T15:30:00,Tahrir Square,"30.0444,31.2357",30.0444,31.2357,38,64,66,0.998079,False
2026-06-16T15:45:00,Corniche El Nil,"30.0263,31.2268",30.0263,31.2268,26,78,78,0.951238,False
2026-06-16T16:00:00,Mosheer Tantawy Axis,"30.0242,31.3486",30.0242,31.3486,26,67,53,0.937509,False
2026-06-16T16:15:00,Rod El Farag Axis,"30.0881,31.2185",30.0881,31.2185,25,67,97,0.9571,False
2026-06-16T16:30:00,Ring Road - Marg,"30.1554,31.3323",30.1554,31.3323,11,59,72,0.930312,False
2026-06-16T16:45:00,Ring Road - Moneeb,"29.9881,31.2227",29.9881,31.2227,32,63,109,0.992107,False
2026-06-16T17:00:00,Gamaat El Dowal St,"30.0543,31.2005",30.0543,31.2005,20,72,101,0.919404,False
2026-06-16T17:15:00,Faisal Street,"30.0051,31.1574",30.0051,31.1574,21,61,68,0.877138,False
2026-06-16T17:30:00,North 90th Street,"30.0308,31.4721",30.0308,31.4721,18,74,85,0.92973,False
2026-06-16T17:45:00,South 90th Street,"30.0195,31.4326",30.0195,31.4326,32,79,61,0.874868,False
2026-06-16T18:00:00,Ring Road - Maadi,"29.9544,31.2858",29.9544,31.2858,11,76,56,0.987013,False
2026-06-16T18:15:00,October Bridge,"30.0526,31.2372",30.0526,31.2372,34,58,108,0.914537,False
2026-06-16T18:30:00,26th July Corridor,"30.0381,31.0264",30.0381,31.0264,22,58,98,0.911903,False
2026-06-16T18:45:00,Abbas El Akkad,"30.0631,31.3341",30.0631,31.3341,34,62,46,0.913159,False
2026-06-16T19:00:00,Galaa Square,"30.0398,31.2188",30.0398,31.2188,15,73,46,0.982059,False
2026-06-16T19:15:00,Salah Salem,"30.0645,31.282",30.0645,31.282,33,65,87,0.872282,False
2026-06-16T19:30:00,Autostrad - Sheraton,"30.1065,31.3711",30.1065,31.3711,27,79,68,0.933923,False
2026-06-16T19:45:00,Tahrir Square,"30.0444,31.2357",30.0444,31.2357,25,68,92,0.885555,False
2026-06-16T20:00:00,Corniche El Nil,"30.0263,31.2268",30.0263,31.2268,35,58,89,0.853092,False
2026-06-16T20:15:00,Mosheer Tantawy Axis,"30.0242,31.3486",30.0242,31.3486,12,72,62,0.948284,False
2026-06-16T20:30:00,Rod El Farag Axis,"30.0881,31.2185",30.0881,31.2185,26,72,45,0.855311,False
2026-06-16T20:45:00,Ring Road - Marg,"30.1554,31.3323",30.1554,31.3323,22,76,73,0.953466,False
2026-06-16T21:00:00,Ring Road - Moneeb,"29.9881,31.2227",29.9881,31.2227,50,73,62,0.939258,False
2026-06-16T21:15:00,Gamaat El Dowal St,"30.0543,31.2005",30.0543,31.2005,42,78,76,0.892823,False
2026-06-16T21:30:00,Faisal Street,"30.0051,31.1574",30.0051,31.1574,36,70,37,0.875693,False
2026-06-16T21:45:00,North 90th Street,"30.0308,31.4721",30.0308,31.4721,56,66,57,0.855162,False
2026-06-16T22:00:00,South 90th Street,"30.0195,31.4326",30.0195,31.4326,55,73,10,0.938338,False
2026-06-16T22:15:00,Ring Road - Maadi,"29.9544,31.2858",29.9544,31.2858,60,68,65,0.933115,False
2026-06-16T22:30:00,October Bridge,"30.0526,31.2372",30.0526,31.2372,28,77,39,0.892133,False
2026-06-16T22:45:00,26th July Corridor,"30.0381,31.0264",30.0381,31.0264,57,62,78,0.901691,False
2026-06-16T23:00:00,Abbas El Akkad,"30.0631,31.3341",30.0631,31.3341,40,78,37,0.858795,False
2026-06-16T23:15:00,Galaa Square,"30.0398,31.2188",30.0398,31.2188,56,73,59,0.875447,False
2026-06-16T23:30:00,Salah Salem,"30.0645,31.282",30.0645,31.282,52,77,59,0.976956,False
2026-06-16T23:45:00,Autostrad - Sheraton,"30.1065,31.3711",30.1065,31.3711,28,79,56,0.967019,False
2026-06-17T00:00:00,Tahrir Square,"30.0444,31.2357",30.0444,31.2357,59,60,74,0.899366,False
2026-06-17T00:15:00,Corniche El Nil,"30.0263,31.2268",30.0263,31.2268,55,59,25,0.974301,False
2026-06-17T00:30:00,Mosheer Tantawy Axis,"30.0242,31.3486",30.0242,31.3486,40,59,59,0.910236,False
2026-06-17T00:45:00,Rod El Farag Axis,"30.0881,31.2185",30.0881,31.2185,28,74,48,0.881562,False
2026-06-17T01:00:00,Ring Road - Marg,"30.1554,31.3323",30.1554,31.3323,61,71,43,0.930946,False
2026-06-17T01:15:00,Ring Road - Moneeb,"29.9881,31.2227",29.9881,31.2227,58,73,61,0.935732,False
2026-06-17T01:30:00,Gamaat El Dowal St,"30.0543,31.2005",30.0543,31.2005,42,67,73,0.90104,False
2026-06-17T01:45:00,Faisal Street,"30.0051,31.1574",30.0051,31.1574,31,71,79,0.917746,False
2026-06-17T02:00:00,North 90th Street,"30.0308,31.4721",30.0308,31.4721,45,78,35,0.873161,False
2026-06-17T02:15:00,South 90th Street,"30.0195,31.4326",30.0195,31.4326,48,57,67,0.932058,False
2026-06-17T02:30:00,Ring Road - Maadi,"29.9544,31.2858",29.9544,31.2858,30,71,24,0.882384,False
2026-06-17T02:45:00,October Bridge,"30.0526,31.2372",30.0526,31.2372,55,55,21,0.911786,False
2026-06-17T03:00:00,26th July Corridor,"30.0381,31.0264",30.0381,31.0264,41,72,25,0.943713,False
2026-06-17T03:15:00,Abbas El Akkad,"30.0631,31.3341",30.0631,31.3341,60,72,69,0.851318,False
2026-06-17T03:30:00,Galaa Square,"30.0398,31.2188",30.0398,31.2188,40,77,79,0.851096,False
2026-06-17T03:45:00,Salah Salem,"30.0645,31.282",30.0645,31.282,25,63,52,0.992202,False
2026-06-17T04:00:00,Autostrad - Sheraton,"30.1065,31.3711",30.1065,31.3711,38,63,52,0.871435,False
2026-06-17T04:15:00,Tahrir Square,"30.0444,31.2357",30.0444,31.2357,56,73,65,0.966706,False
2026-06-17T04:30:00,Corniche El Nil,"30.0263,31.2268",30.0263,31.2268,44,78,62,0.912484,False
2026-06-17T04:45:00,Mosheer Tantawy Axis,"30.0242,31.3486",30.0242,31.3486,36,67,56,0.885462,False
2026-06-17T05:00:00,Rod El Farag Axis,"30.0881,31.2185",30.0881,31.2185,35,79,25,0.91924,False
2026-06-17T05:15:00,Ring Road - Marg,"30.1554,31.3323",30.1554,31.3323,48,64,64,0.909118,False
2026-06-17T05:30:00,Ring Road - Moneeb,"29.9881,31.2227",29.9881,31.2227,65,65,41,0.9106,False
2026-06-17T05:45:00,Gamaat El Dowal St,"30.0543,31.2005",30.0543,31.2005,35,67,74,0.977797,False
2026-06-17T06:00:00,Faisal Street,"30.0051,31.1574",30.0051,31.1574,27,55,37,0.900943,False
2026-06-17T06:15:00,North 90th Street,"30.0308,31.4721",30.0308,31.4721,64,68,49,0.950582,False
2026-06-17T06:30:00,South 90th Street,"30.0195,31.4326",30.0195,31.4326,49,67,53,0.934198,False
2026-06-17T06:45:00,Ring Road - Maadi,"29.9544,31.2858",29.9544,31.2858,28,55,52,0.910149,False
2026-06-17T07:00:00,October Bridge,"30.0526,31.2372",30.0526,31.2372,20,71,88,0.9269,False
2026-06-17T07:15:00,26th July Corridor,"30.0381,31.0264",30.0381,31.0264,17,55,86,0.951981,False
2026-06-17T07:30:00,Abbas El Akkad,"30.0631,31.3341",30.0631,31.3341,32,59,76,0.914585,False
2026-06-17T07:45:00,Galaa Square,"30.0398,31.2188",30.0398,31.2188,30,76,120,0.91712,False
2026-06-17T08:00:00,Salah Salem,"30.0645,31.282",30.0645,31.282,28,74,120,0.884585,False
2026-06-17T08:15:00,Autostrad - Sheraton,"30.1065,31.3711",30.1065,31.3711,14,74,63,0.974569,False
2026-06-17T08:30:00,Tahrir Square,"30.0444,31.2357",30.0444,31.2357,21,59,83,0.956808,False
2026-06-17T08:45:00,Corniche El Nil,"30.0263,31.2268",30.0263,31.2268,15,73,92,0.851849,False
2026-06-17T09:00:00,Mosheer Tantawy Axis,"30.0242,31.3486",30.0242,31.3486,22,73,57,0.92753,False
2026-06-17T09:15:00,Rod El Farag Axis,"30.0881,31.2185",30.0881,31.2185,24,62,91,0.955439,False
2026-06-17T09:30:00,Ring Road - Marg,"30.1554,31.3323",30.1554,31.3323,15,73,86,0.923418,False
2026-06-17T09:45:00,Ring Road - Moneeb,"29.9881,31.2227",29.9881,31.2227,21,58,42,0.925046,False
2026-06-17T10:00:00,Gamaat El Dowal St,"30.0543,31.2005",30.0543,31.2005,29,57,76,0.851972,False
2026-06-17T10:15:00,Faisal Street,"30.0051,31.1574",30.0051,31.1574,33,55,73,0.944726,False
2026-06-17T10:30:00,North 90th Street,"30.0308,31.4721",30.0308,31.4721,32,60,108,0.913797,False
2026-06-17T10:45:00,South 90th Street,"30.0195,31.4326",30.0195,31.4326,30,72,119,0.943232,False
2026-06-17T11:00:00,Ring Road - Maadi,"29.9544,31.2858",29.9544,31.2858,58,77,42,0.995663,False
2026-06-17T11:15:00,October Bridge,"30.0526,31.2372",30.0526,31.2372,46,77,63,0.947154,False
2026-06-17T11:30:00,26th July Corridor,"30.0381,31.0264",30.0381,31.0264,37,56,43,0.916472,False
2026-06-17T11:45:00,Abbas El Akkad,"30.0631,31.3341",30.0631,31.3341,59,79,69,0.945037,False
2026-06-17T12:00:00,Galaa Square,"30.0398,31.2188",30.0398,31.2188,51,74,69,0.908238,False
2026-06-17T12:15:00,Salah Salem,"30.0645,31.282",30.0645,31.282,28,77,31,0.978364,False
2026-06-17T12:30:00,Autostrad - Sheraton,"30.1065,31.3711",30.1065,31.3711,35,71,79,0.941129,False
2026-06-17T12:45:00,Tahrir Square,"30.0444,31.2357",30.0444,31.2357,47,60,57,0.902189,False
2026-06-17T13:00:00,Corniche El Nil,"30.0263,31.2268",30.0263,31.2268,47,65,10,0.96248,False
2026-06-17T13:15:00,Mosheer Tantawy Axis,"30.0242,31.3486",30.0242,31.3486,43,64,10,0.905484,False
2026-06-17T13:30:00,Rod El Farag Axis,"30.0881,31.2185",30.0881,31.2185,58,58,79,0.855175,False
2026-06-17T13:45:00,Ring Road - Marg,"30.1554,31.3323",30.1554,31.3323,55,75,65,0.941657,False
2026-06-17T14:00:00,Ring Road - Moneeb,"29.9881,31.2227",29.9881,31.2227,63,63,35,0.975959,False
2026-06-17T14:15:00,Gamaat El Dowal St,"30.0543,31.2005",30.0543,31.2005,26,76,54,0.965575,False
2026-06-17T14:30:00,Faisal Street,"30.0051,31.1574",30.0051,31.1574,32,71,60,0.937206,False
2026-06-17T14:45:00,North 90th Street,"30.0308,31.4721",30.0308,31.4721,27,70,39,0.850143,False
2026-06-17T15:00:00,South 90th Street,"30.0195,31.4326",30.0195,31.4326,39,74,38,0.866875,False
2026-06-17T15:15:00,Ring Road - Maadi,"29.9544,31.2858",29.9544,31.2858,38,71,42,0.964532,False
2026-06-17T15:30:00,October Bridge,"30.0526,31.2372",30.0526,31.2372,26,76,28,0.874302,False
2026-06-17T15:45:00,26th July Corridor,"30.0381,31.0264",30.0381,31.0264,31,67,62,0.935445,False
2026-06-17T16:00:00,Abbas El Akkad,"30.0631,31.3341",30.0631,31.3341,14,79,109,0.960217,False
2026-06-17T16:15:00,Galaa Square,"30.0398,31.2188",30.0398,31.2188,10,70,48,0.903548,False
2026-06-17T16:30:00,Salah Salem,"30.0645,31.282",30.0645,31.282,10,76,63,0.994042,False
2026-06-17T16:45:00,Autostrad - Sheraton,"30.1065,31.3711",30.1065,31.3711,33,70,47,0.990105,False
2026-06-17T17:00:00,Tahrir Square,"30.0444,31.2357",30.0444,31.2357,26,78,87,0.932827,False
2026-06-17T17:15:00,Corniche El Nil,"30.0263,31.2268",30.0263,31.2268,29,77,76,0.884329,False
2026-06-17T17:30:00,Mosheer Tantawy Axis,"30.0242,31.3486",30.0242,31.3486,23,56,111,0.911595,False
2026-06-17T17:45:00,Rod El Farag Axis,"30.0881,31.2185",30.0881,31.2185,11,79,48,0.890223,False
2026-06-17T18:00:00,Ring Road - Marg,"30.1554,31.3323",30.1554,31.3323,34,62,88,0.895807,False
2026-06-17T18:15:00,Ring Road - Moneeb,"29.9881,31.2227",29.9881,31.2227,24,72,47,0.852856,False
2026-06-17T18:30:00,Gamaat El Dowal St,"30.0543,31.2005",30.0543,31.2005,30,74,66,0.912434,False
2026-06-17T18:45:00,Faisal Street,"30.0051,31.1574",30.0051,31.1574,12,78,106,0.858809,False
2026-06-17T19:00:00,North 90th Street,"30.0308,31.4721",30.0308,31.4721,24,75,80,0.97351,False
2026-06-17T19:15:00,South 90th Street,"30.0195,31.4326",30.0195,31.4326,22,57,114,0.925681,False
2026-06-17T19:30:00,Ring Road - Maadi,"29.9544,31.2858",29.9544,31.2858,27,79,117,0.998611,False
2026-06-17T19:45:00,October Bridge,"30.0526,31.2372",30.0526,31.2372,12,59,114,0.996878,False
2026-06-17T20:00:00,26th July Corridor,"30.0381,31.0264",30.0381,31.0264,15,74,84,0.878045,False
2026-06-17T20:15:00,Abbas El Akkad,"30.0631,31.3341",30.0631,31.3341,28,69,101,0.961329,False
2026-06-17T20:30:00,Galaa Square,"30.0398,31.2188",30.0398,31.2188,22,65,63,0.925007,False
2026-06-17T20:45:00,Salah Salem,"30.0645,31.282",30.0645,31.282,15,70,42,0.884106,False
2026-06-17T21:00:00,Autostrad - Sheraton,"30.1065,31.3711",30.1065,31.3711,46,68,24,0.91746,False
2026-06-17T21:15:00,Tahrir Square,"30.0444,31.2357",30.0444,31.2357,58,61,11,0.948004,False
2026-06-17T21:30:00,Corniche El Nil,"30.0263,31.2268",30.0263,31.2268,33,69,67,0.996058,False
2026-06-17T21:45:00,Mosheer Tantawy Axis,"30.0242,31.3486",30.0242,31.3486,42,73,30,0.904266,False
2026-06-17T22:00:00,Rod El Farag Axis,"30.0881,31.2185",30.0881,31.2185,29,76,44,0.900542,False
2026-06-17T22:15:00,Ring Road - Marg,"30.1554,31.3323",30.1554,31.3323,58,76,28,0.945768,False
2026-06-17T22:30:00,Ring Road - Moneeb,"29.9881,31.2227",29.9881,31.2227,53,69,62,0.97256,False
2026-06-17T22:45:00,Gamaat El Dowal St,"30.0543,31.2005",30.0543,31.2005,27,57,12,0.850693,False
2026-06-17T23:00:00,Faisal Street,"30.0051,31.1574",30.0051,31.1574,48,73,55,0.878837,False
2026-06-17T23:15:00,North 90th Street,"30.0308,31.4721",30.0308,31.4721,46,77,38,0.900717,False
2026-06-17T23:30:00,South 90th Street,"30.0195,31.4326",30.0195,31.4326,38,79,54,0.991233,False
2026-06-17T23:45:00,Ring Road - Maadi,"29.9544,31.2858",29.9544,31.2858,53,55,16,0.852697,False
2026-06-18T00:00:00,October Bridge,"30.0526,31.2372",30.0526,31.2372,58,61,51,0.94712,False
2026-06-18T00:15:00,26th July Corridor,"30.0381,31.0264",30.0381,31.0264,38,62,31,0.940519,False
2026-06-18T00:30:00,Abbas El Akkad,"30.0631,31.3341",30.0631,31.3341,65,68,14,0.901961,False
2026-06-18T00:45:00,Galaa Square,"30.0398,31.2188",30.0398,31.2188,27,73,71,0.884966,False
2026-06-18T01:00:00,Salah Salem,"30.0645,31.282",30.0645,31.282,52,69,17,0.850626,False
2026-06-18T01:15:00,Autostrad - Sheraton,"30.1065,31.3711",30.1065,31.3711,61,62,62,0.86788,False
2026-06-18T01:30:00,Tahrir Square,"30.0444,31.2357",30.0444,31.2357,39,69,42,0.911406,False
2026-06-18T01:45:00,Corniche El Nil,"30.0263,31.2268",30.0263,31.2268,30,72,59,0.91721,False
2026-06-18T02:00:00,Mosheer Tantawy Axis,"30.0242,31.3486",30.0242,31.3486,61,62,30,0.863892,False
2026-06-18T02:15:00,Rod El Farag Axis,"30.0881,31.2185",30.0881,31.2185,31,75,46,0.952811,False
2026-06-18T02:30:00,Ring Road - Marg,"30.1554,31.3323",30.1554,31.3323,38,71,26,0.987277,False
2026-06-18T02:45:00,Ring Road - Moneeb,"29.9881,31.2227",29.9881,31.2227,40,73,51,0.981739,False
2026-06-18T03:00:00,Gamaat El Dowal St,"30.0543,31.2005",30.0543,31.2005,55,74,61,0.996757,False
2026-06-18T03:15:00,Faisal Street,"30.0051,31.1574",30.0051,31.1574,40,59,27,0.88313,False
2026-06-18T03:30:00,North 90th Street,"30.0308,31.4721",30.0308,31.4721,27,79,21,0.932646,False
2026-06-18T03:45:00,South 90th Street,"30.0195,31.4326",30.0195,31.4326,34,57,31,0.866618,False
2026-06-18T04:00:00,Ring Road - Maadi,"29.9544,31.2858",29.9544,31.2858,63,74,55,0.854557,False
2026-06-18T04:15:00,October Bridge,"30.0526,31.2372",30.0526,31.2372,51,77,37,0.91604,False
2026-06-18T04:30:00,26th July Corridor,"30.0381,31.0264",30.0381,31.0264,65,65,52,0.964707,False
2026-06-18T04:45:00,Abbas El Akkad,"30.0631,31.3341",30.0631,31.3341,27,64,19,0.938886,False
2026-06-18T05:00:00,Galaa Square,"30.0398,31.2188",30.0398,31.2188,40,65,59,0.905829,False
2026-06-18T05:15:00,Salah Salem,"30.0645,31.282",30.0645,31.282,50,80,50,0.975965,False
2026-06-18T05:30:00,Autostrad - Sheraton,"30.1065,31.3711",30.1065,31.3711,60,75,78,0.950275,False
2026-06-18T05:45:00,Tahrir Square,"30.0444,31.2357",30.0444,31.2357,56,71,76,0.981513,False
2026-06-18T06:00:00,Corniche El Nil,"30.0263,31.2268",30.0263,31.2268,64,64,66,0.981514,False
2026-06-18T06:15:00,Mosheer Tantawy Axis,"30.0242,31.3486",30.0242,31.3486,62,64,55,0.997584,False
2026-06-18T06:30:00,Rod El Farag Axis,"30.0881,31.2185",30.0881,31.2185,59,71,77,0.877494,False
2026-06-18T06:45:00,Ring Road - Marg,"30.1554,31.3323",30.1554,31.3323,45,67,54,0.99884,False
2026-06-18T07:00:00,Ring Road - Moneeb,"29.9881,31.2227",29.9881,31.2227,22,58,63,0.970494,False
2026-06-18T07:15:00,Gamaat El Dowal St,"30.0543,31.2005",30.0543,31.2005,26,73,90,0.961797,False
2026-06-18T07:30:00,Faisal Street,"30.0051,31.1574",30.0051,31.1574,31,71,115,0.866686,False
2026-06-18T07:45:00,North 90th Street,"30.0308,31.4721",30.0308,31.4721,27,69,76,0.992571,False
2026-06-18T08:00:00,South 90th Street,"30.0195,31.4326",30.0195,31.4326,27,67,96,0.998876,False
2026-06-18T08:15:00,Ring Road - Maadi,"29.9544,31.2858",29.9544,31.2858,20,80,79,0.906431,False
2026-06-18T08:30:00,October Bridge,"30.0526,31.2372",30.0526,31.2372,17,79,51,0.970127,False
2026-06-18T08:45:00,26th July Corridor,"30.0381,31.0264",30.0381,31.0264,23,67,89,0.908255,False
2026-06-18T09:00:00,Abbas El Akkad,"30.0631,31.3341",30.0631,31.3341,12,64,98,0.864585,False
2026-06-18T09:15:00,Galaa Square,"30.0398,31.2188",30.0398,31.2188,27,71,88,0.963081,False
2026-06-18T09:30:00,Salah Salem,"30.0645,31.282",30.0645,31.282,19,75,113,0.964781,False
2026-06-18T09:45:00,Autostrad - Sheraton,"30.1065,31.3711",30.1065,31.3711,21,70,106,0.964014,False
2026-06-18T10:00:00,Tahrir Square,"30.0444,31.2357",30.0444,31.2357,19,70,76,0.995255,False
2026-06-18T10:15:00,Corniche El Nil,"30.0263,31.2268",30.0263,31.2268,14,70,79,0.950314,False
2026-06-18T10:30:00,Mosheer Tantawy Axis,"30.0242,31.3486",30.0242,31.3486,23,78,100,0.963879,False
2026-06-18T10:45:00,Rod El Farag Axis,"30.0881,31.2185",30.0881,31.2185,14,68,55,0.963677,False
2026-06-18T11:00:00,Ring Road - Marg,"30.1554,31.3323",30.1554,31.3323,39,60,35,0.898756,False
2026-06-18T11:15:00,Ring Road - Moneeb,"29.9881,31.2227",29.9881,31.2227,63,79,57,0.927384,False
2026-06-18T11:30:00,Gamaat El Dowal St,"30.0543,31.2005",30.0543,31.2005,46,70,12,0.993022,False
2026-06-18T11:45:00,Faisal Street,"30.0051,31.1574",30.0051,31.1574,60,62,76,0.952699,False
2026-06-18T12:00:00,North 90th Street,"30.0308,31.4721",30.0308,31.4721,34,72,69,0.898582,False
2026-06-18T12:15:00,South 90th Street,"30.0195,31.4326",30.0195,31.4326,56,57,50,0.98488,False
2026-06-18T12:30:00,Ring Road - Maadi,"29.9544,31.2858",29.9544,31.2858,57,68,30,0.879559,False
2026-06-18T12:45:00,October Bridge,"30.0526,31.2372",30.0526,31.2372,57,67,49,0.871925,False
2026-06-18T13:00:00,26th July Corridor,"30.0381,31.0264",30.0381,31.0264,30,65,45,0.976376,False
2026-06-18T13:15:00,Abbas El Akkad,"30.0631,31.3341",30.0631,31.3341,60,62,21,0.887215,False
2026-06-18T13:30:00,Galaa Square,"30.0398,31.2188",30.0398,31.2188,56,78,39,0.894998,False
2026-06-18T13:45:00,Salah Salem,"30.0645,31.282",30.0645,31.282,50,66,55,0.885946,False
2026-06-18T14:00:00,Autostrad - Sheraton,"30.1065,31.3711",30.1065,31.3711,61,73,37,0.877637,False
2026-06-18T14:15:00,Tahrir Square,"30.0444,31.2357",30.0444,31.2357,60,77,70,0.974263,False
2026-06-18T14:30:00,Corniche El Nil,"30.0263,31.2268",30.0263,31.2268,44,68,70,0.92506,False
2026-06-18T14:45:00,Mosheer Tantawy Axis,"30.0242,31.3486",30.0242,31.3486,38,61,43,0.94898,False
2026-06-18T15:00:00,Rod El Farag Axis,"30.0881,31.2185",30.0881,31.2185,41,61,53,0.908586,False
2026-06-18T15:15:00,Ring Road - Marg,"30.1554,31.3323",30.1554,31.3323,57,69,37,0.852779,False
2026-06-18T15:30:00,Ring Road - Moneeb,"29.9881,31.2227",29.9881,31.2227,30,72,69,0.87667,False
2026-06-18T15:45:00,Gamaat El Dowal St,"30.0543,31.2005",30.0543,31.2005,54,77,29,0.973081,False
2026-06-18T16:00:00,Faisal Street,"30.0051,31.1574",30.0051,31.1574,26,62,84,0.930068,False
2026-06-18T16:15:00,North 90th Street,"30.0308,31.4721",30.0308,31.4721,28,62,111,0.888001,False
2026-06-18T16:30:00,South 90th Street,"30.0195,31.4326",30.0195,31.4326,16,73,88,0.943909,False
2026-06-18T16:45:00,Ring Road - Maadi,"29.9544,31.2858",29.9544,31.2858,17,77,76,0.960687,False
2026-06-18T17:00:00,October Bridge,"30.0526,31.2372",30.0526,31.2372,11,66,63,0.912633,False
2026-06-18T17:15:00,26th July Corridor,"30.0381,31.0264",30.0381,31.0264,23,68,55,0.907277,False
2026-06-18T17:30:00,Abbas El Akkad,"30.0631,31.3341",30.0631,31.3341,19,69,104,0.961007,False
2026-06-18T17:45:00,Galaa Square,"30.0398,31.2188",30.0398,31.2188,22,79,47,0.969701,False
2026-06-18T18:00:00,Salah Salem,"30.0645,31.282",30.0645,31.282,30,77,110,0.87478,False
2026-06-18T18:15:00,Autostrad - Sheraton,"30.1065,31.3711",30.1065,31.3711,32,66,98,0.931345,False
2026-06-18T18:30:00,Tahrir Square,"30.0444,31.2357",30.0444,31.2357,31,55,88,0.98133,False
2026-06-18T18:45:00,Corniche El Nil,"30.0263,31.2268",30.0263,31.2268,25,80,95,0.874421,False
2026-06-18T19:00:00,Mosheer Tantawy Axis,"30.0242,31.3486",30.0242,31.3486,30,71,97,0.965589,False
2026-06-18T19:15:00,Rod El Farag Axis,"30.0881,31.2185",30.0881,31.2185,15,77,60,0.928268,False
2026-06-18T19:30:00,Ring Road - Marg,"30.1554,31.3323",30.1554,31.3323,31,59,106,0.884126,False
2026-06-18T19:45:00,Ring Road - Moneeb,"29.9881,31.2227",29.9881,31.2227,17,70,79,0.895036,False
2026-06-18T20:00:00,Gamaat El Dowal St,"30.0543,31.2005",30.0543,31.2005,35,80,79,0.936093,False
2026-06-18T20:15:00,Faisal Street,"30.0051,31.1574",30.0051,31.1574,12,58,75,0.862014,False
2026-06-18T20:30:00,North 90th Street,"30.0308,31.4721",30.0308,31.4721,24,73,69,0.892264,False
2026-06-18T20:45:00,South 90th Street,"30.0195,31.4326",30.0195,31.4326,27,68,99,0.935574,False
2026-06-18T21:00:00,Ring Road - Maadi,"29.9544,31.2858",29.9544,31.2858,61,70,17,0.917941,False
2026-06-18T21:15:00,October Bridge,"30.0526,31.2372",30.0526,31.2372,65,68,21,0.926866,False
2026-06-18T21:30:00,26th July Corridor,"30.0381,31.0264",30.0381,31.0264,47,60,30,0.895557,False
2026-06-18T21:45:00,Abbas El Akkad,"30.0631,31.3341",30.0631,31.3341,58,70,25,0.863957,False
2026-06-18T22:00:00,Galaa Square,"30.0398,31.2188",30.0398,31.2188,38,69,70,0.898827,False
2026-06-18T22:15:00,Salah Salem,"30.0645,31.282",30.0645,31.282,29,62,49,0.992555,False
2026-06-18T22:30:00,Autostrad - Sheraton,"30.1065,31.3711",30.1065,31.3711,36,71,26,0.855059,False
2026-06-18T22:45:00,Tahrir Square,"30.0444,31.2357",30.0444,31.2357,30,66,42,0.935439,False
2026-06-18T23:00:00,Corniche El Nil,"30.0263,31.2268",30.0263,31.2268,58,70,47,0.968187,False
2026-06-18T23:15:00,Mosheer Tantawy Axis,"30.0242,31.3486",30.0242,31.3486,43,65,58,0.902732,False
2026-06-18T23:30:00,Rod El Farag Axis,"30.0881,31.2185",30.0881,31.2185,36,69,34,0.990717,False
2026-06-18T23:45:00,Ring Road - Marg,"30.1554,31.3323",30.1554,31.3323,46,75,38,0.954178,False
2026-06-19T00:00:00,Ring Road - Moneeb,"29.9881,31.2227",29.9881,31.2227,65,65,12,0.900938,False
2026-06-19T00:15:00,Gamaat El Dowal St,"30.0543,31.2005",30.0543,31.2005,39,63,29,0.981001,False
2026-06-19T00:30:00,Faisal Street,"30.0051,31.1574",30.0051,31.1574,74,74,48,0.931202,False
2026-06-19T00:45:00,North 90th Street,"30.0308,31.4721",30.0308,31.4721,71,79,33,0.911465,False
2026-06-19T01:00:00,South 90th Street,"30.0195,31.4326",30.0195,31.4326,57,78,7,0.950299,False
2026-06-19T01:15:00,Ring Road - Maadi,"29.9544,31.2858",29.9544,31.2858,41,59,35,0.851448,False
2026-06-19T01:30:00,October Bridge,"30.0526,31.2372",30.0526,31.2372,42,55,10,0.906858,False
2026-06-19T01:45:00,26th July Corridor,"30.0381,31.0264",30.0381,31.0264,66,66,26,0.999208,False
2026-06-19T02:00:00,Abbas El Akkad,"30.0631,31.3341",30.0631,31.3341,58,61,33,0.879405,False
2026-06-19T02:15:00,Galaa Square,"30.0398,31.2188",30.0398,31.2188,60,63,31,0.986701,False
2026-06-19T02:30:00,Salah Salem,"30.0645,31.282",30.0645,31.282,56,63,6,0.990961,False
2026-06-19T02:45:00,Autostrad - Sheraton,"30.1065,31.3711",30.1065,31.3711,70,78,39,0.944622,False
2026-06-19T03:00:00,Tahrir Square,"30.0444,31.2357",30.0444,31.2357,47,58,39,0.879229,False
2026-06-19T03:15:00,Corniche El Nil,"30.0263,31.2268",30.0263,31.2268,63,63,24,0.98124,False
2026-06-19T03:30:00,Mosheer Tantawy Axis,"30.0242,31.3486",30.0242,31.3486,55,76,43,0.928633,False
2026-06-19T03:45:00,Rod El Farag Axis,"30.0881,31.2185",30.0881,31.2185,65,78,14,0.943873,False
2026-06-19T04:00:00,Ring Road - Marg,"30.1554,31.3323",30.1554,31.3323,61,67,43,0.909229,False
2026-06-19T04:15:00,Ring Road - Moneeb,"29.9881,31.2227",29.9881,31.2227,44,73,10,0.921177,False
2026-06-19T04:30:00,Gamaat El Dowal St,"30.0543,31.2005",30.0543,31.2005,48,77,49,0.943562,False
2026-06-19T04:45:00,Faisal Street,"30.0051,31.1574",30.0051,31.1574,61,62,6,0.955554,False
2026-06-19T05:00:00,North 90th Street,"30.0308,31.4721",30.0308,31.4721,50,72,42,0.959679,False
2026-06-19T05:15:00,South 90th Street,"30.0195,31.4326",30.0195,31.4326,74,74,31,0.999481,False
2026-06-19T05:30:00,Ring Road - Maadi,"29.9544,31.2858",29.9544,31.2858,38,72,35,0.94921,False
2026-06-19T05:45:00,October Bridge,"30.0526,31.2372",30.0526,31.2372,52,74,45,0.935095,False
2026-06-19T06:00:00,26th July Corridor,"30.0381,31.0264",30.0381,31.0264,45,60,24,0.944117,False
2026-06-19T06:15:00,Abbas El Akkad,"30.0631,31.3341",30.0631,31.3341,68,68,28,0.93716,False
2026-06-19T06:30:00,Galaa Square,"30.0398,31.2188",30.0398,31.2188,72,76,49,0.882615,False
2026-06-19T06:45:00,Salah Salem,"30.0645,31.282",30.0645,31.282,53,72,34,0.99088,False
2026-06-19T07:00:00,Autostrad - Sheraton,"30.1065,31.3711",30.1065,31.3711,64,70,31,0.922233,False
2026-06-19T07:15:00,Tahrir Square,"30.0444,31.2357",30.0444,31.2357,61,61,12,0.863784,False
2026-06-19T07:30:00,Corniche El Nil,"30.0263,31.2268",30.0263,31.2268,60,80,30,0.958522,False
2026-06-19T07:45:00,Mosheer Tantawy Axis,"30.0242,31.3486",30.0242,31.3486,67,71,19,0.854893,False
2026-06-19T08:00:00,Rod El Farag Axis,"30.0881,31.2185",30.0881,31.2185,55,71,21,0.980381,False
2026-06-19T08:15:00,Ring Road - Marg,"30.1554,31.3323",30.1554,31.3323,62,66,33,0.858564,False
2026-06-19T08:30:00,Ring Road - Moneeb,"29.9881,31.2227",29.9881,31.2227,57,61,9,0.993319,False
2026-06-19T08:45:00,Gamaat El Dowal St,"30.0543,31.2005",30.0543,31.2005,52,71,7,0.946338,False
2026-06-19T09:00:00,Faisal Street,"30.0051,31.1574",30.0051,31.1574,44,62,39,0.866859,False
2026-06-19T09:15:00,North 90th Street,"30.0308,31.4721",30.0308,31.4721,49,78,40,0.923817,False
2026-06-19T09:30:00,South 90th Street,"30.0195,31.4326",30.0195,31.4326,38,77,26,0.984588,False
2026-06-19T09:45:00,Ring Road - Maadi,"29.9544,31.2858",29.9544,31.2858,44,59,15,0.857761,False
2026-06-19T10:00:00,October Bridge,"30.0526,31.2372",30.0526,31.2372,72,72,33,0.861508,False
2026-06-19T10:15:00,26th July Corridor,"30.0381,31.0264",30.0381,31.0264,60,60,32,0.861528,False
2026-06-19T10:30:00,Abbas El Akkad,"30.0631,31.3341",30.0631,31.3341,46,69,48,0.95993,False
2026-06-19T10:45:00,Galaa Square,"30.0398,31.2188",30.0398,31.2188,37,65,14,0.989666,False
2026-06-19T11:00:00,Salah Salem,"30.0645,31.282",30.0645,31.282,47,62,37,0.854585,False
2026-06-19T11:15:00,Autostrad - Sheraton,"30.1065,31.3711",30.1065,31.3711,36,69,7,0.923037,False
2026-06-19T11:30:00,Tahrir Square,"30.0444,31.2357",30.0444,31.2357,73,75,30,0.863378,False
2026-06-19T11:45:00,Corniche El Nil,"30.0263,31.2268",30.0263,31.2268,58,63,6,0.947874,False
2026-06-19T12:00:00,Mosheer Tantawy Axis,"30.0242,31.3486",30.0242,31.3486,39,73,34,0.932754,False
2026-06-19T12:15:00,Rod El Farag Axis,"30.0881,31.2185",30.0881,31.2185,63,75,35,0.98596,False
2026-06-19T12:30:00,Ring Road - Marg,"30.1554,31.3323",30.1554,31.3323,60,60,17,0.955651,False
2026-06-19T12:45:00,Ring Road - Moneeb,"29.9881,31.2227",29.9881,31.2227,63,77,19,0.911732,False
2026-06-19T13:00:00,Gamaat El Dowal St,"30.0543,31.2005",30.0543,31.2005,55,62,9,0.875105,False
2026-06-19T13:15:00,Faisal Street,"30.0051,31.1574",30.0051,31.1574,67,78,17,0.862646,False
2026-06-19T13:30:00,North 90th Street,"30.0308,31.4721",30.0308,31.4721,63,63,34,0.966997,False
2026-06-19T13:45:00,South 90th Street,"30.0195,31.4326",30.0195,31.4326,44,69,23,0.867693,False
2026-06-19T14:00:00,Ring Road - Maadi,"29.9544,31.2858",29.9544,31.2858,48,78,45,0.983451,False
2026-06-19T14:15:00,October Bridge,"30.0526,31.2372",30.0526,31.2372,57,64,43,0.948378,False
2026-06-19T14:30:00,26th July Corridor,"30.0381,31.0264",30.0381,31.0264,69,69,17,0.955106,False
2026-06-19T14:45:00,Abbas El Akkad,"30.0631,31.3341",30.0631,31.3341,72,72,18,0.932633,False
2026-06-19T15:00:00,Galaa Square,"30.0398,31.2188",30.0398,31.2188,65,65,18,0.952364,False
2026-06-19T15:15:00,Salah Salem,"30.0645,31.282",30.0645,31.282,54,65,6,0.958507,False
2026-06-19T15:30:00,Autostrad - Sheraton,"30.1065,31.3711",30.1065,31.3711,56,75,18,0.902968,False
2026-06-19T15:45:00,Tahrir Square,"30.0444,31.2357",30.0444,31.2357,46,69,41,0.861581,False
2026-06-19T16:00:00,Corniche El Nil,"30.0263,31.2268",30.0263,31.2268,63,80,46,0.891227,False
2026-06-19T16:15:00,Mosheer Tantawy Axis,"30.0242,31.3486",30.0242,31.3486,75,76,36,0.974476,False
2026-06-19T16:30:00,Rod El Farag Axis,"30.0881,31.2185",30.0881,31.2185,57,76,35,0.966384,False
2026-06-19T16:45:00,Ring Road - Marg,"30.1554,31.3323",30.1554,31.3323,75,75,11,0.990219,False
2026-06-19T17:00:00,Ring Road - Moneeb,"29.9881,31.2227",29.9881,31.2227,45,56,26,0.944541,False
2026-06-19T17:15:00,Gamaat El Dowal St,"30.0543,31.2005",30.0543,31.2005,36,79,47,0.990104,False
2026-06-19T17:30:00,Faisal Street,"30.0051,31.1574",30.0051,31.1574,63,63,29,0.851653,False
2026-06-19T17:45:00,North 90th Street,"30.0308,31.4721",30.0308,31.4721,43,68,27,0.970055,False
2026-06-19T18:00:00,South 90th Street,"30.0195,31.4326",30.0195,31.4326,71,71,47,0.856557,False
2026-06-19T18:15:00,Ring Road - Maadi,"29.9544,31.2858",29.9544,31.2858,64,73,37,0.980892,False
2026-06-19T18:30:00,October Bridge,"30.0526,31.2372",30.0526,31.2372,41,58,49,0.86357,False
2026-06-19T18:45:00,26th July Corridor,"30.0381,31.0264",30.0381,31.0264,65,78,50,0.862977,False
2026-06-19T19:00:00,Abbas El Akkad,"30.0631,31.3341",30.0631,31.3341,71,71,8,0.93308,False
2026-06-19T19:15:00,Galaa Square,"30.0398,31.2188",30.0398,31.2188,58,77,16,0.912204,False
2026-06-19T19:30:00,Salah Salem,"30.0645,31.282",30.0645,31.282,65,65,25,0.909986,False
2026-06-19T19:45:00,Autostrad - Sheraton,"30.1065,31.3711",30.1065,31.3711,69,69,36,0.864772,False
2026-06-19T20:00:00,Tahrir Square,"30.0444,31.2357",30.0444,31.2357,73,73,29,0.863625,False
2026-06-19T20:15:00,Corniche El Nil,"30.0263,31.2268",30.0263,31.2268,47,74,24,0.866055,False
2026-06-19T20:30:00,Mosheer Tantawy Axis,"30.0242,31.3486",30.0242,31.3486,53,55,8,0.943706,False
2026-06-19T20:45:00,Rod El Farag Axis,"30.0881,31.2185",30.0881,31.2185,56,79,36,0.87193,False
2026-06-19T21:00:00,Ring Road - Marg,"30.1554,31.3323",30.1554,31.3323,60,74,24,0.852902,False
2026-06-19T21:15:00,Ring Road - Moneeb,"29.9881,31.2227",29.9881,31.2227,63,63,17,0.945625,False
2026-06-19T21:30:00,Gamaat El Dowal St,"30.0543,31.2005",30.0543,31.2005,56,62,32,0.881257,False
2026-06-19T21:45:00,Faisal Street,"30.0051,31.1574",30.0051,31.1574,73,73,20,0.982804,False
2026-06-19T22:00:00,North 90th Street,"30.0308,31.4721",30.0308,31.4721,39,60,18,0.934158,False
2026-06-19T22:15:00,South 90th Street,"30.0195,31.4326",30.0195,31.4326,43,73,41,0.868015,False
2026-06-19T22:30:00,Ring Road - Maadi,"29.9544,31.2858",29.9544,31.2858,36,61,19,0.993093,False
2026-06-19T22:45:00,October Bridge,"30.0526,31.2372",30.0526,31.2372,40,72,33,0.888818,False
2026-06-19T23:00:00,26th July Corridor,"30.0381,31.0264",30.0381,31.0264,40,72,47,0.92294,False
2026-06-19T23:15:00,Abbas El Akkad,"30.0631,31.3341",30.0631,31.3341,68,68,26,0.953783,False
2026-06-19T23:30:00,Galaa Square,"30.0398,31.2188",30.0398,31.2188,55,63,25,0.972721,False
2026-06-19T23:45:00,Salah Salem,"30.0645,31.282",30.0645,31.282,59,59,32,0.975518,False
2026-06-20T00:00:00,Autostrad - Sheraton,"30.1065,31.3711",30.1065,31.3711,47,58,34,0.985962,False
2026-06-20T00:15:00,Tahrir Square,"30.0444,31.2357",30.0444,31.2357,41,58,14,0.940597,False
2026-06-20T00:30:00,Corniche El Nil,"30.0263,31.2268",30.0263,31.2268,43,77,32,0.971765,False
2026-06-20T00:45:00,Mosheer Tantawy Axis,"30.0242,31.3486",30.0242,31.3486,74,74,31,0.967508,False
2026-06-20T01:00:00,Rod El Farag Axis,"30.0881,31.2185",30.0881,31.2185,74,77,40,0.961904,False
2026-06-20T01:15:00,Ring Road - Marg,"30.1554,31.3323",30.1554,31.3323,49,65,23,0.876749,False
2026-06-20T01:30:00,Ring Road - Moneeb,"29.9881,31.2227",29.9881,31.2227,35,62,44,0.961158,False
2026-06-20T01:45:00,Gamaat El Dowal St,"30.0543,31.2005",30.0543,31.2005,69,69,40,0.933228,False
2026-06-20T02:00:00,Faisal Street,"30.0051,31.1574",30.0051,31.1574,51,63,21,0.966905,False
2026-06-20T02:15:00,North 90th Street,"30.0308,31.4721",30.0308,31.4721,73,73,31,0.918486,False
2026-06-20T02:30:00,South 90th Street,"30.0195,31.4326",30.0195,31.4326,55,66,19,0.97787,False
2026-06-20T02:45:00,Ring Road - Maadi,"29.9544,31.2858",29.9544,31.2858,43,57,36,0.859429,False
2026-06-20T03:00:00,October Bridge,"30.0526,31.2372",30.0526,31.2372,50,75,36,0.875154,False
2026-06-20T03:15:00,26th July Corridor,"30.0381,31.0264",30.0381,31.0264,72,72,41,0.942459,False
2026-06-20T03:30:00,Abbas El Akkad,"30.0631,31.3341",30.0631,31.3341,53,59,42,0.920946,False
2026-06-20T03:45:00,Galaa Square,"30.0398,31.2188",30.0398,31.2188,51,78,16,0.993016,False
2026-06-20T04:00:00,Salah Salem,"30.0645,31.282",30.0645,31.282,35,55,18,0.881293,False
2026-06-20T04:15:00,Autostrad - Sheraton,"30.1065,31.3711",30.1065,31.3711,43,74,42,0.971426,False
2026-06-20T04:30:00,Tahrir Square,"30.0444,31.2357",30.0444,31.2357,56,60,10,0.942398,False
2026-06-20T04:45:00,Corniche El Nil,"30.0263,31.2268",30.0263,31.2268,51,77,47,0.976452,False
2026-06-20T05:00:00,Mosheer Tantawy Axis,"30.0242,31.3486",30.0242,31.3486,45,59,17,0.866803,False
2026-06-20T05:15:00,Rod El Farag Axis,"30.0881,31.2185",30.0881,31.2185,37,62,5,0.942742,False
2026-06-20T05:30:00,Ring Road - Marg,"30.1554,31.3323",30.1554,31.3323,44,62,16,0.902171,False
2026-06-20T05:45:00,Ring Road - Moneeb,"29.9881,31.2227",29.9881,31.2227,44,78,20,0.929547,False
2026-06-20T06:00:00,Gamaat El Dowal St,"30.0543,31.2005",30.0543,31.2005,65,65,11,0.964722,False
2026-06-20T06:15:00,Faisal Street,"30.0051,31.1574",30.0051,31.1574,49,68,12,0.921689,False
2026-06-20T06:30:00,North 90th Street,"30.0308,31.4721",30.0308,31.4721,48,78,37,0.885658,False
2026-06-20T06:45:00,South 90th Street,"30.0195,31.4326",30.0195,31.4326,43,71,15,0.852091,False
2026-06-20T07:00:00,Ring Road - Maadi,"29.9544,31.2858",29.9544,31.2858,66,68,49,0.971026,False
2026-06-20T07:15:00,October Bridge,"30.0526,31.2372",30.0526,31.2372,57,67,8,0.937729,False
2026-06-20T07:30:00,26th July Corridor,"30.0381,31.0264",30.0381,31.0264,38,69,25,0.858925,False
2026-06-20T07:45:00,Abbas El Akkad,"30.0631,31.3341",30.0631,31.3341,63,75,18,0.910779,False
2026-06-20T08:00:00,Galaa Square,"30.0398,31.2188",30.0398,31.2188,44,76,41,0.909791,False
2026-06-20T08:15:00,Salah Salem,"30.0645,31.282",30.0645,31.282,37,66,23,0.994484,False
2026-06-20T08:30:00,Autostrad - Sheraton,"30.1065,31.3711",30.1065,31.3711,61,67,15,0.910438,False
2026-06-20T08:45:00,Tahrir Square,"30.0444,31.2357",30.0444,31.2357,49,70,23,0.989509,False
2026-06-20T09:00:00,Corniche El Nil,"30.0263,31.2268",30.0263,31.2268,48,72,22,0.903439,False
2026-06-20T09:15:00,Mosheer Tantawy Axis,"30.0242,31.3486",30.0242,31.3486,42,61,8,0.882774,False
2026-06-20T09:30:00,Rod El Farag Axis,"30.0881,31.2185",30.0881,31.2185,72,75,20,0.951529,False
2026-06-20T09:45:00,Ring Road - Marg,"30.1554,31.3323",30.1554,31.3323,35,59,10,0.865655,False
2026-06-20T10:00:00,Ring Road - Moneeb,"29.9881,31.2227",29.9881,31.2227,67,67,41,0.894362,False
2026-06-20T10:15:00,Gamaat El Dowal St,"30.0543,31.2005",30.0543,31.2005,49,63,10,0.998036,False
2026-06-20T10:30:00,Faisal Street,"30.0051,31.1574",30.0051,31.1574,44,79,17,0.954796,False
2026-06-20T10:45:00,North 90th Street,"30.0308,31.4721",30.0308,31.4721,56,69,40,0.955185,False
2026-06-20T11:00:00,South 90th Street,"30.0195,31.4326",30.0195,31.4326,67,77,12,0.930712,False
2026-06-20T11:15:00,Ring Road - Maadi,"29.9544,31.2858",29.9544,31.2858,41,80,23,0.888536,False
2026-06-20T11:30:00,October Bridge,"30.0526,31.2372",30.0526,31.2372,46,75,16,0.879491,False
2026-06-20T11:45:00,26th July Corridor,"30.0381,31.0264",30.0381,31.0264,35,60,42,0.952271,False
2026-06-20T12:00:00,Abbas El Akkad,"30.0631,31.3341",30.0631,31.3341,60,61,28,0.869742,False
2026-06-20T12:15:00,Galaa Square,"30.0398,31.2188",30.0398,31.2188,69,69,38,0.872129,False
2026-06-20T12:30:00,Salah Salem,"30.0645,31.282",30.0645,31.282,68,68,49,0.8708,False
2026-06-20T12:45:00,Autostrad - Sheraton,"30.1065,31.3711",30.1065,31.3711,63,63,5,0.986568,False
2026-06-20T13:00:00,Tahrir Square,"30.0444,31.2357",30.0444,31.2357,70,70,25,0.950223,False
2026-06-20T13:15:00,Corniche El Nil,"30.0263,31.2268",30.0263,31.2268,69,77,40,0.939573,False
2026-06-20T13:30:00,Mosheer Tantawy Axis,"30.0242,31.3486",30.0242,31.3486,70,76,50,0.960151,False
2026-06-20T13:45:00,Rod El Farag Axis,"30.0881,31.2185",30.0881,31.2185,50,80,39,0.918495,False
2026-06-20T14:00:00,Ring Road - Marg,"30.1554,31.3323",30.1554,31.3323,61,68,19,0.948155,False
2026-06-20T14:15:00,Ring Road - Moneeb,"29.9881,31.2227",29.9881,31.2227,45,68,39,0.883116,False
2026-06-20T14:30:00,Gamaat El Dowal St,"30.0543,31.2005",30.0543,31.2005,41,66,5,0.874526,False
2026-06-20T14:45:00,Faisal Street,"30.0051,31.1574",30.0051,31.1574,57,57,48,0.989461,False
2026-06-20T15:00:00,North 90th Street,"30.0308,31.4721",30.0308,31.4721,67,67,44,0.926063,False
2026-06-20T15:15:00,South 90th Street,"30.0195,31.4326",30.0195,31.4326,41,62,37,0.905826,False
2026-06-20T15:30:00,Ring Road - Maadi,"29.9544,31.2858",29.9544,31.2858,73,78,14,0.859303,False
2026-06-20T15:45:00,October Bridge,"30.0526,31.2372",30.0526,31.2372,41,63,46,0.864233,False
2026-06-20T16:00:00,26th July Corridor,"30.0381,31.0264",30.0381,31.0264,58,67,9,0.975784,False
2026-06-20T16:15:00,Abbas El Akkad,"30.0631,31.3341",30.0631,31.3341,48,59,34,0.970988,False
2026-06-20T16:30:00,Galaa Square,"30.0398,31.2188",30.0398,31.2188,61,75,43,0.980583,False
2026-06-20T16:45:00,Salah Salem,"30.0645,31.282",30.0645,31.282,65,70,28,0.935627,False
2026-06-20T17:00:00,Autostrad - Sheraton,"30.1065,31.3711",30.1065,31.3711,72,72,25,0.926535,False
2026-06-20T17:15:00,Tahrir Square,"30.0444,31.2357",30.0444,31.2357,68,76,35,0.880869,False
2026-06-20T17:30:00,Corniche El Nil,"30.0263,31.2268",30.0263,31.2268,67,67,49,0.882115,False
2026-06-20T17:45:00,Mosheer Tantawy Axis,"30.0242,31.3486",30.0242,31.3486,64,77,41,0.947413,False
2026-06-20T18:00:00,Rod El Farag Axis,"30.0881,31.2185",30.0881,31.2185,57,60,37,0.993888,False
2026-06-20T18:15:00,Ring Road - Marg,"30.1554,31.3323",30.1554,31.3323,68,68,17,0.870283,False
2026-06-20T18:30:00,Ring Road - Moneeb,"29.9881,31.2227",29.9881,31.2227,74,74,15,0.99606,False
2026-06-20T18:45:00,Gamaat El Dowal St,"30.0543,31.2005",30.0543,31.2005,61,61,18,0.949768,False
2026-06-20T19:00:00,Faisal Street,"30.0051,31.1574",30.0051,31.1574,37,64,14,0.877113,False
2026-06-20T19:15:00,North 90th Street,"30.0308,31.4721",30.0308,31.4721,52,56,32,0.854529,False
2026-06-20T19:30:00,South 90th Street,"30.0195,31.4326",30.0195,31.4326,45,75,15,0.987862,False
2026-06-20T19:45:00,Ring Road - Maadi,"29.9544,31.2858",29.9544,31.2858,45,59,12,0.912426,False
2026-06-20T20:00:00,October Bridge,"30.0526,31.2372",30.0526,31.2372,66,73,21,0.878007,False
2026-06-20T20:15:00,26th July Corridor,"30.0381,31.0264",30.0381,31.0264,44,69,32,0.946081,False
2026-06-20T20:30:00,Abbas El Akkad,"30.0631,31.3341",30.0631,31.3341,39,75,8,0.981698,False
2026-06-20T20:45:00,Galaa Square,"30.0398,31.2188",30.0398,31.2188,57,78,35,0.889642,False
2026-06-20T21:00:00,Salah Salem,"30.0645,31.282",30.0645,31.282,62,66,36,0.886389,False
2026-06-20T21:15:00,Autostrad - Sheraton,"30.1065,31.3711",30.1065,31.3711,38,58,17,0.944843,False
2026-06-20T21:30:00,Tahrir Square,"30.0444,31.2357",30.0444,31.2357,60,73,17,0.985107,False
2026-06-20T21:45:00,Corniche El Nil,"30.0263,31.2268",30.0263,31.2268,56,75,49,0.977775,False
2026-06-20T22:00:00,Mosheer Tantawy Axis,"30.0242,31.3486",30.0242,31.3486,59,78,14,0.881186,False
2026-06-20T22:15:00,Rod El Farag Axis,"30.0881,31.2185",30.0881,31.2185,60,71,31,0.907921,False
2026-06-20T22:30:00,Ring Road - Marg,"30.1554,31.3323",30.1554,31.3323,54,78,15,0.932446,False
2026-06-20T22:45:00,Ring Road - Moneeb,"29.9881,31.2227",29.9881,31.2227,52,77,41,0.888362,False
2026-06-20T23:00:00,Gamaat El Dowal St,"30.0543,31.2005",30.0543,31.2005,73,73,47,0.936472,False
2026-06-20T23:15:00,Faisal Street,"30.0051,31.1574",30.0051,31.1574,40,76,43,0.933493,False
2026-06-20T23:30:00,North 90th Street,"30.0308,31.4721",30.0308,31.4721,72,72,11,0.981471,False
2026-06-20T23:45:00,South 90th Street,"30.0195,31.4326",30.0195,31.4326,39,55,24,0.862801,False
2026-06-21T00:00:00,Ring Road - Maadi,"29.9544,31.2858",29.9544,31.2858,42,66,62,0.965694,False
2026-06-21T00:15:00,October Bridge,"30.0526,31.2372",30.0526,31.2372,60,66,27,0.934095,False
2026-06-21T00:30:00,26th July Corridor,"30.0381,31.0264",30.0381,31.0264,42,72,51,0.981866,False
2026-06-21T00:45:00,Abbas El Akkad,"30.0631,31.3341",30.0631,31.3341,46,57,66,0.918638,False
2026-06-21T01:00:00,Galaa Square,"30.0398,31.2188",30.0398,31.2188,39,65,13,0.975458,False
2026-06-21T01:15:00,Salah Salem,"30.0645,31.282",30.0645,31.282,34,71,29,0.958457,False
2026-06-21T01:30:00,Autostrad - Sheraton,"30.1065,31.3711",30.1065,31.3711,25,70,19,0.864274,False
2026-06-21T01:45:00,Tahrir Square,"30.0444,31.2357",30.0444,31.2357,53,62,69,0.930389,False
2026-06-21T02:00:00,Corniche El Nil,"30.0263,31.2268",30.0263,31.2268,48,73,34,0.962759,False
2026-06-21T02:15:00,Mosheer Tantawy Axis,"30.0242,31.3486",30.0242,31.3486,40,61,71,0.888674,False
2026-06-21T02:30:00,Rod El Farag Axis,"30.0881,31.2185",30.0881,31.2185,50,63,23,0.896554,False
2026-06-21T02:45:00,Ring Road - Marg,"30.1554,31.3323",30.1554,31.3323,49,75,24,0.882453,False
2026-06-21T03:00:00,Ring Road - Moneeb,"29.9881,31.2227",29.9881,31.2227,53,70,67,0.986491,False
2026-06-21T03:15:00,Gamaat El Dowal St,"30.0543,31.2005",30.0543,31.2005,60,72,63,0.944505,False
2026-06-21T03:30:00,Faisal Street,"30.0051,31.1574",30.0051,31.1574,54,55,74,0.923865,False
2026-06-21T03:45:00,North 90th Street,"30.0308,31.4721",30.0308,31.4721,41,59,76,0.88055,False
2026-06-21T04:00:00,South 90th Street,"30.0195,31.4326",30.0195,31.4326,53,60,43,0.85413,False
2026-06-21T04:15:00,Ring Road - Maadi,"29.9544,31.2858",29.9544,31.2858,28,72,33,0.969345,False
2026-06-21T04:30:00,October Bridge,"30.0526,31.2372",30.0526,31.2372,39,58,13,0.872368,False
2026-06-21T04:45:00,26th July Corridor,"30.0381,31.0264",30.0381,31.0264,37,63,38,0.974933,False
2026-06-21T05:00:00,Abbas El Akkad,"30.0631,31.3341",30.0631,31.3341,63,72,52,0.85712,False
2026-06-21T05:15:00,Galaa Square,"30.0398,31.2188",30.0398,31.2188,46,72,14,0.87134,False
2026-06-21T05:30:00,Salah Salem,"30.0645,31.282",30.0645,31.282,57,76,21,0.95772,False
2026-06-21T05:45:00,Autostrad - Sheraton,"30.1065,31.3711",30.1065,31.3711,63,63,13,0.940948,False
2026-06-21T06:00:00,Tahrir Square,"30.0444,31.2357",30.0444,31.2357,38,63,43,0.967936,False
2026-06-21T06:15:00,Corniche El Nil,"30.0263,31.2268",30.0263,31.2268,48,70,10,0.964938,False
2026-06-21T06:30:00,Mosheer Tantawy Axis,"30.0242,31.3486",30.0242,31.3486,61,61,70,0.929716,False
2026-06-21T06:45:00,Rod El Farag Axis,"30.0881,31.2185",30.0881,31.2185,32,57,27,0.906792,False
2026-06-21T07:00:00,Ring Road - Marg,"30.1554,31.3323",30.1554,31.3323,17,69,49,0.901026,False
2026-06-21T07:15:00,Ring Road - Moneeb,"29.9881,31.2227",29.9881,31.2227,28,58,55,0.979721,False
2026-06-21T07:30:00,Gamaat El Dowal St,"30.0543,31.2005",30.0543,31.2005,15,80,76,0.922881,False
2026-06-21T07:45:00,Faisal Street,"30.0051,31.1574",30.0051,31.1574,35,79,66,0.906039,False
2026-06-21T08:00:00,North 90th Street,"30.0308,31.4721",30.0308,31.4721,20,68,119,0.994754,False
2026-06-21T08:15:00,South 90th Street,"30.0195,31.4326",30.0195,31.4326,23,77,116,0.981675,False
2026-06-21T08:30:00,Ring Road - Maadi,"29.9544,31.2858",29.9544,31.2858,25,78,61,0.854026,False
2026-06-21T08:45:00,October Bridge,"30.0526,31.2372",30.0526,31.2372,16,72,105,0.90336,False
2026-06-21T09:00:00,26th July Corridor,"30.0381,31.0264",30.0381,31.0264,12,74,103,0.871795,False
2026-06-21T09:15:00,Abbas El Akkad,"30.0631,31.3341",30.0631,31.3341,10,75,112,0.861306,False
2026-06-21T09:30:00,Galaa Square,"30.0398,31.2188",30.0398,31.2188,10,80,47,0.924151,False
2026-06-21T09:45:00,Salah Salem,"30.0645,31.282",30.0645,31.282,29,76,40,0.960833,False
2026-06-21T10:00:00,Autostrad - Sheraton,"30.1065,31.3711",30.1065,31.3711,19,59,59,0.967129,False
2026-06-21T10:15:00,Tahrir Square,"30.0444,31.2357",30.0444,31.2357,27,67,98,0.888729,False
2026-06-21T10:30:00,Corniche El Nil,"30.0263,31.2268",30.0263,31.2268,10,73,92,0.875342,False
2026-06-21T10:45:00,Mosheer Tantawy Axis,"30.0242,31.3486",30.0242,31.3486,26,68,70,0.939045,False
2026-06-21T11:00:00,Rod El Farag Axis,"30.0881,31.2185",30.0881,31.2185,50,58,57,0.916914,False
2026-06-21T11:15:00,Ring Road - Marg,"30.1554,31.3323",30.1554,31.3323,65,65,79,0.898445,False
2026-06-21T11:30:00,Ring Road - Moneeb,"29.9881,31.2227",29.9881,31.2227,27,55,42,0.868211,False
2026-06-21T11:45:00,Gamaat El Dowal St,"30.0543,31.2005",30.0543,31.2005,46,67,69,0.939427,False
2026-06-21T12:00:00,Faisal Street,"30.0051,31.1574",30.0051,31.1574,30,79,78,0.906744,False
2026-06-21T12:15:00,North 90th Street,"30.0308,31.4721",30.0308,31.4721,58,58,45,0.865618,False
2026-06-21T12:30:00,South 90th Street,"30.0195,31.4326",30.0195,31.4326,31,62,13,0.852387,False
2026-06-21T12:45:00,Ring Road - Maadi,"29.9544,31.2858",29.9544,31.2858,54,65,50,0.951401,False
2026-06-21T13:00:00,October Bridge,"30.0526,31.2372",30.0526,31.2372,45,70,26,0.890559,False
2026-06-21T13:15:00,26th July Corridor,"30.0381,31.0264",30.0381,31.0264,61,79,40,0.96685,False
2026-06-21T13:30:00,Abbas El Akkad,"30.0631,31.3341",30.0631,31.3341,52,80,29,0.977085,False
2026-06-21T13:45:00,Galaa Square,"30.0398,31.2188",30.0398,31.2188,42,77,54,0.909172,False
2026-06-21T14:00:00,Salah Salem,"30.0645,31.282",30.0645,31.282,26,64,12,0.983766,False
2026-06-21T14:15:00,Autostrad - Sheraton,"30.1065,31.3711",30.1065,31.3711,65,65,26,0.904243,False
2026-06-21T14:30:00,Tahrir Square,"30.0444,31.2357",30.0444,31.2357,31,80,63,0.883421,False
2026-06-21T14:45:00,Corniche El Nil,"30.0263,31.2268",30.0263,31.2268,38,77,76,0.894892,False
2026-06-21T15:00:00,Mosheer Tantawy Axis,"30.0242,31.3486",30.0242,31.3486,63,63,25,0.935743,False
2026-06-21T15:15:00,Rod El Farag Axis,"30.0881,31.2185",30.0881,31.2185,34,66,36,0.939796,False
2026-06-21T15:30:00,Ring Road - Marg,"30.1554,31.3323",30.1554,31.3323,50,61,49,0.890777,False
2026-06-21T15:45:00,Ring Road - Moneeb,"29.9881,31.2227",29.9881,31.2227,63,74,73,0.898644,False
2026-06-21T16:00:00,Gamaat El Dowal St,"30.0543,31.2005",30.0543,31.2005,24,58,92,0.852698,False
2026-06-21T16:15:00,Faisal Street,"30.0051,31.1574",30.0051,31.1574,28,63,92,0.95242,False
2026-06-21T16:30:00,North 90th Street,"30.0308,31.4721",30.0308,31.4721,17,71,104,0.954386,False
2026-06-21T16:45:00,South 90th Street,"30.0195,31.4326",30.0195,31.4326,25,77,68,0.902928,False
2026-06-21T17:00:00,Ring Road - Maadi,"29.9544,31.2858",29.9544,31.2858,35,57,42,0.982615,False
2026-06-21T17:15:00,October Bridge,"30.0526,31.2372",30.0526,31.2372,27,65,85,0.868348,False
2026-06-21T17:30:00,26th July Corridor,"30.0381,31.0264",30.0381,31.0264,27,70,67,0.986063,False
2026-06-21T17:45:00,Abbas El Akkad,"30.0631,31.3341",30.0631,31.3341,31,62,71,0.985126,False
2026-06-21T18:00:00,Galaa Square,"30.0398,31.2188",30.0398,31.2188,31,69,84,0.856848,False
2026-06-21T18:15:00,Salah Salem,"30.0645,31.282",30.0645,31.282,23,75,100,0.956093,False
2026-06-21T18:30:00,Autostrad - Sheraton,"30.1065,31.3711",30.1065,31.3711,24,57,56,0.977421,False
2026-06-21T18:45:00,Tahrir Square,"30.0444,31.2357",30.0444,31.2357,31,62,112,0.937223,False
2026-06-21T19:00:00,Corniche El Nil,"30.0263,31.2268",30.0263,31.2268,16,68,45,0.912668,False
2026-06-21T19:15:00,Mosheer Tantawy Axis,"30.0242,31.3486",30.0242,31.3486,29,79,69,0.966631,False
2026-06-21T19:30:00,Rod El Farag Axis,"30.0881,31.2185",30.0881,31.2185,15,56,42,0.881962,False
2026-06-21T19:45:00,Ring Road - Marg,"30.1554,31.3323",30.1554,31.3323,32,56,58,0.887342,False
2026-06-21T20:00:00,Ring Road - Moneeb,"29.9881,31.2227",29.9881,31.2227,31,63,103,0.890846,False
2026-06-21T20:15:00,Gamaat El Dowal St,"30.0543,31.2005",30.0543,31.2005,11,77,86,0.882533,False
2026-06-21T20:30:00,Faisal Street,"30.0051,31.1574",30.0051,31.1574,28,56,79,0.939854,False
2026-06-21T20:45:00,North 90th Street,"30.0308,31.4721",30.0308,31.4721,31,70,75,0.891729,False
2026-06-21T21:00:00,South 90th Street,"30.0195,31.4326",30.0195,31.4326,46,78,36,0.866036,False
2026-06-21T21:15:00,Ring Road - Maadi,"29.9544,31.2858",29.9544,31.2858,64,68,43,0.993907,False
2026-06-21T21:30:00,October Bridge,"30.0526,31.2372",30.0526,31.2372,62,62,47,0.850178,False
2026-06-21T21:45:00,26th July Corridor,"30.0381,31.0264",30.0381,31.0264,63,63,15,0.995744,False
2026-06-21T22:00:00,Abbas El Akkad,"30.0631,31.3341",30.0631,31.3341,28,60,16,0.90697,False
2026-06-21T22:15:00,Galaa Square,"30.0398,31.2188",30.0398,31.2188,58,76,32,0.914064,False
2026-06-21T22:30:00,Salah Salem,"30.0645,31.282",30.0645,31.282,35,63,75,0.962015,False
2026-06-21T22:45:00,Autostrad - Sheraton,"30.1065,31.3711",30.1065,31.3711,60,67,40,0.913312,False
2026-06-21T23:00:00,Tahrir Square,"30.0444,31.2357",30.0444,31.2357,47,78,59,0.93179,False
2026-06-21T23:15:00,Corniche El Nil,"30.0263,31.2268",30.0263,31.2268,59,72,45,0.985941,False
2026-06-21T23:30:00,Mosheer Tantawy Axis,"30.0242,31.3486",30.0242,31.3486,44,66,44,0.895873,False
2026-06-21T23:45:00,Rod El Farag Axis,"30.0881,31.2185",30.0881,31.2185,52,65,31,0.982486,False
2026-06-22T00:00:00,Ring Road - Marg,"30.1554,31.3323",30.1554,31.3323,62,62,27,0.90731,False
2026-06-22T00:15:00,Ring Road - Moneeb,"29.9881,31.2227",29.9881,31.2227,64,64,29,0.996431,False
2026-06-22T00:30:00,Gamaat El Dowal St,"30.0543,31.2005",30.0543,31.2005,52,62,15,0.85631,False
2026-06-22T00:45:00,Faisal Street,"30.0051,31.1574",30.0051,31.1574,27,73,36,0.88855,False
2026-06-22T01:00:00,North 90th Street,"30.0308,31.4721",30.0308,31.4721,32,60,37,0.929825,False
2026-06-22T01:15:00,South 90th Street,"30.0195,31.4326",30.0195,31.4326,60,61,51,0.876907,False
2026-06-22T01:30:00,Ring Road - Maadi,"29.9544,31.2858",29.9544,31.2858,47,71,62,0.850623,False
2026-06-22T01:45:00,October Bridge,"30.0526,31.2372",30.0526,31.2372,43,58,40,0.883058,False
