timestamp,location_name,coordinates,lat,lon,speed,free_flow_speed,vehicle_count,confidence,road_closure,hour,minute,day_of_week,is_weekend,is_peak_hour,traffic_status,loc_encoded,target_enc
5/1/2026 0:00,Ring Road - Maadi,"29.9544,31.2858",29.9544,31.2858,66,66,8,0.916624,FALSE,0,0,4,0,0,Free_Flow,10,1
5/1/2026 0:15,October Bridge,"30.0526,31.2372",30.0526,31.2372,53,63,22,0.982404,FALSE,0,15,4,0,0,Free_Flow,9,1
5/1/2026 0:30,26th July Corridor,"30.0381,31.0264",30.0381,31.0264,42,59,6,0.999983,FALSE,0,30,4,0,0,Moderate,0,2
5/1/2026 0:45,Abbas El Akkad,"30.0631,31.3341",30.0631,31.3341,66,77,47,0.967854,FALSE,0,45,4,0,0,Free_Flow,1,1
5/1/2026 1:00,Galaa Square,"30.0398,31.2188",30.0398,31.2188,37,79,26,0.937857,FALSE,1,0,4,0,0,Moderate,5,2
5/1/2026 1:15,Salah Salem,"30.0645,31.282",30.0645,31.282,53,61,27,0.929527,FALSE,1,15,4,0,0,Free_Flow,14,1
5/1/2026 1:30,Autostrad - Sheraton,"30.1065,31.3711",30.1065,31.3711,46,67,45,0.890732,FALSE,1,30,4,0,0,Moderate,2,2
5/1/2026 1:45,Tahrir Square,"30.0444,31.2357",30.0444,31.2357,73,73,11,0.855849,FALSE,1,45,4,0,0,Free_Flow,16,1
5/1/2026 2:00,Corniche El Nil,"30.0263,31.2268",30.0263,31.2268,58,80,22,0.935296,FALSE,2,0,4,0,0,Free_Flow,3,1
5/1/2026 2:15,Mosheer Tantawy Axis,"30.0242,31.3486",30.0242,31.3486,57,66,37,0.962666,FALSE,2,15,4,0,0,Free_Flow,7,1
5/1/2026 2:30,Rod El Farag Axis,"30.0881,31.2185",30.0881,31.2185,53,62,40,0.876117,FALSE,2,30,4,0,0,Free_Flow,13,1
5/1/2026 2:45,Ring Road - Marg,"30.1554,31.3323",30.1554,31.3323,54,79,8,0.875785,FALSE,2,45,4,0,0,Free_Flow,11,1
5/1/2026 3:00,Ring Road - Moneeb,"29.9881,31.2227",29.9881,31.2227,51,66,46,0.950767,FALSE,3,0,4,0,0,Free_Flow,12,1
5/1/2026 3:15,Gamaat El Dowal St,"30.0543,31.2005",30.0543,31.2005,55,59,14,0.947783,FALSE,3,15,4,0,0,Free_Flow,6,1
5/1/2026 3:30,Faisal Street,"30.0051,31.1574",30.0051,31.1574,54,79,46,0.937941,FALSE,3,30,4,0,0,Free_Flow,4,1
5/1/2026 3:45,North 90th Street,"30.0308,31.4721",30.0308,31.4721,37,72,34,0.9423,FALSE,3,45,4,0,0,Moderate,8,2
5/1/2026 4:00,South 90th Street,"30.0195,31.4326",30.0195,31.4326,57,66,5,0.969576,FALSE,4,0,4,0,0,Free_Flow,15,1
5/1/2026 4:15,Ring Road - Maadi,"29.9544,31.2858",29.9544,31.2858,53,73,14,0.894678,FALSE,4,15,4,0,0,Free_Flow,10,1
5/1/2026 4:30,October Bridge,"30.0526,31.2372",30.0526,31.2372,36,73,13,0.916235,FALSE,4,30,4,0,0,Moderate,9,2
5/1/2026 4:45,26th July Corridor,"30.0381,31.0264",30.0381,31.0264,54,75,44,0.910934,FALSE,4,45,4,0,0,Free_Flow,0,1
5/1/2026 5:00,Abbas El Akkad,"30.0631,31.3341",30.0631,31.3341,71,71,38,0.855747,FALSE,5,0,4,0,0,Free_Flow,1,1
5/1/2026 5:15,Galaa Square,"30.0398,31.2188",30.0398,31.2188,35,62,24,0.930007,FALSE,5,15,4,0,0,Moderate,5,2
5/1/2026 5:30,Salah Salem,"30.0645,31.282",30.0645,31.282,67,79,6,0.980271,FALSE,5,30,4,0,0,Free_Flow,14,1
5/1/2026 5:45,Autostrad - Sheraton,"30.1065,31.3711",30.1065,31.3711,73,74,17,0.874355,FALSE,5,45,4,0,0,Free_Flow,2,1
5/1/2026 6:00,Tahrir Square,"30.0444,31.2357",30.0444,31.2357,74,74,49,0.852358,FALSE,6,0,4,0,0,Free_Flow,16,1
5/1/2026 6:15,Corniche El Nil,"30.0263,31.2268",30.0263,31.2268,60,79,15,0.90214,FALSE,6,15,4,0,0,Free_Flow,3,1
5/1/2026 6:30,Mosheer Tantawy Axis,"30.0242,31.3486",30.0242,31.3486,44,65,6,0.864627,FALSE,6,30,4,0,0,Moderate,7,2
5/1/2026 6:45,Rod El Farag Axis,"30.0881,31.2185",30.0881,31.2185,72,80,27,0.979532,FALSE,6,45,4,0,0,Free_Flow,13,1
5/1/2026 7:00,Ring Road - Marg,"30.1554,31.3323",30.1554,31.3323,46,63,10,0.916266,FALSE,7,0,4,0,1,Moderate,11,2
5/1/2026 7:15,Ring Road - Moneeb,"29.9881,31.2227",29.9881,31.2227,61,66,15,0.882334,FALSE,7,15,4,0,1,Free_Flow,12,1
5/1/2026 7:30,Gamaat El Dowal St,"30.0543,31.2005",30.0543,31.2005,50,66,24,0.850347,FALSE,7,30,4,0,1,Free_Flow,6,1
5/1/2026 7:45,Faisal Street,"30.0051,31.1574",30.0051,31.1574,67,73,42,0.93173,FALSE,7,45,4,0,1,Free_Flow,4,1
5/1/2026 8:00,North 90th Street,"30.0308,31.4721",30.0308,31.4721,36,64,21,0.878119,FALSE,8,0,4,0,1,Moderate,8,2
5/1/2026 8:15,South 90th Street,"30.0195,31.4326",30.0195,31.4326,62,74,39,0.853069,FALSE,8,15,4,0,1,Free_Flow,15,1
5/1/2026 8:30,Ring Road - Maadi,"29.9544,31.2858",29.9544,31.2858,75,75,32,0.96325,FALSE,8,30,4,0,1,Free_Flow,10,1
5/1/2026 8:45,October Bridge,"30.0526,31.2372",30.0526,31.2372,55,65,34,0.85379,FALSE,8,45,4,0,1,Free_Flow,9,1
5/1/2026 9:00,26th July Corridor,"30.0381,31.0264",30.0381,31.0264,66,80,41,0.946134,FALSE,9,0,4,0,1,Free_Flow,0,1
5/1/2026 9:15,Abbas El Akkad,"30.0631,31.3341",30.0631,31.3341,49,57,39,0.99098,FALSE,9,15,4,0,1,Moderate,1,2
5/1/2026 9:30,Galaa Square,"30.0398,31.2188",30.0398,31.2188,35,80,11,0.942569,FALSE,9,30,4,0,1,Moderate,5,2
5/1/2026 9:45,Salah Salem,"30.0645,31.282",30.0645,31.282,64,78,13,0.864042,FALSE,9,45,4,0,1,Free_Flow,14,1
5/1/2026 10:00,Autostrad - Sheraton,"30.1065,31.3711",30.1065,31.3711,49,57,10,0.881523,FALSE,10,0,4,0,0,Moderate,2,2
5/1/2026 10:15,Tahrir Square,"30.0444,31.2357",30.0444,31.2357,44,61,40,0.85175,FALSE,10,15,4,0,0,Moderate,16,2
5/1/2026 10:30,Corniche El Nil,"30.0263,31.2268",30.0263,31.2268,59,76,40,0.900955,FALSE,10,30,4,0,0,Free_Flow,3,1
5/1/2026 10:45,Mosheer Tantawy Axis,"30.0242,31.3486",30.0242,31.3486,39,58,7,0.934068,FALSE,10,45,4,0,0,Moderate,7,2
5/1/2026 11:00,Rod El Farag Axis,"30.0881,31.2185",30.0881,31.2185,36,74,17,0.885065,FALSE,11,0,4,0,0,Moderate,13,2
5/1/2026 11:15,Ring Road - Marg,"30.1554,31.3323",30.1554,31.3323,75,75,42,0.948866,FALSE,11,15,4,0,0,Free_Flow,11,1
5/1/2026 11:30,Ring Road - Moneeb,"29.9881,31.2227",29.9881,31.2227,65,65,26,0.871697,FALSE,11,30,4,0,0,Free_Flow,12,1
5/1/2026 11:45,Gamaat El Dowal St,"30.0543,31.2005",30.0543,31.2005,37,65,24,0.956618,FALSE,11,45,4,0,0,Moderate,6,2
5/1/2026 12:00,Faisal Street,"30.0051,31.1574",30.0051,31.1574,51,74,25,0.86422,FALSE,12,0,4,0,0,Free_Flow,4,1
5/1/2026 12:15,North 90th Street,"30.0308,31.4721",30.0308,31.4721,64,72,47,0.865845,FALSE,12,15,4,0,0,Free_Flow,8,1
5/1/2026 12:30,South 90th Street,"30.0195,31.4326",30.0195,31.4326,57,60,10,0.997715,FALSE,12,30,4,0,0,Free_Flow,15,1
5/1/2026 12:45,Ring Road - Maadi,"29.9544,31.2858",29.9544,31.2858,62,79,16,0.920007,FALSE,12,45,4,0,0,Free_Flow,10,1
5/1/2026 13:00,October Bridge,"30.0526,31.2372",30.0526,31.2372,38,64,18,0.992777,FALSE,13,0,4,0,0,Moderate,9,2
5/1/2026 13:15,26th July Corridor,"30.0381,31.0264",30.0381,31.0264,64,77,5,0.916059,FALSE,13,15,4,0,0,Free_Flow,0,1
5/1/2026 13:30,Abbas El Akkad,"30.0631,31.3341",30.0631,31.3341,45,76,39,0.868551,FALSE,13,30,4,0,0,Moderate,1,2
5/1/2026 13:45,Galaa Square,"30.0398,31.2188",30.0398,31.2188,57,76,37,0.908956,FALSE,13,45,4,0,0,Free_Flow,5,1
5/1/2026 14:00,Salah Salem,"30.0645,31.282",30.0645,31.282,47,71,47,0.932245,FALSE,14,0,4,0,0,Moderate,14,2
5/1/2026 14:15,Autostrad - Sheraton,"30.1065,31.3711",30.1065,31.3711,60,79,16,0.902876,FALSE,14,15,4,0,0,Free_Flow,2,1
5/1/2026 14:30,Tahrir Square,"30.0444,31.2357",30.0444,31.2357,57,63,49,0.983088,FALSE,14,30,4,0,0,Free_Flow,16,1
5/1/2026 14:45,Corniche El Nil,"30.0263,31.2268",30.0263,31.2268,65,74,24,0.870485,FALSE,14,45,4,0,0,Free_Flow,3,1
5/1/2026 15:00,Mosheer Tantawy Axis,"30.0242,31.3486",30.0242,31.3486,59,75,30,0.925944,FALSE,15,0,4,0,0,Free_Flow,7,1
5/1/2026 15:15,Rod El Farag Axis,"30.0881,31.2185",30.0881,31.2185,56,57,23,0.971553,FALSE,15,15,4,0,0,Free_Flow,13,1
5/1/2026 15:30,Ring Road - Marg,"30.1554,31.3323",30.1554,31.3323,50,80,21,0.971546,FALSE,15,30,4,0,0,Free_Flow,11,1
5/1/2026 15:45,Ring Road - Moneeb,"29.9881,31.2227",29.9881,31.2227,47,69,22,0.878077,FALSE,15,45,4,0,0,Moderate,12,2
5/1/2026 16:00,Gamaat El Dowal St,"30.0543,31.2005",30.0543,31.2005,35,59,31,0.97761,FALSE,16,0,4,0,1,Moderate,6,2
5/1/2026 16:15,Faisal Street,"30.0051,31.1574",30.0051,31.1574,64,64,30,0.866527,FALSE,16,15,4,0,1,Free_Flow,4,1
5/1/2026 16:30,North 90th Street,"30.0308,31.4721",30.0308,31.4721,72,72,16,0.999213,FALSE,16,30,4,0,1,Free_Flow,8,1
5/1/2026 16:45,South 90th Street,"30.0195,31.4326",30.0195,31.4326,47,61,37,0.925328,FALSE,16,45,4,0,1,Moderate,15,2
5/1/2026 17:00,Ring Road - Maadi,"29.9544,31.2858",29.9544,31.2858,65,67,14,0.905554,FALSE,17,0,4,0,1,Free_Flow,10,1
5/1/2026 17:15,October Bridge,"30.0526,31.2372",30.0526,31.2372,38,73,22,0.957019,FALSE,17,15,4,0,1,Moderate,9,2
5/1/2026 17:30,26th July Corridor,"30.0381,31.0264",30.0381,31.0264,46,55,49,0.950723,FALSE,17,30,4,0,1,Moderate,0,2
5/1/2026 17:45,Abbas El Akkad,"30.0631,31.3341",30.0631,31.3341,53,64,22,0.886011,FALSE,17,45,4,0,1,Free_Flow,1,1
5/1/2026 18:00,Galaa Square,"30.0398,31.2188",30.0398,31.2188,47,70,22,0.908419,FALSE,18,0,4,0,1,Moderate,5,2
5/1/2026 18:15,Salah Salem,"30.0645,31.282",30.0645,31.282,42,71,33,0.854474,FALSE,18,15,4,0,1,Moderate,14,2
5/1/2026 18:30,Autostrad - Sheraton,"30.1065,31.3711",30.1065,31.3711,42,69,44,0.969516,FALSE,18,30,4,0,1,Moderate,2,2
5/1/2026 18:45,Tahrir Square,"30.0444,31.2357",30.0444,31.2357,60,66,32,0.957122,FALSE,18,45,4,0,1,Free_Flow,16,1
5/1/2026 19:00,Corniche El Nil,"30.0263,31.2268",30.0263,31.2268,39,58,21,0.853465,FALSE,19,0,4,0,1,Moderate,3,2
5/1/2026 19:15,Mosheer Tantawy Axis,"30.0242,31.3486",30.0242,31.3486,54,75,42,0.951498,FALSE,19,15,4,0,1,Free_Flow,7,1
5/1/2026 19:30,Rod El Farag Axis,"30.0881,31.2185",30.0881,31.2185,72,79,7,0.960023,FALSE,19,30,4,0,1,Free_Flow,13,1
5/1/2026 19:45,Ring Road - Marg,"30.1554,31.3323",30.1554,31.3323,36,71,27,0.970533,FALSE,19,45,4,0,1,Moderate,11,2
5/1/2026 20:00,Ring Road - Moneeb,"29.9881,31.2227",29.9881,31.2227,65,65,5,0.90394,FALSE,20,0,4,0,0,Free_Flow,12,1
5/1/2026 20:15,Gamaat El Dowal St,"30.0543,31.2005",30.0543,31.2005,50,73,9,0.933065,FALSE,20,15,4,0,0,Free_Flow,6,1
5/1/2026 20:30,Faisal Street,"30.0051,31.1574",30.0051,31.1574,36,72,17,0.889907,FALSE,20,30,4,0,0,Moderate,4,2
5/1/2026 20:45,North 90th Street,"30.0308,31.4721",30.0308,31.4721,66,79,28,0.850214,FALSE,20,45,4,0,0,Free_Flow,8,1
5/1/2026 21:00,South 90th Street,"30.0195,31.4326",30.0195,31.4326,46,73,40,0.867636,FALSE,21,0,4,0,0,Moderate,15,2
5/1/2026 21:15,Ring Road - Maadi,"29.9544,31.2858",29.9544,31.2858,43,80,33,0.888094,FALSE,21,15,4,0,0,Moderate,10,2
5/1/2026 21:30,October Bridge,"30.0526,31.2372",30.0526,31.2372,37,55,45,0.91948,FALSE,21,30,4,0,0,Moderate,9,2
5/1/2026 21:45,26th July Corridor,"30.0381,31.0264",30.0381,31.0264,43,59,28,0.987624,FALSE,21,45,4,0,0,Moderate,0,2
5/1/2026 22:00,Abbas El Akkad,"30.0631,31.3341",30.0631,31.3341,57,76,50,0.894474,FALSE,22,0,4,0,0,Free_Flow,1,1
5/1/2026 22:15,Galaa Square,"30.0398,31.2188",30.0398,31.2188,42,57,17,0.857523,FALSE,22,15,4,0,0,Moderate,5,2
5/1/2026 22:30,Salah Salem,"30.0645,31.282",30.0645,31.282,59,65,9,0.957327,FALSE,22,30,4,0,0,Free_Flow,14,1
5/1/2026 22:45,Autostrad - Sheraton,"30.1065,31.3711",30.1065,31.3711,59,78,5,0.90233,FALSE,22,45,4,0,0,Free_Flow,2,1
5/1/2026 23:00,Tahrir Square,"30.0444,31.2357",30.0444,31.2357,49,56,24,0.976213,FALSE,23,0,4,0,0,Moderate,16,2
5/1/2026 23:15,Corniche El Nil,"30.0263,31.2268",30.0263,31.2268,64,72,9,0.908148,FALSE,23,15,4,0,0,Free_Flow,3,1
5/1/2026 23:30,Mosheer Tantawy Axis,"30.0242,31.3486",30.0242,31.3486,71,71,24,0.946566,FALSE,23,30,4,0,0,Free_Flow,7,1
5/1/2026 23:45,Rod El Farag Axis,"30.0881,31.2185",30.0881,31.2185,67,67,24,0.989707,FALSE,23,45,4,0,0,Free_Flow,13,1
5/2/2026 0:00,Ring Road - Marg,"30.1554,31.3323",30.1554,31.3323,73,73,39,0.921153,FALSE,0,0,5,1,0,Free_Flow,11,1
5/2/2026 0:15,Ring Road - Moneeb,"29.9881,31.2227",29.9881,31.2227,47,69,5,0.9771,FALSE,0,15,5,1,0,Moderate,12,2
5/2/2026 0:30,Gamaat El Dowal St,"30.0543,31.2005",30.0543,31.2005,57,65,7,0.933534,FALSE,0,30,5,1,0,Free_Flow,6,1
5/2/2026 0:45,Faisal Street,"30.0051,31.1574",30.0051,31.1574,57,79,36,0.917369,FALSE,0,45,5,1,0,Free_Flow,4,1
5/2/2026 1:00,North 90th Street,"30.0308,31.4721",30.0308,31.4721,50,60,49,0.990952,FALSE,1,0,5,1,0,Free_Flow,8,1
5/2/2026 1:15,South 90th Street,"30.0195,31.4326",30.0195,31.4326,66,72,27,0.86842,FALSE,1,15,5,1,0,Free_Flow,15,1
5/2/2026 1:30,Ring Road - Maadi,"29.9544,31.2858",29.9544,31.2858,75,76,18,0.929876,FALSE,1,30,5,1,0,Free_Flow,10,1
5/2/2026 1:45,October Bridge,"30.0526,31.2372",30.0526,31.2372,70,70,15,0.983818,FALSE,1,45,5,1,0,Free_Flow,9,1
5/2/2026 2:00,26th July Corridor,"30.0381,31.0264",30.0381,31.0264,47,79,39,0.924187,FALSE,2,0,5,1,0,Moderate,0,2
5/2/2026 2:15,Abbas El Akkad,"30.0631,31.3341",30.0631,31.3341,44,61,41,0.922697,FALSE,2,15,5,1,0,Moderate,1,2
5/2/2026 2:30,Galaa Square,"30.0398,31.2188",30.0398,31.2188,50,79,6,0.934518,FALSE,2,30,5,1,0,Free_Flow,5,1
5/2/2026 2:45,Salah Salem,"30.0645,31.282",30.0645,31.282,53,69,46,0.988569,FALSE,2,45,5,1,0,Free_Flow,14,1
5/2/2026 3:00,Autostrad - Sheraton,"30.1065,31.3711",30.1065,31.3711,55,66,40,0.870892,FALSE,3,0,5,1,0,Free_Flow,2,1
5/2/2026 3:15,Tahrir Square,"30.0444,31.2357",30.0444,31.2357,67,72,28,0.885098,FALSE,3,15,5,1,0,Free_Flow,16,1
5/2/2026 3:30,Corniche El Nil,"30.0263,31.2268",30.0263,31.2268,36,69,28,0.890965,FALSE,3,30,5,1,0,Moderate,3,2
5/2/2026 3:45,Mosheer Tantawy Axis,"30.0242,31.3486",30.0242,31.3486,74,76,45,0.863214,FALSE,3,45,5,1,0,Free_Flow,7,1
5/2/2026 4:00,Rod El Farag Axis,"30.0881,31.2185",30.0881,31.2185,65,66,22,0.865518,FALSE,4,0,5,1,0,Free_Flow,13,1
5/2/2026 4:15,Ring Road - Marg,"30.1554,31.3323",30.1554,31.3323,57,61,20,0.956481,FALSE,4,15,5,1,0,Free_Flow,11,1
5/2/2026 4:30,Ring Road - Moneeb,"29.9881,31.2227",29.9881,31.2227,45,76,48,0.927298,FALSE,4,30,5,1,0,Moderate,12,2
5/2/2026 4:45,Gamaat El Dowal St,"30.0543,31.2005",30.0543,31.2005,71,71,35,0.945463,FALSE,4,45,5,1,0,Free_Flow,6,1
5/2/2026 5:00,Faisal Street,"30.0051,31.1574",30.0051,31.1574,52,79,18,0.860376,FALSE,5,0,5,1,0,Free_Flow,4,1
5/2/2026 5:15,North 90th Street,"30.0308,31.4721",30.0308,31.4721,45,55,25,0.908747,FALSE,5,15,5,1,0,Moderate,8,2
5/2/2026 5:30,South 90th Street,"30.0195,31.4326",30.0195,31.4326,72,72,10,0.933261,FALSE,5,30,5,1,0,Free_Flow,15,1
5/2/2026 5:45,Ring Road - Maadi,"29.9544,31.2858",29.9544,31.2858,59,80,42,0.917557,FALSE,5,45,5,1,0,Free_Flow,10,1
5/2/2026 6:00,October Bridge,"30.0526,31.2372",30.0526,31.2372,44,75,19,0.898926,FALSE,6,0,5,1,0,Moderate,9,2
5/2/2026 6:15,26th July Corridor,"30.0381,31.0264",30.0381,31.0264,62,62,37,0.941472,FALSE,6,15,5,1,0,Free_Flow,0,1
5/2/2026 6:30,Abbas El Akkad,"30.0631,31.3341",30.0631,31.3341,36,71,36,0.980605,FALSE,6,30,5,1,0,Moderate,1,2
5/2/2026 6:45,Galaa Square,"30.0398,31.2188",30.0398,31.2188,50,75,14,0.984949,FALSE,6,45,5,1,0,Free_Flow,5,1
5/2/2026 7:00,Salah Salem,"30.0645,31.282",30.0645,31.282,74,75,12,0.948522,FALSE,7,0,5,1,1,Free_Flow,14,1
5/2/2026 7:15,Autostrad - Sheraton,"30.1065,31.3711",30.1065,31.3711,61,75,22,0.887751,FALSE,7,15,5,1,1,Free_Flow,2,1
5/2/2026 7:30,Tahrir Square,"30.0444,31.2357",30.0444,31.2357,45,79,8,0.921677,FALSE,7,30,5,1,1,Moderate,16,2
5/2/2026 7:45,Corniche El Nil,"30.0263,31.2268",30.0263,31.2268,44,60,8,0.920883,FALSE,7,45,5,1,1,Moderate,3,2
5/2/2026 8:00,Mosheer Tantawy Axis,"30.0242,31.3486",30.0242,31.3486,46,56,34,0.980076,FALSE,8,0,5,1,1,Moderate,7,2
5/2/2026 8:15,Rod El Farag Axis,"30.0881,31.2185",30.0881,31.2185,51,77,11,0.934527,FALSE,8,15,5,1,1,Free_Flow,13,1
5/2/2026 8:30,Ring Road - Marg,"30.1554,31.3323",30.1554,31.3323,68,74,47,0.87201,FALSE,8,30,5,1,1,Free_Flow,11,1
5/2/2026 8:45,Ring Road - Moneeb,"29.9881,31.2227",29.9881,31.2227,63,76,13,0.913508,FALSE,8,45,5,1,1,Free_Flow,12,1
5/2/2026 9:00,Gamaat El Dowal St,"30.0543,31.2005",30.0543,31.2005,44,75,33,0.939359,FALSE,9,0,5,1,1,Moderate,6,2
5/2/2026 9:15,Faisal Street,"30.0051,31.1574",30.0051,31.1574,51,60,35,0.912838,FALSE,9,15,5,1,1,Free_Flow,4,1
5/2/2026 9:30,North 90th Street,"30.0308,31.4721",30.0308,31.4721,66,79,12,0.9717,FALSE,9,30,5,1,1,Free_Flow,8,1
5/2/2026 9:45,South 90th Street,"30.0195,31.4326",30.0195,31.4326,35,62,22,0.943008,FALSE,9,45,5,1,1,Moderate,15,2
5/2/2026 10:00,Ring Road - Maadi,"29.9544,31.2858",29.9544,31.2858,50,69,31,0.911542,FALSE,10,0,5,1,0,Free_Flow,10,1
5/2/2026 10:15,October Bridge,"30.0526,31.2372",30.0526,31.2372,74,74,33,0.904523,FALSE,10,15,5,1,0,Free_Flow,9,1
5/2/2026 10:30,26th July Corridor,"30.0381,31.0264",30.0381,31.0264,41,63,24,0.935408,FALSE,10,30,5,1,0,Moderate,0,2
5/2/2026 10:45,Abbas El Akkad,"30.0631,31.3341",30.0631,31.3341,47,61,18,0.967138,FALSE,10,45,5,1,0,Moderate,1,2
5/2/2026 11:00,Galaa Square,"30.0398,31.2188",30.0398,31.2188,57,76,27,0.883693,FALSE,11,0,5,1,0,Free_Flow,5,1
5/2/2026 11:15,Salah Salem,"30.0645,31.282",30.0645,31.282,70,70,17,0.873074,FALSE,11,15,5,1,0,Free_Flow,14,1
5/2/2026 11:30,Autostrad - Sheraton,"30.1065,31.3711",30.1065,31.3711,36,75,41,0.858001,FALSE,11,30,5,1,0,Moderate,2,2
5/2/2026 11:45,Tahrir Square,"30.0444,31.2357",30.0444,31.2357,68,68,50,0.87876,FALSE,11,45,5,1,0,Free_Flow,16,1
5/2/2026 12:00,Corniche El Nil,"30.0263,31.2268",30.0263,31.2268,66,66,23,0.925729,FALSE,12,0,5,1,0,Free_Flow,3,1
5/2/2026 12:15,Mosheer Tantawy Axis,"30.0242,31.3486",30.0242,31.3486,65,65,13,0.926522,FALSE,12,15,5,1,0,Free_Flow,7,1
5/2/2026 12:30,Rod El Farag Axis,"30.0881,31.2185",30.0881,31.2185,36,55,29,0.933784,FALSE,12,30,5,1,0,Moderate,13,2
5/2/2026 12:45,Ring Road - Marg,"30.1554,31.3323",30.1554,31.3323,74,74,22,0.951394,FALSE,12,45,5,1,0,Free_Flow,11,1
5/2/2026 13:00,Ring Road - Moneeb,"29.9881,31.2227",29.9881,31.2227,62,80,27,0.898572,FALSE,13,0,5,1,0,Free_Flow,12,1
5/2/2026 13:15,Gamaat El Dowal St,"30.0543,31.2005",30.0543,31.2005,72,72,49,0.851438,FALSE,13,15,5,1,0,Free_Flow,6,1
5/2/2026 13:30,Faisal Street,"30.0051,31.1574",30.0051,31.1574,51,64,33,0.860638,FALSE,13,30,5,1,0,Free_Flow,4,1
5/2/2026 13:45,North 90th Street,"30.0308,31.4721",30.0308,31.4721,49,73,33,0.907782,FALSE,13,45,5,1,0,Moderate,8,2
5/2/2026 14:00,South 90th Street,"30.0195,31.4326",30.0195,31.4326,72,72,17,0.940477,FALSE,14,0,5,1,0,Free_Flow,15,1
5/2/2026 14:15,Ring Road - Maadi,"29.9544,31.2858",29.9544,31.2858,52,74,44,0.99639,FALSE,14,15,5,1,0,Free_Flow,10,1
5/2/2026 14:30,October Bridge,"30.0526,31.2372",30.0526,31.2372,48,56,28,0.984472,FALSE,14,30,5,1,0,Moderate,9,2
5/2/2026 14:45,26th July Corridor,"30.0381,31.0264",30.0381,31.0264,75,75,29,0.88839,FALSE,14,45,5,1,0,Free_Flow,0,1
5/2/2026 15:00,Abbas El Akkad,"30.0631,31.3341",30.0631,31.3341,49,55,17,0.976526,FALSE,15,0,5,1,0,Moderate,1,2
5/2/2026 15:15,Galaa Square,"30.0398,31.2188",30.0398,31.2188,62,68,15,0.87105,FALSE,15,15,5,1,0,Free_Flow,5,1
5/2/2026 15:30,Salah Salem,"30.0645,31.282",30.0645,31.282,55,74,28,0.858998,FALSE,15,30,5,1,0,Free_Flow,14,1
5/2/2026 15:45,Autostrad - Sheraton,"30.1065,31.3711",30.1065,31.3711,53,78,34,0.854822,FALSE,15,45,5,1,0,Free_Flow,2,1
5/2/2026 16:00,Tahrir Square,"30.0444,31.2357",30.0444,31.2357,39,61,10,0.972047,FALSE,16,0,5,1,1,Moderate,16,2
5/2/2026 16:15,Corniche El Nil,"30.0263,31.2268",30.0263,31.2268,64,64,12,0.960651,FALSE,16,15,5,1,1,Free_Flow,3,1
5/2/2026 16:30,Mosheer Tantawy Axis,"30.0242,31.3486",30.0242,31.3486,35,66,46,0.980605,FALSE,16,30,5,1,1,Moderate,7,2
5/2/2026 16:45,Rod El Farag Axis,"30.0881,31.2185",30.0881,31.2185,56,61,42,0.913124,FALSE,16,45,5,1,1,Free_Flow,13,1
5/2/2026 17:00,Ring Road - Marg,"30.1554,31.3323",30.1554,31.3323,75,75,34,0.941936,FALSE,17,0,5,1,1,Free_Flow,11,1
5/2/2026 17:15,Ring Road - Moneeb,"29.9881,31.2227",29.9881,31.2227,72,72,22,0.987769,FALSE,17,15,5,1,1,Free_Flow,12,1
5/2/2026 17:30,Gamaat El Dowal St,"30.0543,31.2005",30.0543,31.2005,59,60,30,0.990734,FALSE,17,30,5,1,1,Free_Flow,6,1
5/2/2026 17:45,Faisal Street,"30.0051,31.1574",30.0051,31.1574,54,77,14,0.923731,FALSE,17,45,5,1,1,Free_Flow,4,1
5/2/2026 18:00,North 90th Street,"30.0308,31.4721",30.0308,31.4721,38,74,35,0.939467,FALSE,18,0,5,1,1,Moderate,8,2
5/2/2026 18:15,South 90th Street,"30.0195,31.4326",30.0195,31.4326,43,73,49,0.980639,FALSE,18,15,5,1,1,Moderate,15,2
5/2/2026 18:30,Ring Road - Maadi,"29.9544,31.2858",29.9544,31.2858,73,73,41,0.963212,FALSE,18,30,5,1,1,Free_Flow,10,1
5/2/2026 18:45,October Bridge,"30.0526,31.2372",30.0526,31.2372,49,63,43,0.952906,FALSE,18,45,5,1,1,Moderate,9,2
5/2/2026 19:00,26th July Corridor,"30.0381,31.0264",30.0381,31.0264,47,72,47,0.887829,FALSE,19,0,5,1,1,Moderate,0,2
5/2/2026 19:15,Abbas El Akkad,"30.0631,31.3341",30.0631,31.3341,47,62,24,0.90533,FALSE,19,15,5,1,1,Moderate,1,2
5/2/2026 19:30,Galaa Square,"30.0398,31.2188",30.0398,31.2188,54,75,12,0.957185,FALSE,19,30,5,1,1,Free_Flow,5,1
5/2/2026 19:45,Salah Salem,"30.0645,31.282",30.0645,31.282,48,63,14,0.925115,FALSE,19,45,5,1,1,Moderate,14,2
5/2/2026 20:00,Autostrad - Sheraton,"30.1065,31.3711",30.1065,31.3711,60,60,26,0.980696,FALSE,20,0,5,1,0,Free_Flow,2,1
5/2/2026 20:15,Tahrir Square,"30.0444,31.2357",30.0444,31.2357,43,78,47,0.854811,FALSE,20,15,5,1,0,Moderate,16,2
5/2/2026 20:30,Corniche El Nil,"30.0263,31.2268",30.0263,31.2268,45,61,35,0.963783,FALSE,20,30,5,1,0,Moderate,3,2
5/2/2026 20:45,Mosheer Tantawy Axis,"30.0242,31.3486",30.0242,31.3486,53,59,14,0.896384,FALSE,20,45,5,1,0,Free_Flow,7,1
5/2/2026 21:00,Rod El Farag Axis,"30.0881,31.2185",30.0881,31.2185,68,68,29,0.916738,FALSE,21,0,5,1,0,Free_Flow,13,1
5/2/2026 21:15,Ring Road - Marg,"30.1554,31.3323",30.1554,31.3323,58,58,38,0.937613,FALSE,21,15,5,1,0,Free_Flow,11,1
5/2/2026 21:30,Ring Road - Moneeb,"29.9881,31.2227",29.9881,31.2227,70,70,18,0.852631,FALSE,21,30,5,1,0,Free_Flow,12,1
5/2/2026 21:45,Gamaat El Dowal St,"30.0543,31.2005",30.0543,31.2005,54,72,42,0.929628,FALSE,21,45,5,1,0,Free_Flow,6,1
5/2/2026 22:00,Faisal Street,"30.0051,31.1574",30.0051,31.1574,65,69,24,0.996643,FALSE,22,0,5,1,0,Free_Flow,4,1
5/2/2026 22:15,North 90th Street,"30.0308,31.4721",30.0308,31.4721,35,63,41,0.945153,FALSE,22,15,5,1,0,Moderate,8,2
5/2/2026 22:30,South 90th Street,"30.0195,31.4326",30.0195,31.4326,61,73,44,0.89606,FALSE,22,30,5,1,0,Free_Flow,15,1
5/2/2026 22:45,Ring Road - Maadi,"29.9544,31.2858",29.9544,31.2858,47,62,20,0.871492,FALSE,22,45,5,1,0,Moderate,10,2
5/2/2026 23:00,October Bridge,"30.0526,31.2372",30.0526,31.2372,71,71,42,0.864624,FALSE,23,0,5,1,0,Free_Flow,9,1
5/2/2026 23:15,26th July Corridor,"30.0381,31.0264",30.0381,31.0264,43,76,31,0.941761,FALSE,23,15,5,1,0,Moderate,0,2
5/2/2026 23:30,Abbas El Akkad,"30.0631,31.3341",30.0631,31.3341,44,61,33,0.86186,FALSE,23,30,5,1,0,Moderate,1,2
5/2/2026 23:45,Galaa Square,"30.0398,31.2188",30.0398,31.2188,41,63,8,0.993096,FALSE,23,45,5,1,0,Moderate,5,2
5/3/2026 0:00,Salah Salem,"30.0645,31.282",30.0645,31.282,39,58,49,0.977602,FALSE,0,0,6,1,0,Moderate,14,2
5/3/2026 0:15,Autostrad - Sheraton,"30.1065,31.3711",30.1065,31.3711,29,57,17,0.894572,FALSE,0,15,6,1,0,Moderate,2,2
5/3/2026 0:30,Tahrir Square,"30.0444,31.2357",30.0444,31.2357,48,63,76,0.865044,FALSE,0,30,6,1,0,Moderate,16,2
5/3/2026 0:45,Corniche El Nil,"30.0263,31.2268",30.0263,31.2268,65,77,45,0.955437,FALSE,0,45,6,1,0,Free_Flow,3,1
5/3/2026 1:00,Mosheer Tantawy Axis,"30.0242,31.3486",30.0242,31.3486,51,77,51,0.930384,FALSE,1,0,6,1,0,Free_Flow,7,1
5/3/2026 1:15,Rod El Farag Axis,"30.0881,31.2185",30.0881,31.2185,31,79,34,0.961311,FALSE,1,15,6,1,0,Moderate,13,2
5/3/2026 1:30,Ring Road - Marg,"30.1554,31.3323",30.1554,31.3323,27,79,16,0.858545,FALSE,1,30,6,1,0,Moderate,11,2
5/3/2026 1:45,Ring Road - Moneeb,"29.9881,31.2227",29.9881,31.2227,57,64,48,0.902498,FALSE,1,45,6,1,0,Free_Flow,12,1
5/3/2026 2:00,Gamaat El Dowal St,"30.0543,31.2005",30.0543,31.2005,65,67,72,0.908852,FALSE,2,0,6,1,0,Free_Flow,6,1
5/3/2026 2:15,Faisal Street,"30.0051,31.1574",30.0051,31.1574,62,67,10,0.962406,FALSE,2,15,6,1,0,Free_Flow,4,1
5/3/2026 2:30,North 90th Street,"30.0308,31.4721",30.0308,31.4721,26,64,21,0.951735,FALSE,2,30,6,1,0,Moderate,8,2
5/3/2026 2:45,South 90th Street,"30.0195,31.4326",30.0195,31.4326,48,80,51,0.985097,FALSE,2,45,6,1,0,Moderate,15,2
5/3/2026 3:00,Ring Road - Maadi,"29.9544,31.2858",29.9544,31.2858,37,67,50,0.952806,FALSE,3,0,6,1,0,Moderate,10,2
5/3/2026 3:15,October Bridge,"30.0526,31.2372",30.0526,31.2372,33,71,55,0.989566,FALSE,3,15,6,1,0,Moderate,9,2
5/3/2026 3:30,26th July Corridor,"30.0381,31.0264",30.0381,31.0264,62,74,27,0.876001,FALSE,3,30,6,1,0,Free_Flow,0,1
5/3/2026 3:45,Abbas El Akkad,"30.0631,31.3341",30.0631,31.3341,53,79,53,0.85581,FALSE,3,45,6,1,0,Free_Flow,1,1
5/3/2026 4:00,Galaa Square,"30.0398,31.2188",30.0398,31.2188,61,69,18,0.912718,FALSE,4,0,6,1,0,Free_Flow,5,1
5/3/2026 4:15,Salah Salem,"30.0645,31.282",30.0645,31.282,33,77,37,0.900079,FALSE,4,15,6,1,0,Moderate,14,2
5/3/2026 4:30,Autostrad - Sheraton,"30.1065,31.3711",30.1065,31.3711,60,80,49,0.88858,FALSE,4,30,6,1,0,Free_Flow,2,1
5/3/2026 4:45,Tahrir Square,"30.0444,31.2357",30.0444,31.2357,32,76,79,0.977464,FALSE,4,45,6,1,0,Moderate,16,2
5/3/2026 5:00,Corniche El Nil,"30.0263,31.2268",30.0263,31.2268,30,74,49,0.988602,FALSE,5,0,6,1,0,Moderate,3,2
5/3/2026 5:15,Mosheer Tantawy Axis,"30.0242,31.3486",30.0242,31.3486,45,66,42,0.872146,FALSE,5,15,6,1,0,Moderate,7,2
5/3/2026 5:30,Rod El Farag Axis,"30.0881,31.2185",30.0881,31.2185,61,63,56,0.993835,FALSE,5,30,6,1,0,Free_Flow,13,1
5/3/2026 5:45,Ring Road - Marg,"30.1554,31.3323",30.1554,31.3323,49,66,47,0.886556,FALSE,5,45,6,1,0,Moderate,11,2
5/3/2026 6:00,Ring Road - Moneeb,"29.9881,31.2227",29.9881,31.2227,25,78,79,0.989218,FALSE,6,0,6,1,0,Moderate,12,2
5/3/2026 6:15,Gamaat El Dowal St,"30.0543,31.2005",30.0543,31.2005,55,74,58,0.87122,FALSE,6,15,6,1,0,Free_Flow,6,1
5/3/2026 6:30,Faisal Street,"30.0051,31.1574",30.0051,31.1574,31,70,41,0.907097,FALSE,6,30,6,1,0,Moderate,4,2
5/3/2026 6:45,North 90th Street,"30.0308,31.4721",30.0308,31.4721,30,67,38,0.926589,FALSE,6,45,6,1,0,Moderate,8,2
5/3/2026 7:00,South 90th Street,"30.0195,31.4326",30.0195,31.4326,34,67,120,0.965458,FALSE,7,0,6,1,1,Moderate,15,2
5/3/2026 7:15,Ring Road - Maadi,"29.9544,31.2858",29.9544,31.2858,34,59,79,0.941765,FALSE,7,15,6,1,1,Moderate,10,2
5/3/2026 7:30,October Bridge,"30.0526,31.2372",30.0526,31.2372,23,78,65,0.944396,FALSE,7,30,6,1,1,Moderate,9,2
5/3/2026 7:45,26th July Corridor,"30.0381,31.0264",30.0381,31.0264,10,80,89,0.968384,FALSE,7,45,6,1,1,Congested,0,0
5/3/2026 8:00,Abbas El Akkad,"30.0631,31.3341",30.0631,31.3341,33,68,84,0.947208,FALSE,8,0,6,1,1,Moderate,1,2
5/3/2026 8:15,Galaa Square,"30.0398,31.2188",30.0398,31.2188,26,68,49,0.918527,FALSE,8,15,6,1,1,Moderate,5,2
5/3/2026 8:30,Salah Salem,"30.0645,31.282",30.0645,31.282,24,71,41,0.885726,FALSE,8,30,6,1,1,Moderate,14,2
5/3/2026 8:45,Autostrad - Sheraton,"30.1065,31.3711",30.1065,31.3711,28,70,78,0.939884,FALSE,8,45,6,1,1,Moderate,2,2
5/3/2026 9:00,Tahrir Square,"30.0444,31.2357",30.0444,31.2357,18,58,77,0.859511,FALSE,9,0,6,1,1,Congested,16,0
5/3/2026 9:15,Corniche El Nil,"30.0263,31.2268",30.0263,31.2268,23,79,81,0.865205,FALSE,9,15,6,1,1,Moderate,3,2
5/3/2026 9:30,Mosheer Tantawy Axis,"30.0242,31.3486",30.0242,31.3486,16,71,56,0.957533,FALSE,9,30,6,1,1,Congested,7,0
5/3/2026 9:45,Rod El Farag Axis,"30.0881,31.2185",30.0881,31.2185,29,58,98,0.991622,FALSE,9,45,6,1,1,Moderate,13,2
5/3/2026 10:00,Ring Road - Marg,"30.1554,31.3323",30.1554,31.3323,35,67,99,0.919316,FALSE,10,0,6,1,0,Moderate,11,2
5/3/2026 10:15,Ring Road - Moneeb,"29.9881,31.2227",29.9881,31.2227,20,80,110,0.978106,FALSE,10,15,6,1,0,Moderate,12,2
5/3/2026 10:30,Gamaat El Dowal St,"30.0543,31.2005",30.0543,31.2005,20,77,99,0.960723,FALSE,10,30,6,1,0,Moderate,6,2
5/3/2026 10:45,Faisal Street,"30.0051,31.1574",30.0051,31.1574,34,70,63,0.994924,FALSE,10,45,6,1,0,Moderate,4,2
5/3/2026 11:00,North 90th Street,"30.0308,31.4721",30.0308,31.4721,59,78,72,0.876214,FALSE,11,0,6,1,0,Free_Flow,8,1
5/3/2026 11:15,South 90th Street,"30.0195,31.4326",30.0195,31.4326,34,76,51,0.934368,FALSE,11,15,6,1,0,Moderate,15,2
5/3/2026 11:30,Ring Road - Maadi,"29.9544,31.2858",29.9544,31.2858,52,74,45,0.878918,FALSE,11,30,6,1,0,Free_Flow,10,1
5/3/2026 11:45,October Bridge,"30.0526,31.2372",30.0526,31.2372,47,59,67,0.959754,FALSE,11,45,6,1,0,Moderate,9,2
5/3/2026 12:00,26th July Corridor,"30.0381,31.0264",30.0381,31.0264,48,58,14,0.919789,FALSE,12,0,6,1,0,Moderate,0,2
5/3/2026 12:15,Abbas El Akkad,"30.0631,31.3341",30.0631,31.3341,38,60,62,0.940604,FALSE,12,15,6,1,0,Moderate,1,2
5/3/2026 12:30,Galaa Square,"30.0398,31.2188",30.0398,31.2188,65,65,40,0.898518,FALSE,12,30,6,1,0,Free_Flow,5,1
5/3/2026 12:45,Salah Salem,"30.0645,31.282",30.0645,31.282,51,60,71,0.916368,FALSE,12,45,6,1,0,Free_Flow,14,1
5/3/2026 13:00,Autostrad - Sheraton,"30.1065,31.3711",30.1065,31.3711,55,62,29,0.897429,FALSE,13,0,6,1,0,Free_Flow,2,1
5/3/2026 13:15,Tahrir Square,"30.0444,31.2357",30.0444,31.2357,59,76,39,0.855244,FALSE,13,15,6,1,0,Free_Flow,16,1
5/3/2026 13:30,Corniche El Nil,"30.0263,31.2268",30.0263,31.2268,58,58,25,0.872453,FALSE,13,30,6,1,0,Free_Flow,3,1
5/3/2026 13:45,Mosheer Tantawy Axis,"30.0242,31.3486",30.0242,31.3486,52,79,16,0.933288,FALSE,13,45,6,1,0,Free_Flow,7,1
5/3/2026 14:00,Rod El Farag Axis,"30.0881,31.2185",30.0881,31.2185,52,65,67,0.871547,FALSE,14,0,6,1,0,Free_Flow,13,1
5/3/2026 14:15,Ring Road - Marg,"30.1554,31.3323",30.1554,31.3323,42,58,26,0.981212,FALSE,14,15,6,1,0,Moderate,11,2
5/3/2026 14:30,Ring Road - Moneeb,"29.9881,31.2227",29.9881,31.2227,65,65,47,0.877084,FALSE,14,30,6,1,0,Free_Flow,12,1
5/3/2026 14:45,Gamaat El Dowal St,"30.0543,31.2005",30.0543,31.2005,54,78,47,0.928803,FALSE,14,45,6,1,0,Free_Flow,6,1
5/3/2026 15:00,Faisal Street,"30.0051,31.1574",30.0051,31.1574,63,79,16,0.862398,FALSE,15,0,6,1,0,Free_Flow,4,1
5/3/2026 15:15,North 90th Street,"30.0308,31.4721",30.0308,31.4721,50,80,37,0.878815,FALSE,15,15,6,1,0,Free_Flow,8,1
5/3/2026 15:30,South 90th Street,"30.0195,31.4326",30.0195,31.4326,38,64,31,0.938825,FALSE,15,30,6,1,0,Moderate,15,2
5/3/2026 15:45,Ring Road - Maadi,"29.9544,31.2858",29.9544,31.2858,61,67,65,0.902457,FALSE,15,45,6,1,0,Free_Flow,10,1
5/3/2026 16:00,October Bridge,"30.0526,31.2372",30.0526,31.2372,33,78,44,0.996184,FALSE,16,0,6,1,1,Moderate,9,2
5/3/2026 16:15,26th July Corridor,"30.0381,31.0264",30.0381,31.0264,14,77,110,0.867389,FALSE,16,15,6,1,1,Congested,0,0
5/3/2026 16:30,Abbas El Akkad,"30.0631,31.3341",30.0631,31.3341,19,61,96,0.979188,FALSE,16,30,6,1,1,Congested,1,0
5/3/2026 16:45,Galaa Square,"30.0398,31.2188",30.0398,31.2188,26,60,77,0.974615,FALSE,16,45,6,1,1,Moderate,5,2
5/3/2026 17:00,Salah Salem,"30.0645,31.282",30.0645,31.282,17,71,81,0.918386,FALSE,17,0,6,1,1,Congested,14,0
5/3/2026 17:15,Autostrad - Sheraton,"30.1065,31.3711",30.1065,31.3711,10,62,111,0.953188,FALSE,17,15,6,1,1,Congested,2,0
5/3/2026 17:30,Tahrir Square,"30.0444,31.2357",30.0444,31.2357,22,75,40,0.978866,FALSE,17,30,6,1,1,Moderate,16,2
5/3/2026 17:45,Corniche El Nil,"30.0263,31.2268",30.0263,31.2268,22,69,117,0.940222,FALSE,17,45,6,1,1,Moderate,3,2
5/3/2026 18:00,Mosheer Tantawy Axis,"30.0242,31.3486",30.0242,31.3486,27,78,115,0.872351,FALSE,18,0,6,1,1,Moderate,7,2
5/3/2026 18:15,Rod El Farag Axis,"30.0881,31.2185",30.0881,31.2185,22,65,67,0.988814,FALSE,18,15,6,1,1,Moderate,13,2
5/3/2026 18:30,Ring Road - Marg,"30.1554,31.3323",30.1554,31.3323,22,75,76,0.928129,FALSE,18,30,6,1,1,Moderate,11,2
5/3/2026 18:45,Ring Road - Moneeb,"29.9881,31.2227",29.9881,31.2227,20,79,93,0.902507,FALSE,18,45,6,1,1,Moderate,12,2
5/3/2026 19:00,Gamaat El Dowal St,"30.0543,31.2005",30.0543,31.2005,27,67,98,0.866666,FALSE,19,0,6,1,1,Moderate,6,2
5/3/2026 19:15,Faisal Street,"30.0051,31.1574",30.0051,31.1574,34,65,68,0.977379,FALSE,19,15,6,1,1,Moderate,4,2
5/3/2026 19:30,North 90th Street,"30.0308,31.4721",30.0308,31.4721,29,69,109,0.991676,FALSE,19,30,6,1,1,Moderate,8,2
5/3/2026 19:45,South 90th Street,"30.0195,31.4326",30.0195,31.4326,27,76,64,0.989526,FALSE,19,45,6,1,1,Moderate,15,2
5/3/2026 20:00,Ring Road - Maadi,"29.9544,31.2858",29.9544,31.2858,26,56,69,0.971186,FALSE,20,0,6,1,0,Moderate,10,2
5/3/2026 20:15,October Bridge,"30.0526,31.2372",30.0526,31.2372,18,67,120,0.966238,FALSE,20,15,6,1,0,Congested,9,0
5/3/2026 20:30,26th July Corridor,"30.0381,31.0264",30.0381,31.0264,29,67,112,0.939785,FALSE,20,30,6,1,0,Moderate,0,2
5/3/2026 20:45,Abbas El Akkad,"30.0631,31.3341",30.0631,31.3341,22,72,56,0.997687,FALSE,20,45,6,1,0,Moderate,1,2
5/3/2026 21:00,Galaa Square,"30.0398,31.2188",30.0398,31.2188,39,74,39,0.997745,FALSE,21,0,6,1,0,Moderate,5,2
5/3/2026 21:15,Salah Salem,"30.0645,31.282",30.0645,31.282,39,58,28,0.873832,FALSE,21,15,6,1,0,Moderate,14,2
5/3/2026 21:30,Autostrad - Sheraton,"30.1065,31.3711",30.1065,31.3711,29,55,46,0.961102,FALSE,21,30,6,1,0,Moderate,2,2
5/3/2026 21:45,Tahrir Square,"30.0444,31.2357",30.0444,31.2357,53,56,43,0.931277,FALSE,21,45,6,1,0,Free_Flow,16,1
5/3/2026 22:00,Corniche El Nil,"30.0263,31.2268",30.0263,31.2268,60,60,28,0.904767,FALSE,22,0,6,1,0,Free_Flow,3,1
5/3/2026 22:15,Mosheer Tantawy Axis,"30.0242,31.3486",30.0242,31.3486,36,58,16,0.987284,FALSE,22,15,6,1,0,Moderate,7,2
5/3/2026 22:30,Rod El Farag Axis,"30.0881,31.2185",30.0881,31.2185,45,79,10,0.889143,FALSE,22,30,6,1,0,Moderate,13,2
5/3/2026 22:45,Ring Road - Marg,"30.1554,31.3323",30.1554,31.3323,49,56,46,0.929895,FALSE,22,45,6,1,0,Moderate,11,2
5/3/2026 23:00,Ring Road - Moneeb,"29.9881,31.2227",29.9881,31.2227,54,59,37,0.913205,FALSE,23,0,6,1,0,Free_Flow,12,1
5/3/2026 23:15,Gamaat El Dowal St,"30.0543,31.2005",30.0543,31.2005,35,55,65,0.977176,FALSE,23,15,6,1,0,Moderate,6,2
5/3/2026 23:30,Faisal Street,"30.0051,31.1574",30.0051,31.1574,32,66,62,0.928681,FALSE,23,30,6,1,0,Moderate,4,2
5/3/2026 23:45,North 90th Street,"30.0308,31.4721",30.0308,31.4721,36,68,32,0.913937,FALSE,23,45,6,1,0,Moderate,8,2
5/4/2026 0:00,South 90th Street,"30.0195,31.4326",30.0195,31.4326,33,66,62,0.938236,FALSE,0,0,0,0,0,Moderate,15,2
5/4/2026 0:15,Ring Road - Maadi,"29.9544,31.2858",29.9544,31.2858,62,65,54,0.861246,FALSE,0,15,0,0,0,Free_Flow,10,1
5/4/2026 0:30,October Bridge,"30.0526,31.2372",30.0526,31.2372,44,60,72,0.887264,FALSE,0,30,0,0,0,Moderate,9,2
5/4/2026 0:45,26th July Corridor,"30.0381,31.0264",30.0381,31.0264,26,60,34,0.867061,FALSE,0,45,0,0,0,Moderate,0,2
5/4/2026 1:00,Abbas El Akkad,"30.0631,31.3341",30.0631,31.3341,41,68,17,0.990472,FALSE,1,0,0,0,0,Moderate,1,2
5/4/2026 1:15,Galaa Square,"30.0398,31.2188",30.0398,31.2188,62,77,60,0.868308,FALSE,1,15,0,0,0,Free_Flow,5,1
5/4/2026 1:30,Salah Salem,"30.0645,31.282",30.0645,31.282,49,56,24,0.864445,FALSE,1,30,0,0,0,Moderate,14,2
5/4/2026 1:45,Autostrad - Sheraton,"30.1065,31.3711",30.1065,31.3711,29,55,60,0.984821,FALSE,1,45,0,0,0,Moderate,2,2
5/4/2026 2:00,Tahrir Square,"30.0444,31.2357",30.0444,31.2357,35,63,50,0.911697,FALSE,2,0,0,0,0,Moderate,16,2
5/4/2026 2:15,Corniche El Nil,"30.0263,31.2268",30.0263,31.2268,49,79,63,0.936258,FALSE,2,15,0,0,0,Moderate,3,2
5/4/2026 2:30,Mosheer Tantawy Axis,"30.0242,31.3486",30.0242,31.3486,62,68,56,0.864764,FALSE,2,30,0,0,0,Free_Flow,7,1
5/4/2026 2:45,Rod El Farag Axis,"30.0881,31.2185",30.0881,31.2185,56,77,51,0.931864,FALSE,2,45,0,0,0,Free_Flow,13,1
5/4/2026 3:00,Ring Road - Marg,"30.1554,31.3323",30.1554,31.3323,59,63,13,0.880685,FALSE,3,0,0,0,0,Free_Flow,11,1
5/4/2026 3:15,Ring Road - Moneeb,"29.9881,31.2227",29.9881,31.2227,33,70,30,0.929969,FALSE,3,15,0,0,0,Moderate,12,2
5/4/2026 3:30,Gamaat El Dowal St,"30.0543,31.2005",30.0543,31.2005,60,60,63,0.961702,FALSE,3,30,0,0,0,Free_Flow,6,1
5/4/2026 3:45,Faisal Street,"30.0051,31.1574",30.0051,31.1574,52,80,41,0.885073,FALSE,3,45,0,0,0,Free_Flow,4,1
5/4/2026 4:00,North 90th Street,"30.0308,31.4721",30.0308,31.4721,53,69,10,0.933887,FALSE,4,0,0,0,0,Free_Flow,8,1
5/4/2026 4:15,South 90th Street,"30.0195,31.4326",30.0195,31.4326,33,56,63,0.989888,FALSE,4,15,0,0,0,Moderate,15,2
5/4/2026 4:30,Ring Road - Maadi,"29.9544,31.2858",29.9544,31.2858,39,75,14,0.858503,FALSE,4,30,0,0,0,Moderate,10,2
5/4/2026 4:45,October Bridge,"30.0526,31.2372",30.0526,31.2372,50,56,37,0.928706,FALSE,4,45,0,0,0,Free_Flow,9,1
5/4/2026 5:00,26th July Corridor,"30.0381,31.0264",30.0381,31.0264,64,64,55,0.977503,FALSE,5,0,0,0,0,Free_Flow,0,1
5/4/2026 5:15,Abbas El Akkad,"30.0631,31.3341",30.0631,31.3341,29,66,12,0.87024,FALSE,5,15,0,0,0,Moderate,1,2
5/4/2026 5:30,Galaa Square,"30.0398,31.2188",30.0398,31.2188,36,59,26,0.868835,FALSE,5,30,0,0,0,Moderate,5,2
5/4/2026 5:45,Salah Salem,"30.0645,31.282",30.0645,31.282,27,64,52,0.85474,FALSE,5,45,0,0,0,Moderate,14,2
5/4/2026 6:00,Autostrad - Sheraton,"30.1065,31.3711",30.1065,31.3711,54,67,38,0.924386,FALSE,6,0,0,0,0,Free_Flow,2,1
5/4/2026 6:15,Tahrir Square,"30.0444,31.2357",30.0444,31.2357,32,61,53,0.939606,FALSE,6,15,0,0,0,Moderate,16,2
5/4/2026 6:30,Corniche El Nil,"30.0263,31.2268",30.0263,31.2268,51,79,65,0.965877,FALSE,6,30,0,0,0,Free_Flow,3,1
5/4/2026 6:45,Mosheer Tantawy Axis,"30.0242,31.3486",30.0242,31.3486,64,68,48,0.941344,FALSE,6,45,0,0,0,Free_Flow,7,1
5/4/2026 7:00,Rod El Farag Axis,"30.0881,31.2185",30.0881,31.2185,16,67,99,0.998854,FALSE,7,0,0,0,1,Congested,13,0
5/4/2026 7:15,Ring Road - Marg,"30.1554,31.3323",30.1554,31.3323,25,56,71,0.967097,FALSE,7,15,0,0,1,Moderate,11,2
5/4/2026 7:30,Ring Road - Moneeb,"29.9881,31.2227",29.9881,31.2227,29,78,67,0.985727,FALSE,7,30,0,0,1,Moderate,12,2
5/4/2026 7:45,Gamaat El Dowal St,"30.0543,31.2005",30.0543,31.2005,18,60,107,0.972822,FALSE,7,45,0,0,1,Congested,6,0
5/4/2026 8:00,Faisal Street,"30.0051,31.1574",30.0051,31.1574,14,75,81,0.896892,FALSE,8,0,0,0,1,Congested,4,0
5/4/2026 8:15,North 90th Street,"30.0308,31.4721",30.0308,31.4721,15,75,42,0.877499,FALSE,8,15,0,0,1,Congested,8,0
5/4/2026 8:30,South 90th Street,"30.0195,31.4326",30.0195,31.4326,31,70,112,0.854001,FALSE,8,30,0,0,1,Moderate,15,2
5/4/2026 8:45,Ring Road - Maadi,"29.9544,31.2858",29.9544,31.2858,12,70,49,0.870714,FALSE,8,45,0,0,1,Congested,10,0
5/4/2026 9:00,October Bridge,"30.0526,31.2372",30.0526,31.2372,11,70,91,0.87119,FALSE,9,0,0,0,1,Congested,9,0
5/4/2026 9:15,26th July Corridor,"30.0381,31.0264",30.0381,31.0264,21,65,77,0.855186,FALSE,9,15,0,0,1,Moderate,0,2
5/4/2026 9:30,Abbas El Akkad,"30.0631,31.3341",30.0631,31.3341,20,59,51,0.945882,FALSE,9,30,0,0,1,Moderate,1,2
5/4/2026 9:45,Galaa Square,"30.0398,31.2188",30.0398,31.2188,25,73,114,0.900351,FALSE,9,45,0,0,1,Moderate,5,2
5/4/2026 10:00,Salah Salem,"30.0645,31.282",30.0645,31.282,29,79,60,0.920548,FALSE,10,0,0,0,0,Moderate,14,2
5/4/2026 10:15,Autostrad - Sheraton,"30.1065,31.3711",30.1065,31.3711,23,58,68,0.99143,FALSE,10,15,0,0,0,Moderate,2,2
5/4/2026 10:30,Tahrir Square,"30.0444,31.2357",30.0444,31.2357,24,68,72,0.945447,FALSE,10,30,0,0,0,Moderate,16,2
5/4/2026 10:45,Corniche El Nil,"30.0263,31.2268",30.0263,31.2268,10,74,49,0.982012,FALSE,10,45,0,0,0,Congested,3,0
5/4/2026 11:00,Mosheer Tantawy Axis,"30.0242,31.3486",30.0242,31.3486,57,74,66,0.972906,FALSE,11,0,0,0,0,Free_Flow,7,1
5/4/2026 11:15,Rod El Farag Axis,"30.0881,31.2185",30.0881,31.2185,59,63,16,0.941861,FALSE,11,15,0,0,0,Free_Flow,13,1
5/4/2026 11:30,Ring Road - Marg,"30.1554,31.3323",30.1554,31.3323,54,63,19,0.966789,FALSE,11,30,0,0,0,Free_Flow,11,1
5/4/2026 11:45,Ring Road - Moneeb,"29.9881,31.2227",29.9881,31.2227,39,60,54,0.909825,FALSE,11,45,0,0,0,Moderate,12,2
5/4/2026 12:00,Gamaat El Dowal St,"30.0543,31.2005",30.0543,31.2005,56,75,31,0.902937,FALSE,12,0,0,0,0,Free_Flow,6,1
5/4/2026 12:15,Faisal Street,"30.0051,31.1574",30.0051,31.1574,33,60,44,0.985925,FALSE,12,15,0,0,0,Moderate,4,2
5/4/2026 12:30,North 90th Street,"30.0308,31.4721",30.0308,31.4721,36,61,14,0.885329,FALSE,12,30,0,0,0,Moderate,8,2
5/4/2026 12:45,South 90th Street,"30.0195,31.4326",30.0195,31.4326,58,77,31,0.975881,FALSE,12,45,0,0,0,Free_Flow,15,1
5/4/2026 13:00,Ring Road - Maadi,"29.9544,31.2858",29.9544,31.2858,47,79,54,0.943194,FALSE,13,0,0,0,0,Moderate,10,2
5/4/2026 13:15,October Bridge,"30.0526,31.2372",30.0526,31.2372,33,65,45,0.96677,FALSE,13,15,0,0,0,Moderate,9,2
5/4/2026 13:30,26th July Corridor,"30.0381,31.0264",30.0381,31.0264,49,66,17,0.910093,FALSE,13,30,0,0,0,Moderate,0,2
5/4/2026 13:45,Abbas El Akkad,"30.0631,31.3341",30.0631,31.3341,60,77,77,0.854235,FALSE,13,45,0,0,0,Free_Flow,1,1
5/4/2026 14:00,Galaa Square,"30.0398,31.2188",30.0398,31.2188,56,71,57,0.966898,FALSE,14,0,0,0,0,Free_Flow,5,1
5/4/2026 14:15,Salah Salem,"30.0645,31.282",30.0645,31.282,59,74,51,0.947978,FALSE,14,15,0,0,0,Free_Flow,14,1
5/4/2026 14:30,Autostrad - Sheraton,"30.1065,31.3711",30.1065,31.3711,57,67,25,0.872502,FALSE,14,30,0,0,0,Free_Flow,2,1
5/4/2026 14:45,Tahrir Square,"30.0444,31.2357",30.0444,31.2357,51,59,71,0.931701,FALSE,14,45,0,0,0,Free_Flow,16,1
5/4/2026 15:00,Corniche El Nil,"30.0263,31.2268",30.0263,31.2268,60,60,64,0.960389,FALSE,15,0,0,0,0,Free_Flow,3,1
5/4/2026 15:15,Mosheer Tantawy Axis,"30.0242,31.3486",30.0242,31.3486,25,69,28,0.862756,FALSE,15,15,0,0,0,Moderate,7,2
5/4/2026 15:30,Rod El Farag Axis,"30.0881,31.2185",30.0881,31.2185,61,76,57,0.974938,FALSE,15,30,0,0,0,Free_Flow,13,1
5/4/2026 15:45,Ring Road - Marg,"30.1554,31.3323",30.1554,31.3323,38,63,33,0.980982,FALSE,15,45,0,0,0,Moderate,11,2
5/4/2026 16:00,Ring Road - Moneeb,"29.9881,31.2227",29.9881,31.2227,19,55,75,0.915655,FALSE,16,0,0,0,1,Congested,12,0
5/4/2026 16:15,Gamaat El Dowal St,"30.0543,31.2005",30.0543,31.2005,29,70,106,0.979106,FALSE,16,15,0,0,1,Moderate,6,2
5/4/2026 16:30,Faisal Street,"30.0051,31.1574",30.0051,31.1574,24,74,55,0.874444,FALSE,16,30,0,0,1,Moderate,4,2
5/4/2026 16:45,North 90th Street,"30.0308,31.4721",30.0308,31.4721,35,80,120,0.989316,FALSE,16,45,0,0,1,Moderate,8,2
5/4/2026 17:00,South 90th Street,"30.0195,31.4326",30.0195,31.4326,21,61,64,0.96628,FALSE,17,0,0,0,1,Moderate,15,2
5/4/2026 17:15,Ring Road - Maadi,"29.9544,31.2858",29.9544,31.2858,11,68,56,0.996933,FALSE,17,15,0,0,1,Congested,10,0
5/4/2026 17:30,October Bridge,"30.0526,31.2372",30.0526,31.2372,13,65,78,0.946271,FALSE,17,30,0,0,1,Congested,9,0
5/4/2026 17:45,26th July Corridor,"30.0381,31.0264",30.0381,31.0264,11,67,88,0.921737,FALSE,17,45,0,0,1,Congested,0,0
5/4/2026 18:00,Abbas El Akkad,"30.0631,31.3341",30.0631,31.3341,15,80,41,0.962671,FALSE,18,0,0,0,1,Congested,1,0
5/4/2026 18:15,Galaa Square,"30.0398,31.2188",30.0398,31.2188,15,80,114,0.865709,FALSE,18,15,0,0,1,Congested,5,0
5/4/2026 18:30,Salah Salem,"30.0645,31.282",30.0645,31.282,32,69,72,0.939854,FALSE,18,30,0,0,1,Moderate,14,2
5/4/2026 18:45,Autostrad - Sheraton,"30.1065,31.3711",30.1065,31.3711,18,71,101,0.878673,FALSE,18,45,0,0,1,Congested,2,0
5/4/2026 19:00,Tahrir Square,"30.0444,31.2357",30.0444,31.2357,12,55,77,0.895132,FALSE,19,0,0,0,1,Congested,16,0
5/4/2026 19:15,Corniche El Nil,"30.0263,31.2268",30.0263,31.2268,19,72,44,0.865923,FALSE,19,15,0,0,1,Congested,3,0
5/4/2026 19:30,Mosheer Tantawy Axis,"30.0242,31.3486",30.0242,31.3486,25,64,65,0.949281,FALSE,19,30,0,0,1,Moderate,7,2
5/4/2026 19:45,Rod El Farag Axis,"30.0881,31.2185",30.0881,31.2185,15,77,85,0.940039,FALSE,19,45,0,0,1,Congested,13,0
5/4/2026 20:00,Ring Road - Marg,"30.1554,31.3323",30.1554,31.3323,35,67,67,0.958735,FALSE,20,0,0,0,0,Moderate,11,2
5/4/2026 20:15,Ring Road - Moneeb,"29.9881,31.2227",29.9881,31.2227,29,70,117,0.859649,FALSE,20,15,0,0,0,Moderate,12,2
5/4/2026 20:30,Gamaat El Dowal St,"30.0543,31.2005",30.0543,31.2005,21,56,99,0.990852,FALSE,20,30,0,0,0,Moderate,6,2
5/4/2026 20:45,Faisal Street,"30.0051,31.1574",30.0051,31.1574,14,61,99,0.969588,FALSE,20,45,0,0,0,Congested,4,0
5/4/2026 21:00,North 90th Street,"30.0308,31.4721",30.0308,31.4721,45,76,28,0.875548,FALSE,21,0,0,0,0,Moderate,8,2
5/4/2026 21:15,South 90th Street,"30.0195,31.4326",30.0195,31.4326,45,56,67,0.925342,FALSE,21,15,0,0,0,Moderate,15,2
5/4/2026 21:30,Ring Road - Maadi,"29.9544,31.2858",29.9544,31.2858,61,72,59,0.882913,FALSE,21,30,0,0,0,Free_Flow,10,1
5/4/2026 21:45,October Bridge,"30.0526,31.2372",30.0526,31.2372,39,55,21,0.871098,FALSE,21,45,0,0,0,Moderate,9,2
5/4/2026 22:00,26th July Corridor,"30.0381,31.0264",30.0381,31.0264,53,72,67,0.912521,FALSE,22,0,0,0,0,Free_Flow,0,1
5/4/2026 22:15,Abbas El Akkad,"30.0631,31.3341",30.0631,31.3341,27,70,32,0.895152,FALSE,22,15,0,0,0,Moderate,1,2
5/4/2026 22:30,Galaa Square,"30.0398,31.2188",30.0398,31.2188,32,69,51,0.992901,FALSE,22,30,0,0,0,Moderate,5,2
5/4/2026 22:45,Salah Salem,"30.0645,31.282",30.0645,31.282,27,72,60,0.945031,FALSE,22,45,0,0,0,Moderate,14,2
5/4/2026 23:00,Autostrad - Sheraton,"30.1065,31.3711",30.1065,31.3711,51,67,77,0.939716,FALSE,23,0,0,0,0,Free_Flow,2,1
5/4/2026 23:15,Tahrir Square,"30.0444,31.2357",30.0444,31.2357,40,72,40,0.905393,FALSE,23,15,0,0,0,Moderate,16,2
5/4/2026 23:30,Corniche El Nil,"30.0263,31.2268",30.0263,31.2268,45,78,65,0.958853,FALSE,23,30,0,0,0,Moderate,3,2
5/4/2026 23:45,Mosheer Tantawy Axis,"30.0242,31.3486",30.0242,31.3486,38,56,78,0.911524,FALSE,23,45,0,0,0,Moderate,7,2
5/5/2026 0:00,Rod El Farag Axis,"30.0881,31.2185",30.0881,31.2185,27,72,80,0.863178,FALSE,0,0,1,0,0,Moderate,13,2
5/5/2026 0:15,Ring Road - Marg,"30.1554,31.3323",30.1554,31.3323,54,60,45,0.992055,FALSE,0,15,1,0,0,Free_Flow,11,1
5/5/2026 0:30,Ring Road - Moneeb,"29.9881,31.2227",29.9881,31.2227,33,59,19,0.922967,FALSE,0,30,1,0,0,Moderate,12,2
5/5/2026 0:45,Gamaat El Dowal St,"30.0543,31.2005",30.0543,31.2005,38,64,43,0.850676,FALSE,0,45,1,0,0,Moderate,6,2
5/5/2026 1:00,Faisal Street,"30.0051,31.1574",30.0051,31.1574,53,74,46,0.985919,FALSE,1,0,1,0,0,Free_Flow,4,1
5/5/2026 1:15,North 90th Street,"30.0308,31.4721",30.0308,31.4721,54,55,61,0.902786,FALSE,1,15,1,0,0,Free_Flow,8,1
5/5/2026 1:30,South 90th Street,"30.0195,31.4326",30.0195,31.4326,39,55,11,0.858194,FALSE,1,30,1,0,0,Moderate,15,2
5/5/2026 1:45,Ring Road - Maadi,"29.9544,31.2858",29.9544,31.2858,53,58,27,0.995777,FALSE,1,45,1,0,0,Free_Flow,10,1
5/5/2026 2:00,October Bridge,"30.0526,31.2372",30.0526,31.2372,36,73,75,0.996245,FALSE,2,0,1,0,0,Moderate,9,2
5/5/2026 2:15,26th July Corridor,"30.0381,31.0264",30.0381,31.0264,42,71,33,0.914473,FALSE,2,15,1,0,0,Moderate,0,2
5/5/2026 2:30,Abbas El Akkad,"30.0631,31.3341",30.0631,31.3341,49,68,62,0.929432,FALSE,2,30,1,0,0,Moderate,1,2
5/5/2026 2:45,Galaa Square,"30.0398,31.2188",30.0398,31.2188,38,68,68,0.913944,FALSE,2,45,1,0,0,Moderate,5,2
5/5/2026 3:00,Salah Salem,"30.0645,31.282",30.0645,31.282,46,59,32,0.886741,FALSE,3,0,1,0,0,Moderate,14,2
5/5/2026 3:15,Autostrad - Sheraton,"30.1065,31.3711",30.1065,31.3711,39,56,32,0.911098,FALSE,3,15,1,0,0,Moderate,2,2
5/5/2026 3:30,Tahrir Square,"30.0444,31.2357",30.0444,31.2357,44,78,25,0.972342,FALSE,3,30,1,0,0,Moderate,16,2
5/5/2026 3:45,Corniche El Nil,"30.0263,31.2268",30.0263,31.2268,57,71,73,0.971702,FALSE,3,45,1,0,0,Free_Flow,3,1
5/5/2026 4:00,Mosheer Tantawy Axis,"30.0242,31.3486",30.0242,31.3486,30,61,33,0.908482,FALSE,4,0,1,0,0,Moderate,7,2
5/5/2026 4:15,Rod El Farag Axis,"30.0881,31.2185",30.0881,31.2185,40,60,38,0.883096,FALSE,4,15,1,0,0,Moderate,13,2
5/5/2026 4:30,Ring Road - Marg,"30.1554,31.3323",30.1554,31.3323,25,65,60,0.855009,FALSE,4,30,1,0,0,Moderate,11,2
5/5/2026 4:45,Ring Road - Moneeb,"29.9881,31.2227",29.9881,31.2227,65,65,77,0.984969,FALSE,4,45,1,0,0,Free_Flow,12,1
5/5/2026 5:00,Gamaat El Dowal St,"30.0543,31.2005",30.0543,31.2005,48,73,35,0.938095,FALSE,5,0,1,0,0,Moderate,6,2
5/5/2026 5:15,Faisal Street,"30.0051,31.1574",30.0051,31.1574,45,58,41,0.930905,FALSE,5,15,1,0,0,Moderate,4,2
5/5/2026 5:30,North 90th Street,"30.0308,31.4721",30.0308,31.4721,28,67,25,0.941868,FALSE,5,30,1,0,0,Moderate,8,2
5/5/2026 5:45,South 90th Street,"30.0195,31.4326",30.0195,31.4326,36,70,73,0.86993,FALSE,5,45,1,0,0,Moderate,15,2
5/5/2026 6:00,Ring Road - Maadi,"29.9544,31.2858",29.9544,31.2858,57,79,37,0.868235,FALSE,6,0,1,0,0,Free_Flow,10,1
5/5/2026 6:15,October Bridge,"30.0526,31.2372",30.0526,31.2372,58,64,79,0.94007,FALSE,6,15,1,0,0,Free_Flow,9,1
5/5/2026 6:30,26th July Corridor,"30.0381,31.0264",30.0381,31.0264,65,68,19,0.998805,FALSE,6,30,1,0,0,Free_Flow,0,1
5/5/2026 6:45,Abbas El Akkad,"30.0631,31.3341",30.0631,31.3341,62,73,30,0.867934,FALSE,6,45,1,0,0,Free_Flow,1,1
5/5/2026 7:00,Galaa Square,"30.0398,31.2188",30.0398,31.2188,23,79,103,0.881057,FALSE,7,0,1,0,1,Moderate,5,2
5/5/2026 7:15,Salah Salem,"30.0645,31.282",30.0645,31.282,21,61,84,0.918159,FALSE,7,15,1,0,1,Moderate,14,2
5/5/2026 7:30,Autostrad - Sheraton,"30.1065,31.3711",30.1065,31.3711,28,72,86,0.950699,FALSE,7,30,1,0,1,Moderate,2,2
5/5/2026 7:45,Tahrir Square,"30.0444,31.2357",30.0444,31.2357,15,69,115,0.914093,FALSE,7,45,1,0,1,Congested,16,0
5/5/2026 8:00,Corniche El Nil,"30.0263,31.2268",30.0263,31.2268,18,62,103,0.940545,FALSE,8,0,1,0,1,Congested,3,0
5/5/2026 8:15,Mosheer Tantawy Axis,"30.0242,31.3486",30.0242,31.3486,26,80,69,0.916949,FALSE,8,15,1,0,1,Moderate,7,2
5/5/2026 8:30,Rod El Farag Axis,"30.0881,31.2185",30.0881,31.2185,22,78,51,0.956268,FALSE,8,30,1,0,1,Moderate,13,2
5/5/2026 8:45,Ring Road - Marg,"30.1554,31.3323",30.1554,31.3323,29,77,112,0.853619,FALSE,8,45,1,0,1,Moderate,11,2
5/5/2026 9:00,Ring Road - Moneeb,"29.9881,31.2227",29.9881,31.2227,22,78,70,0.904266,FALSE,9,0,1,0,1,Moderate,12,2
5/5/2026 9:15,Gamaat El Dowal St,"30.0543,31.2005",30.0543,31.2005,25,64,98,0.984853,FALSE,9,15,1,0,1,Moderate,6,2
5/5/2026 9:30,Faisal Street,"30.0051,31.1574",30.0051,31.1574,29,63,67,0.891765,FALSE,9,30,1,0,1,Moderate,4,2
5/5/2026 9:45,North 90th Street,"30.0308,31.4721",30.0308,31.4721,22,76,55,0.982967,FALSE,9,45,1,0,1,Moderate,8,2
5/5/2026 10:00,South 90th Street,"30.0195,31.4326",30.0195,31.4326,22,60,114,0.94903,FALSE,10,0,1,0,0,Moderate,15,2
5/5/2026 10:15,Ring Road - Maadi,"29.9544,31.2858",29.9544,31.2858,34,61,86,0.85025,FALSE,10,15,1,0,0,Moderate,10,2
5/5/2026 10:30,October Bridge,"30.0526,31.2372",30.0526,31.2372,11,59,112,0.953168,FALSE,10,30,1,0,0,Congested,9,0
5/5/2026 10:45,26th July Corridor,"30.0381,31.0264",30.0381,31.0264,23,60,112,0.991514,FALSE,10,45,1,0,0,Moderate,0,2
5/5/2026 11:00,Abbas El Akkad,"30.0631,31.3341",30.0631,31.3341,26,57,75,0.943094,FALSE,11,0,1,0,0,Moderate,1,2
5/5/2026 11:15,Galaa Square,"30.0398,31.2188",30.0398,31.2188,41,56,18,0.983082,FALSE,11,15,1,0,0,Moderate,5,2
5/5/2026 11:30,Salah Salem,"30.0645,31.282",30.0645,31.282,40,62,54,0.892828,FALSE,11,30,1,0,0,Moderate,14,2
5/5/2026 11:45,Autostrad - Sheraton,"30.1065,31.3711",30.1065,31.3711,26,64,13,0.944236,FALSE,11,45,1,0,0,Moderate,2,2
5/5/2026 12:00,Tahrir Square,"30.0444,31.2357",30.0444,31.2357,25,56,25,0.993762,FALSE,12,0,1,0,0,Moderate,16,2
5/5/2026 12:15,Corniche El Nil,"30.0263,31.2268",30.0263,31.2268,33,67,40,0.935737,FALSE,12,15,1,0,0,Moderate,3,2
5/5/2026 12:30,Mosheer Tantawy Axis,"30.0242,31.3486",30.0242,31.3486,61,61,30,0.905205,FALSE,12,30,1,0,0,Free_Flow,7,1
5/5/2026 12:45,Rod El Farag Axis,"30.0881,31.2185",30.0881,31.2185,57,59,19,0.944823,FALSE,12,45,1,0,0,Free_Flow,13,1
5/5/2026 13:00,Ring Road - Marg,"30.1554,31.3323",30.1554,31.3323,30,62,15,0.871165,FALSE,13,0,1,0,0,Moderate,11,2
5/5/2026 13:15,Ring Road - Moneeb,"29.9881,31.2227",29.9881,31.2227,60,77,45,0.876735,FALSE,13,15,1,0,0,Free_Flow,12,1
5/5/2026 13:30,Gamaat El Dowal St,"30.0543,31.2005",30.0543,31.2005,52,62,26,0.941679,FALSE,13,30,1,0,0,Free_Flow,6,1
5/5/2026 13:45,Faisal Street,"30.0051,31.1574",30.0051,31.1574,41,69,37,0.906721,FALSE,13,45,1,0,0,Moderate,4,2
5/5/2026 14:00,North 90th Street,"30.0308,31.4721",30.0308,31.4721,46,58,30,0.867202,FALSE,14,0,1,0,0,Moderate,8,2
5/5/2026 14:15,South 90th Street,"30.0195,31.4326",30.0195,31.4326,45,56,53,0.856328,FALSE,14,15,1,0,0,Moderate,15,2
5/5/2026 14:30,Ring Road - Maadi,"29.9544,31.2858",29.9544,31.2858,38,63,13,0.942179,FALSE,14,30,1,0,0,Moderate,10,2
5/5/2026 14:45,October Bridge,"30.0526,31.2372",30.0526,31.2372,53,56,72,0.857241,FALSE,14,45,1,0,0,Free_Flow,9,1
5/5/2026 15:00,26th July Corridor,"30.0381,31.0264",30.0381,31.0264,64,77,45,0.918879,FALSE,15,0,1,0,0,Free_Flow,0,1
5/5/2026 15:15,Abbas El Akkad,"30.0631,31.3341",30.0631,31.3341,26,69,54,0.91457,FALSE,15,15,1,0,0,Moderate,1,2
5/5/2026 15:30,Galaa Square,"30.0398,31.2188",30.0398,31.2188,42,66,55,0.917903,FALSE,15,30,1,0,0,Moderate,5,2
5/5/2026 15:45,Salah Salem,"30.0645,31.282",30.0645,31.282,51,64,63,0.878704,FALSE,15,45,1,0,0,Free_Flow,14,1
5/5/2026 16:00,Autostrad - Sheraton,"30.1065,31.3711",30.1065,31.3711,35,56,60,0.859421,FALSE,16,0,1,0,1,Moderate,2,2
5/5/2026 16:15,Tahrir Square,"30.0444,31.2357",30.0444,31.2357,35,77,93,0.946057,FALSE,16,15,1,0,1,Moderate,16,2
5/5/2026 16:30,Corniche El Nil,"30.0263,31.2268",30.0263,31.2268,14,73,85,0.907414,FALSE,16,30,1,0,1,Congested,3,0
5/5/2026 16:45,Mosheer Tantawy Axis,"30.0242,31.3486",30.0242,31.3486,21,68,98,0.863353,FALSE,16,45,1,0,1,Moderate,7,2
5/5/2026 17:00,Rod El Farag Axis,"30.0881,31.2185",30.0881,31.2185,25,59,96,0.987403,FALSE,17,0,1,0,1,Moderate,13,2
5/5/2026 17:15,Ring Road - Marg,"30.1554,31.3323",30.1554,31.3323,30,55,45,0.904647,FALSE,17,15,1,0,1,Moderate,11,2
5/5/2026 17:30,Ring Road - Moneeb,"29.9881,31.2227",29.9881,31.2227,23,71,76,0.870584,FALSE,17,30,1,0,1,Moderate,12,2
5/5/2026 17:45,Gamaat El Dowal St,"30.0543,31.2005",30.0543,31.2005,27,66,50,0.92866,FALSE,17,45,1,0,1,Moderate,6,2
5/5/2026 18:00,Faisal Street,"30.0051,31.1574",30.0051,31.1574,12,75,65,0.902551,FALSE,18,0,1,0,1,Congested,4,0
5/5/2026 18:15,North 90th Street,"30.0308,31.4721",30.0308,31.4721,10,68,93,0.933232,FALSE,18,15,1,0,1,Congested,8,0
5/5/2026 18:30,South 90th Street,"30.0195,31.4326",30.0195,31.4326,31,60,103,0.970721,FALSE,18,30,1,0,1,Moderate,15,2
5/5/2026 18:45,Ring Road - Maadi,"29.9544,31.2858",29.9544,31.2858,20,78,57,0.895053,FALSE,18,45,1,0,1,Moderate,10,2
5/5/2026 19:00,October Bridge,"30.0526,31.2372",30.0526,31.2372,33,74,99,0.964438,FALSE,19,0,1,0,1,Moderate,9,2
5/5/2026 19:15,26th July Corridor,"30.0381,31.0264",30.0381,31.0264,21,68,84,0.907562,FALSE,19,15,1,0,1,Moderate,0,2
5/5/2026 19:30,Abbas El Akkad,"30.0631,31.3341",30.0631,31.3341,14,72,53,0.885166,FALSE,19,30,1,0,1,Congested,1,0
5/5/2026 19:45,Galaa Square,"30.0398,31.2188",30.0398,31.2188,11,60,111,0.856948,FALSE,19,45,1,0,1,Congested,5,0
5/5/2026 20:00,Salah Salem,"30.0645,31.282",30.0645,31.282,19,66,84,0.997396,FALSE,20,0,1,0,0,Congested,14,0
5/5/2026 20:15,Autostrad - Sheraton,"30.1065,31.3711",30.1065,31.3711,23,72,110,0.946264,FALSE,20,15,1,0,0,Moderate,2,2
5/5/2026 20:30,Tahrir Square,"30.0444,31.2357",30.0444,31.2357,19,75,70,0.92176,FALSE,20,30,1,0,0,Congested,16,0
5/5/2026 20:45,Corniche El Nil,"30.0263,31.2268",30.0263,31.2268,20,62,77,0.958941,FALSE,20,45,1,0,0,Moderate,3,2
5/5/2026 21:00,Mosheer Tantawy Axis,"30.0242,31.3486",30.0242,31.3486,56,79,56,0.997301,FALSE,21,0,1,0,0,Free_Flow,7,1
5/5/2026 21:15,Rod El Farag Axis,"30.0881,31.2185",30.0881,31.2185,55,59,26,0.932722,FALSE,21,15,1,0,0,Free_Flow,13,1
5/5/2026 21:30,Ring Road - Marg,"30.1554,31.3323",30.1554,31.3323,40,58,78,0.863325,FALSE,21,30,1,0,0,Moderate,11,2
5/5/2026 21:45,Ring Road - Moneeb,"29.9881,31.2227",29.9881,31.2227,48,61,32,0.8765,FALSE,21,45,1,0,0,Moderate,12,2
5/5/2026 22:00,Gamaat El Dowal St,"30.0543,31.2005",30.0543,31.2005,53,71,68,0.857978,FALSE,22,0,1,0,0,Free_Flow,6,1
5/5/2026 22:15,Faisal Street,"30.0051,31.1574",30.0051,31.1574,56,61,15,0.992532,FALSE,22,15,1,0,0,Free_Flow,4,1
5/5/2026 22:30,North 90th Street,"30.0308,31.4721",30.0308,31.4721,60,78,75,0.997143,FALSE,22,30,1,0,0,Free_Flow,8,1
5/5/2026 22:45,South 90th Street,"30.0195,31.4326",30.0195,31.4326,56,74,70,0.959327,FALSE,22,45,1,0,0,Free_Flow,15,1
5/5/2026 23:00,Ring Road - Maadi,"29.9544,31.2858",29.9544,31.2858,28,56,54,0.881611,FALSE,23,0,1,0,0,Moderate,10,2
5/5/2026 23:15,October Bridge,"30.0526,31.2372",30.0526,31.2372,52,57,79,0.906205,FALSE,23,15,1,0,0,Free_Flow,9,1
5/5/2026 23:30,26th July Corridor,"30.0381,31.0264",30.0381,31.0264,25,76,10,0.973476,FALSE,23,30,1,0,0,Moderate,0,2
5/5/2026 23:45,Abbas El Akkad,"30.0631,31.3341",30.0631,31.3341,62,75,78,0.897001,FALSE,23,45,1,0,0,Free_Flow,1,1
5/6/2026 0:00,Galaa Square,"30.0398,31.2188",30.0398,31.2188,55,55,52,0.852345,FALSE,0,0,2,0,0,Free_Flow,5,1
5/6/2026 0:15,Salah Salem,"30.0645,31.282",30.0645,31.282,38,63,36,0.858523,FALSE,0,15,2,0,0,Moderate,14,2
5/6/2026 0:30,Autostrad - Sheraton,"30.1065,31.3711",30.1065,31.3711,51,68,27,0.87857,FALSE,0,30,2,0,0,Free_Flow,2,1
5/6/2026 0:45,Tahrir Square,"30.0444,31.2357",30.0444,31.2357,41,70,28,0.895652,FALSE,0,45,2,0,0,Moderate,16,2
5/6/2026 1:00,Corniche El Nil,"30.0263,31.2268",30.0263,31.2268,37,62,33,0.916534,FALSE,1,0,2,0,0,Moderate,3,2
5/6/2026 1:15,Mosheer Tantawy Axis,"30.0242,31.3486",30.0242,31.3486,27,72,47,0.950793,FALSE,1,15,2,0,0,Moderate,7,2
5/6/2026 1:30,Rod El Farag Axis,"30.0881,31.2185",30.0881,31.2185,55,65,11,0.862638,FALSE,1,30,2,0,0,Free_Flow,13,1
5/6/2026 1:45,Ring Road - Marg,"30.1554,31.3323",30.1554,31.3323,28,70,19,0.890011,FALSE,1,45,2,0,0,Moderate,11,2
5/6/2026 2:00,Ring Road - Moneeb,"29.9881,31.2227",29.9881,31.2227,48,76,17,0.945015,FALSE,2,0,2,0,0,Moderate,12,2
5/6/2026 2:15,Gamaat El Dowal St,"30.0543,31.2005",30.0543,31.2005,33,74,58,0.860803,FALSE,2,15,2,0,0,Moderate,6,2
5/6/2026 2:30,Faisal Street,"30.0051,31.1574",30.0051,31.1574,39,73,34,0.980325,FALSE,2,30,2,0,0,Moderate,4,2
5/6/2026 2:45,North 90th Street,"30.0308,31.4721",30.0308,31.4721,29,55,51,0.895424,FALSE,2,45,2,0,0,Moderate,8,2
5/6/2026 3:00,South 90th Street,"30.0195,31.4326",30.0195,31.4326,53,75,36,0.973399,FALSE,3,0,2,0,0,Free_Flow,15,1
5/6/2026 3:15,Ring Road - Maadi,"29.9544,31.2858",29.9544,31.2858,33,69,40,0.874808,FALSE,3,15,2,0,0,Moderate,10,2
5/6/2026 3:30,October Bridge,"30.0526,31.2372",30.0526,31.2372,63,73,74,0.947464,FALSE,3,30,2,0,0,Free_Flow,9,1
5/6/2026 3:45,26th July Corridor,"30.0381,31.0264",30.0381,31.0264,54,65,67,0.953908,FALSE,3,45,2,0,0,Free_Flow,0,1
5/6/2026 4:00,Abbas El Akkad,"30.0631,31.3341",30.0631,31.3341,26,69,11,0.906354,FALSE,4,0,2,0,0,Moderate,1,2
5/6/2026 4:15,Galaa Square,"30.0398,31.2188",30.0398,31.2188,42,71,60,0.991581,FALSE,4,15,2,0,0,Moderate,5,2
5/6/2026 4:30,Salah Salem,"30.0645,31.282",30.0645,31.282,51,62,73,0.892041,FALSE,4,30,2,0,0,Free_Flow,14,1
5/6/2026 4:45,Autostrad - Sheraton,"30.1065,31.3711",30.1065,31.3711,64,68,22,0.927362,FALSE,4,45,2,0,0,Free_Flow,2,1
5/6/2026 5:00,Tahrir Square,"30.0444,31.2357",30.0444,31.2357,27,64,11,0.948479,FALSE,5,0,2,0,0,Moderate,16,2
5/6/2026 5:15,Corniche El Nil,"30.0263,31.2268",30.0263,31.2268,38,58,51,0.966722,FALSE,5,15,2,0,0,Moderate,3,2
5/6/2026 5:30,Mosheer Tantawy Axis,"30.0242,31.3486",30.0242,31.3486,34,62,69,0.897648,FALSE,5,30,2,0,0,Moderate,7,2
5/6/2026 5:45,Rod El Farag Axis,"30.0881,31.2185",30.0881,31.2185,57,66,75,0.882274,FALSE,5,45,2,0,0,Free_Flow,13,1
5/6/2026 6:00,Ring Road - Marg,"30.1554,31.3323",30.1554,31.3323,63,66,76,0.92464,FALSE,6,0,2,0,0,Free_Flow,11,1
5/6/2026 6:15,Ring Road - Moneeb,"29.9881,31.2227",29.9881,31.2227,27,67,14,0.979926,FALSE,6,15,2,0,0,Moderate,12,2
5/6/2026 6:30,Gamaat El Dowal St,"30.0543,31.2005",30.0543,31.2005,34,63,17,0.939454,FALSE,6,30,2,0,0,Moderate,6,2
5/6/2026 6:45,Faisal Street,"30.0051,31.1574",30.0051,31.1574,41,57,33,0.98293,FALSE,6,45,2,0,0,Moderate,4,2
5/6/2026 7:00,North 90th Street,"30.0308,31.4721",30.0308,31.4721,33,72,48,0.975676,FALSE,7,0,2,0,1,Moderate,8,2
5/6/2026 7:15,South 90th Street,"30.0195,31.4326",30.0195,31.4326,18,78,70,0.96398,FALSE,7,15,2,0,1,Congested,15,0
5/6/2026 7:30,Ring Road - Maadi,"29.9544,31.2858",29.9544,31.2858,22,73,105,0.926822,FALSE,7,30,2,0,1,Moderate,10,2
5/6/2026 7:45,October Bridge,"30.0526,31.2372",30.0526,31.2372,20,61,42,0.868979,FALSE,7,45,2,0,1,Moderate,9,2
5/6/2026 8:00,26th July Corridor,"30.0381,31.0264",30.0381,31.0264,26,77,62,0.892078,FALSE,8,0,2,0,1,Moderate,0,2
5/6/2026 8:15,Abbas El Akkad,"30.0631,31.3341",30.0631,31.3341,15,61,77,0.93552,FALSE,8,15,2,0,1,Congested,1,0
5/6/2026 8:30,Galaa Square,"30.0398,31.2188",30.0398,31.2188,24,72,80,0.859701,FALSE,8,30,2,0,1,Moderate,5,2
5/6/2026 8:45,Salah Salem,"30.0645,31.282",30.0645,31.282,27,78,46,0.873185,FALSE,8,45,2,0,1,Moderate,14,2
5/6/2026 9:00,Autostrad - Sheraton,"30.1065,31.3711",30.1065,31.3711,20,59,83,0.994646,FALSE,9,0,2,0,1,Moderate,2,2
5/6/2026 9:15,Tahrir Square,"30.0444,31.2357",30.0444,31.2357,28,69,116,0.960765,FALSE,9,15,2,0,1,Moderate,16,2
5/6/2026 9:30,Corniche El Nil,"30.0263,31.2268",30.0263,31.2268,21,72,42,0.860563,FALSE,9,30,2,0,1,Moderate,3,2
5/6/2026 9:45,Mosheer Tantawy Axis,"30.0242,31.3486",30.0242,31.3486,13,60,55,0.860527,FALSE,9,45,2,0,1,Congested,7,0
5/6/2026 10:00,Rod El Farag Axis,"30.0881,31.2185",30.0881,31.2185,28,56,60,0.929782,FALSE,10,0,2,0,0,Moderate,13,2
5/6/2026 10:15,Ring Road - Marg,"30.1554,31.3323",30.1554,31.3323,23,76,93,0.888543,FALSE,10,15,2,0,0,Moderate,11,2
5/6/2026 10:30,Ring Road - Moneeb,"29.9881,31.2227",29.9881,31.2227,10,60,69,0.876019,FALSE,10,30,2,0,0,Congested,12,0
5/6/2026 10:45,Gamaat El Dowal St,"30.0543,31.2005",30.0543,31.2005,33,79,41,0.866403,FALSE,10,45,2,0,0,Moderate,6,2
5/6/2026 11:00,Faisal Street,"30.0051,31.1574",30.0051,31.1574,54,65,77,0.978813,FALSE,11,0,2,0,0,Free_Flow,4,1
5/6/2026 11:15,North 90th Street,"30.0308,31.4721",30.0308,31.4721,60,79,76,0.876546,FALSE,11,15,2,0,0,Free_Flow,8,1
5/6/2026 11:30,South 90th Street,"30.0195,31.4326",30.0195,31.4326,60,60,76,0.870529,FALSE,11,30,2,0,0,Free_Flow,15,1
5/6/2026 11:45,Ring Road - Maadi,"29.9544,31.2858",29.9544,31.2858,27,80,80,0.868052,FALSE,11,45,2,0,0,Moderate,10,2
5/6/2026 12:00,October Bridge,"30.0526,31.2372",30.0526,31.2372,54,67,21,0.866403,FALSE,12,0,2,0,0,Free_Flow,9,1
5/6/2026 12:15,26th July Corridor,"30.0381,31.0264",30.0381,31.0264,51,58,19,0.879947,FALSE,12,15,2,0,0,Free_Flow,0,1
5/6/2026 12:30,Abbas El Akkad,"30.0631,31.3341",30.0631,31.3341,34,78,58,0.993414,FALSE,12,30,2,0,0,Moderate,1,2
5/6/2026 12:45,Galaa Square,"30.0398,31.2188",30.0398,31.2188,29,79,19,0.952209,FALSE,12,45,2,0,0,Moderate,5,2
5/6/2026 13:00,Salah Salem,"30.0645,31.282",30.0645,31.282,49,59,36,0.945213,FALSE,13,0,2,0,0,Moderate,14,2
5/6/2026 13:15,Autostrad - Sheraton,"30.1065,31.3711",30.1065,31.3711,38,62,44,0.965874,FALSE,13,15,2,0,0,Moderate,2,2
5/6/2026 13:30,Tahrir Square,"30.0444,31.2357",30.0444,31.2357,47,79,51,0.911158,FALSE,13,30,2,0,0,Moderate,16,2
5/6/2026 13:45,Corniche El Nil,"30.0263,31.2268",30.0263,31.2268,50,62,74,0.99712,FALSE,13,45,2,0,0,Free_Flow,3,1
5/6/2026 14:00,Mosheer Tantawy Axis,"30.0242,31.3486",30.0242,31.3486,48,70,56,0.884813,FALSE,14,0,2,0,0,Moderate,7,2
5/6/2026 14:15,Rod El Farag Axis,"30.0881,31.2185",30.0881,31.2185,64,64,47,0.951844,FALSE,14,15,2,0,0,Free_Flow,13,1
5/6/2026 14:30,Ring Road - Marg,"30.1554,31.3323",30.1554,31.3323,61,61,17,0.982608,FALSE,14,30,2,0,0,Free_Flow,11,1
5/6/2026 14:45,Ring Road - Moneeb,"29.9881,31.2227",29.9881,31.2227,60,79,75,0.893246,FALSE,14,45,2,0,0,Free_Flow,12,1
5/6/2026 15:00,Gamaat El Dowal St,"30.0543,31.2005",30.0543,31.2005,46,64,21,0.919313,FALSE,15,0,2,0,0,Moderate,6,2
5/6/2026 15:15,Faisal Street,"30.0051,31.1574",30.0051,31.1574,38,80,74,0.870147,FALSE,15,15,2,0,0,Moderate,4,2
5/6/2026 15:30,North 90th Street,"30.0308,31.4721",30.0308,31.4721,47,63,76,0.919382,FALSE,15,30,2,0,0,Moderate,8,2
5/6/2026 15:45,South 90th Street,"30.0195,31.4326",30.0195,31.4326,54,68,24,0.920228,FALSE,15,45,2,0,0,Free_Flow,15,1
5/6/2026 16:00,Ring Road - Maadi,"29.9544,31.2858",29.9544,31.2858,20,65,44,0.9888,FALSE,16,0,2,0,1,Moderate,10,2
5/6/2026 16:15,October Bridge,"30.0526,31.2372",30.0526,31.2372,34,80,57,0.867547,FALSE,16,15,2,0,1,Moderate,9,2
5/6/2026 16:30,26th July Corridor,"30.0381,31.0264",30.0381,31.0264,18,58,88,0.951487,FALSE,16,30,2,0,1,Congested,0,0
5/6/2026 16:45,Abbas El Akkad,"30.0631,31.3341",30.0631,31.3341,17,75,61,0.875696,FALSE,16,45,2,0,1,Congested,1,0
5/6/2026 17:00,Galaa Square,"30.0398,31.2188",30.0398,31.2188,27,63,95,0.929375,FALSE,17,0,2,0,1,Moderate,5,2
5/6/2026 17:15,Salah Salem,"30.0645,31.282",30.0645,31.282,26,57,54,0.909596,FALSE,17,15,2,0,1,Moderate,14,2
5/6/2026 17:30,Autostrad - Sheraton,"30.1065,31.3711",30.1065,31.3711,14,64,54,0.97587,FALSE,17,30,2,0,1,Congested,2,0
5/6/2026 17:45,Tahrir Square,"30.0444,31.2357",30.0444,31.2357,14,77,65,0.851146,FALSE,17,45,2,0,1,Congested,16,0
5/6/2026 18:00,Corniche El Nil,"30.0263,31.2268",30.0263,31.2268,28,67,42,0.932602,FALSE,18,0,2,0,1,Moderate,3,2
5/6/2026 18:15,Mosheer Tantawy Axis,"30.0242,31.3486",30.0242,31.3486,33,61,113,0.992044,FALSE,18,15,2,0,1,Moderate,7,2
5/6/2026 18:30,Rod El Farag Axis,"30.0881,31.2185",30.0881,31.2185,27,72,109,0.996238,FALSE,18,30,2,0,1,Moderate,13,2
5/6/2026 18:45,Ring Road - Marg,"30.1554,31.3323",30.1554,31.3323,21,60,47,0.962509,FALSE,18,45,2,0,1,Moderate,11,2
5/6/2026 19:00,Ring Road - Moneeb,"29.9881,31.2227",29.9881,31.2227,11,66,66,0.905717,FALSE,19,0,2,0,1,Congested,12,0
5/6/2026 19:15,Gamaat El Dowal St,"30.0543,31.2005",30.0543,31.2005,15,57,96,0.978505,FALSE,19,15,2,0,1,Congested,6,0
5/6/2026 19:30,Faisal Street,"30.0051,31.1574",30.0051,31.1574,11,62,50,0.935256,FALSE,19,30,2,0,1,Congested,4,0
5/6/2026 19:45,North 90th Street,"30.0308,31.4721",30.0308,31.4721,11,67,51,0.942167,FALSE,19,45,2,0,1,Congested,8,0
5/6/2026 20:00,South 90th Street,"30.0195,31.4326",30.0195,31.4326,35,80,50,0.902785,FALSE,20,0,2,0,0,Moderate,15,2
5/6/2026 20:15,Ring Road - Maadi,"29.9544,31.2858",29.9544,31.2858,26,56,62,0.877849,FALSE,20,15,2,0,0,Moderate,10,2
5/6/2026 20:30,October Bridge,"30.0526,31.2372",30.0526,31.2372,21,62,82,0.988624,FALSE,20,30,2,0,0,Moderate,9,2
5/6/2026 20:45,26th July Corridor,"30.0381,31.0264",30.0381,31.0264,10,73,116,0.929295,FALSE,20,45,2,0,0,Congested,0,0
5/6/2026 21:00,Abbas El Akkad,"30.0631,31.3341",30.0631,31.3341,28,60,57,0.996892,FALSE,21,0,2,0,0,Moderate,1,2
5/6/2026 21:15,Galaa Square,"30.0398,31.2188",30.0398,31.2188,44,57,69,0.877712,FALSE,21,15,2,0,0,Moderate,5,2
5/6/2026 21:30,Salah Salem,"30.0645,31.282",30.0645,31.282,28,59,14,0.982689,FALSE,21,30,2,0,0,Moderate,14,2
5/6/2026 21:45,Autostrad - Sheraton,"30.1065,31.3711",30.1065,31.3711,51,55,79,0.952099,FALSE,21,45,2,0,0,Free_Flow,2,1
5/6/2026 22:00,Tahrir Square,"30.0444,31.2357",30.0444,31.2357,49,71,21,0.990102,FALSE,22,0,2,0,0,Moderate,16,2
5/6/2026 22:15,Corniche El Nil,"30.0263,31.2268",30.0263,31.2268,56,57,47,0.908144,FALSE,22,15,2,0,0,Free_Flow,3,1
5/6/2026 22:30,Mosheer Tantawy Axis,"30.0242,31.3486",30.0242,31.3486,56,73,20,0.967723,FALSE,22,30,2,0,0,Free_Flow,7,1
5/6/2026 22:45,Rod El Farag Axis,"30.0881,31.2185",30.0881,31.2185,62,62,37,0.892431,FALSE,22,45,2,0,0,Free_Flow,13,1
5/6/2026 23:00,Ring Road - Marg,"30.1554,31.3323",30.1554,31.3323,59,60,74,0.973026,FALSE,23,0,2,0,0,Free_Flow,11,1
5/6/2026 23:15,Ring Road - Moneeb,"29.9881,31.2227",29.9881,31.2227,39,71,36,0.982908,FALSE,23,15,2,0,0,Moderate,12,2
5/6/2026 23:30,Gamaat El Dowal St,"30.0543,31.2005",30.0543,31.2005,45,61,54,0.90061,FALSE,23,30,2,0,0,Moderate,6,2
5/6/2026 23:45,Faisal Street,"30.0051,31.1574",30.0051,31.1574,41,55,19,0.96648,FALSE,23,45,2,0,0,Moderate,4,2
5/7/2026 0:00,North 90th Street,"30.0308,31.4721",30.0308,31.4721,26,64,78,0.945819,FALSE,0,0,3,0,0,Moderate,8,2
5/7/2026 0:15,South 90th Street,"30.0195,31.4326",30.0195,31.4326,51,78,78,0.897965,FALSE,0,15,3,0,0,Free_Flow,15,1
5/7/2026 0:30,Ring Road - Maadi,"29.9544,31.2858",29.9544,31.2858,60,65,16,0.894129,FALSE,0,30,3,0,0,Free_Flow,10,1
5/7/2026 0:45,October Bridge,"30.0526,31.2372",30.0526,31.2372,49,75,59,0.981703,FALSE,0,45,3,0,0,Moderate,9,2
5/7/2026 1:00,26th July Corridor,"30.0381,31.0264",30.0381,31.0264,62,62,17,0.986743,FALSE,1,0,3,0,0,Free_Flow,0,1
5/7/2026 1:15,Abbas El Akkad,"30.0631,31.3341",30.0631,31.3341,44,60,65,0.944868,FALSE,1,15,3,0,0,Moderate,1,2
5/7/2026 1:30,Galaa Square,"30.0398,31.2188",30.0398,31.2188,65,78,10,0.958637,FALSE,1,30,3,0,0,Free_Flow,5,1
5/7/2026 1:45,Salah Salem,"30.0645,31.282",30.0645,31.282,26,55,70,0.957665,FALSE,1,45,3,0,0,Moderate,14,2
5/7/2026 2:00,Autostrad - Sheraton,"30.1065,31.3711",30.1065,31.3711,41,65,60,0.972349,FALSE,2,0,3,0,0,Moderate,2,2
5/7/2026 2:15,Tahrir Square,"30.0444,31.2357",30.0444,31.2357,63,63,32,0.961954,FALSE,2,15,3,0,0,Free_Flow,16,1
5/7/2026 2:30,Corniche El Nil,"30.0263,31.2268",30.0263,31.2268,47,68,51,0.856105,FALSE,2,30,3,0,0,Moderate,3,2
5/7/2026 2:45,Mosheer Tantawy Axis,"30.0242,31.3486",30.0242,31.3486,46,60,66,0.999934,FALSE,2,45,3,0,0,Moderate,7,2
5/7/2026 3:00,Rod El Farag Axis,"30.0881,31.2185",30.0881,31.2185,42,61,75,0.90432,FALSE,3,0,3,0,0,Moderate,13,2
5/7/2026 3:15,Ring Road - Marg,"30.1554,31.3323",30.1554,31.3323,64,79,65,0.991678,FALSE,3,15,3,0,0,Free_Flow,11,1
5/7/2026 3:30,Ring Road - Moneeb,"29.9881,31.2227",29.9881,31.2227,57,62,51,0.924141,FALSE,3,30,3,0,0,Free_Flow,12,1
5/7/2026 3:45,Gamaat El Dowal St,"30.0543,31.2005",30.0543,31.2005,27,73,26,0.928063,FALSE,3,45,3,0,0,Moderate,6,2
5/7/2026 4:00,Faisal Street,"30.0051,31.1574",30.0051,31.1574,25,75,44,0.910648,FALSE,4,0,3,0,0,Moderate,4,2
5/7/2026 4:15,North 90th Street,"30.0308,31.4721",30.0308,31.4721,48,80,38,0.947792,FALSE,4,15,3,0,0,Moderate,8,2
5/7/2026 4:30,South 90th Street,"30.0195,31.4326",30.0195,31.4326,25,79,38,0.932242,FALSE,4,30,3,0,0,Moderate,15,2
5/7/2026 4:45,Ring Road - Maadi,"29.9544,31.2858",29.9544,31.2858,27,57,65,0.947449,FALSE,4,45,3,0,0,Moderate,10,2
5/7/2026 5:00,October Bridge,"30.0526,31.2372",30.0526,31.2372,59,71,46,0.865641,FALSE,5,0,3,0,0,Free_Flow,9,1
5/7/2026 5:15,26th July Corridor,"30.0381,31.0264",30.0381,31.0264,53,60,60,0.87596,FALSE,5,15,3,0,0,Free_Flow,0,1
5/7/2026 5:30,Abbas El Akkad,"30.0631,31.3341",30.0631,31.3341,37,62,10,0.936204,FALSE,5,30,3,0,0,Moderate,1,2
5/7/2026 5:45,Galaa Square,"30.0398,31.2188",30.0398,31.2188,41,56,31,0.964215,FALSE,5,45,3,0,0,Moderate,5,2
5/7/2026 6:00,Salah Salem,"30.0645,31.282",30.0645,31.282,45,68,71,0.973235,FALSE,6,0,3,0,0,Moderate,14,2
5/7/2026 6:15,Autostrad - Sheraton,"30.1065,31.3711",30.1065,31.3711,52,55,15,0.935403,FALSE,6,15,3,0,0,Free_Flow,2,1
5/7/2026 6:30,Tahrir Square,"30.0444,31.2357",30.0444,31.2357,43,71,61,0.962813,FALSE,6,30,3,0,0,Moderate,16,2
5/7/2026 6:45,Corniche El Nil,"30.0263,31.2268",30.0263,31.2268,26,72,36,0.929864,FALSE,6,45,3,0,0,Moderate,3,2
5/7/2026 7:00,Mosheer Tantawy Axis,"30.0242,31.3486",30.0242,31.3486,12,70,94,0.976035,FALSE,7,0,3,0,1,Congested,7,0
5/7/2026 7:15,Rod El Farag Axis,"30.0881,31.2185",30.0881,31.2185,28,77,66,0.951836,FALSE,7,15,3,0,1,Moderate,13,2
5/7/2026 7:30,Ring Road - Marg,"30.1554,31.3323",30.1554,31.3323,35,65,84,0.884376,FALSE,7,30,3,0,1,Moderate,11,2
5/7/2026 7:45,Ring Road - Moneeb,"29.9881,31.2227",29.9881,31.2227,16,76,53,0.983747,FALSE,7,45,3,0,1,Congested,12,0
5/7/2026 8:00,Gamaat El Dowal St,"30.0543,31.2005",30.0543,31.2005,21,57,73,0.939981,FALSE,8,0,3,0,1,Moderate,6,2
5/7/2026 8:15,Faisal Street,"30.0051,31.1574",30.0051,31.1574,19,62,114,0.85607,FALSE,8,15,3,0,1,Congested,4,0
5/7/2026 8:30,North 90th Street,"30.0308,31.4721",30.0308,31.4721,30,67,52,0.858046,FALSE,8,30,3,0,1,Moderate,8,2
5/7/2026 8:45,South 90th Street,"30.0195,31.4326",30.0195,31.4326,31,56,50,0.956083,FALSE,8,45,3,0,1,Moderate,15,2
5/7/2026 9:00,Ring Road - Maadi,"29.9544,31.2858",29.9544,31.2858,14,65,64,0.977322,FALSE,9,0,3,0,1,Congested,10,0
5/7/2026 9:15,October Bridge,"30.0526,31.2372",30.0526,31.2372,32,55,46,0.904351,FALSE,9,15,3,0,1,Moderate,9,2
5/7/2026 9:30,26th July Corridor,"30.0381,31.0264",30.0381,31.0264,16,56,48,0.919862,FALSE,9,30,3,0,1,Congested,0,0
5/7/2026 9:45,Abbas El Akkad,"30.0631,31.3341",30.0631,31.3341,12,80,50,0.880417,FALSE,9,45,3,0,1,Congested,1,0
5/7/2026 10:00,Galaa Square,"30.0398,31.2188",30.0398,31.2188,34,60,112,0.895521,FALSE,10,0,3,0,0,Moderate,5,2
5/7/2026 10:15,Salah Salem,"30.0645,31.282",30.0645,31.282,26,72,40,0.941719,FALSE,10,15,3,0,0,Moderate,14,2
5/7/2026 10:30,Autostrad - Sheraton,"30.1065,31.3711",30.1065,31.3711,24,60,70,0.872473,FALSE,10,30,3,0,0,Moderate,2,2
5/7/2026 10:45,Tahrir Square,"30.0444,31.2357",30.0444,31.2357,15,72,60,0.888197,FALSE,10,45,3,0,0,Congested,16,0
5/7/2026 11:00,Corniche El Nil,"30.0263,31.2268",30.0263,31.2268,40,76,26,0.953422,FALSE,11,0,3,0,0,Moderate,3,2
5/7/2026 11:15,Mosheer Tantawy Axis,"30.0242,31.3486",30.0242,31.3486,39,78,32,0.957987,FALSE,11,15,3,0,0,Moderate,7,2
5/7/2026 11:30,Rod El Farag Axis,"30.0881,31.2185",30.0881,31.2185,59,59,51,0.936786,FALSE,11,30,3,0,0,Free_Flow,13,1
5/7/2026 11:45,Ring Road - Marg,"30.1554,31.3323",30.1554,31.3323,56,80,31,0.985221,FALSE,11,45,3,0,0,Free_Flow,11,1
5/7/2026 12:00,Ring Road - Moneeb,"29.9881,31.2227",29.9881,31.2227,27,66,60,0.969482,FALSE,12,0,3,0,0,Moderate,12,2
5/7/2026 12:15,Gamaat El Dowal St,"30.0543,31.2005",30.0543,31.2005,62,70,63,0.956969,FALSE,12,15,3,0,0,Free_Flow,6,1
5/7/2026 12:30,Faisal Street,"30.0051,31.1574",30.0051,31.1574,31,62,42,0.961731,FALSE,12,30,3,0,0,Moderate,4,2
5/7/2026 12:45,North 90th Street,"30.0308,31.4721",30.0308,31.4721,36,63,75,0.969066,FALSE,12,45,3,0,0,Moderate,8,2
5/7/2026 13:00,South 90th Street,"30.0195,31.4326",30.0195,31.4326,65,65,55,0.900051,FALSE,13,0,3,0,0,Free_Flow,15,1
5/7/2026 13:15,Ring Road - Maadi,"29.9544,31.2858",29.9544,31.2858,62,70,17,0.982358,FALSE,13,15,3,0,0,Free_Flow,10,1
5/7/2026 13:30,October Bridge,"30.0526,31.2372",30.0526,31.2372,41,66,77,0.985198,FALSE,13,30,3,0,0,Moderate,9,2
5/7/2026 13:45,26th July Corridor,"30.0381,31.0264",30.0381,31.0264,55,79,40,0.900182,FALSE,13,45,3,0,0,Free_Flow,0,1
5/7/2026 14:00,Abbas El Akkad,"30.0631,31.3341",30.0631,31.3341,46,78,42,0.85953,FALSE,14,0,3,0,0,Moderate,1,2
5/7/2026 14:15,Galaa Square,"30.0398,31.2188",30.0398,31.2188,50,57,29,0.964872,FALSE,14,15,3,0,0,Free_Flow,5,1
5/7/2026 14:30,Salah Salem,"30.0645,31.282",30.0645,31.282,53,58,11,0.931344,FALSE,14,30,3,0,0,Free_Flow,14,1
5/7/2026 14:45,Autostrad - Sheraton,"30.1065,31.3711",30.1065,31.3711,25,63,45,0.98503,FALSE,14,45,3,0,0,Moderate,2,2
5/7/2026 15:00,Tahrir Square,"30.0444,31.2357",30.0444,31.2357,37,58,60,0.914257,FALSE,15,0,3,0,0,Moderate,16,2
5/7/2026 15:15,Corniche El Nil,"30.0263,31.2268",30.0263,31.2268,47,59,77,0.93956,FALSE,15,15,3,0,0,Moderate,3,2
5/7/2026 15:30,Mosheer Tantawy Axis,"30.0242,31.3486",30.0242,31.3486,48,60,56,0.926824,FALSE,15,30,3,0,0,Moderate,7,2
5/7/2026 15:45,Rod El Farag Axis,"30.0881,31.2185",30.0881,31.2185,35,73,30,0.852361,FALSE,15,45,3,0,0,Moderate,13,2
5/7/2026 16:00,Ring Road - Marg,"30.1554,31.3323",30.1554,31.3323,34,67,50,0.869406,FALSE,16,0,3,0,1,Moderate,11,2
5/7/2026 16:15,Ring Road - Moneeb,"29.9881,31.2227",29.9881,31.2227,24,62,60,0.913518,FALSE,16,15,3,0,1,Moderate,12,2
5/7/2026 16:30,Gamaat El Dowal St,"30.0543,31.2005",30.0543,31.2005,35,68,103,0.867412,FALSE,16,30,3,0,1,Moderate,6,2
5/7/2026 16:45,Faisal Street,"30.0051,31.1574",30.0051,31.1574,12,65,93,0.922938,FALSE,16,45,3,0,1,Congested,4,0
5/7/2026 17:00,North 90th Street,"30.0308,31.4721",30.0308,31.4721,20,56,76,0.931393,FALSE,17,0,3,0,1,Moderate,8,2
5/7/2026 17:15,South 90th Street,"30.0195,31.4326",30.0195,31.4326,25,72,88,0.942249,FALSE,17,15,3,0,1,Moderate,15,2
5/7/2026 17:30,Ring Road - Maadi,"29.9544,31.2858",29.9544,31.2858,29,72,119,0.867281,FALSE,17,30,3,0,1,Moderate,10,2
5/7/2026 17:45,October Bridge,"30.0526,31.2372",30.0526,31.2372,12,66,88,0.871204,FALSE,17,45,3,0,1,Congested,9,0
5/7/2026 18:00,26th July Corridor,"30.0381,31.0264",30.0381,31.0264,24,76,93,0.854487,FALSE,18,0,3,0,1,Moderate,0,2
5/7/2026 18:15,Abbas El Akkad,"30.0631,31.3341",30.0631,31.3341,17,69,66,0.884242,FALSE,18,15,3,0,1,Congested,1,0
5/7/2026 18:30,Galaa Square,"30.0398,31.2188",30.0398,31.2188,29,79,60,0.963333,FALSE,18,30,3,0,1,Moderate,5,2
5/7/2026 18:45,Salah Salem,"30.0645,31.282",30.0645,31.282,13,78,52,0.952672,FALSE,18,45,3,0,1,Congested,14,0
5/7/2026 19:00,Autostrad - Sheraton,"30.1065,31.3711",30.1065,31.3711,25,76,48,0.914836,FALSE,19,0,3,0,1,Moderate,2,2
5/7/2026 19:15,Tahrir Square,"30.0444,31.2357",30.0444,31.2357,30,59,115,0.88962,FALSE,19,15,3,0,1,Moderate,16,2
5/7/2026 19:30,Corniche El Nil,"30.0263,31.2268",30.0263,31.2268,14,59,92,0.941843,FALSE,19,30,3,0,1,Congested,3,0
5/7/2026 19:45,Mosheer Tantawy Axis,"30.0242,31.3486",30.0242,31.3486,14,57,94,0.874175,FALSE,19,45,3,0,1,Congested,7,0
5/7/2026 20:00,Rod El Farag Axis,"30.0881,31.2185",30.0881,31.2185,28,65,97,0.876489,FALSE,20,0,3,0,0,Moderate,13,2
5/7/2026 20:15,Ring Road - Marg,"30.1554,31.3323",30.1554,31.3323,27,76,54,0.931613,FALSE,20,15,3,0,0,Moderate,11,2
5/7/2026 20:30,Ring Road - Moneeb,"29.9881,31.2227",29.9881,31.2227,22,55,74,0.896014,FALSE,20,30,3,0,0,Moderate,12,2
5/7/2026 20:45,Gamaat El Dowal St,"30.0543,31.2005",30.0543,31.2005,32,57,77,0.954736,FALSE,20,45,3,0,0,Moderate,6,2
5/7/2026 21:00,Faisal Street,"30.0051,31.1574",30.0051,31.1574,28,59,44,0.940189,FALSE,21,0,3,0,0,Moderate,4,2
5/7/2026 21:15,North 90th Street,"30.0308,31.4721",30.0308,31.4721,56,76,22,0.98696,FALSE,21,15,3,0,0,Free_Flow,8,1
5/7/2026 21:30,South 90th Street,"30.0195,31.4326",30.0195,31.4326,31,66,70,0.938184,FALSE,21,30,3,0,0,Moderate,15,2
5/7/2026 21:45,Ring Road - Maadi,"29.9544,31.2858",29.9544,31.2858,54,65,22,0.931666,FALSE,21,45,3,0,0,Free_Flow,10,1
5/7/2026 22:00,October Bridge,"30.0526,31.2372",30.0526,31.2372,51,57,34,0.861931,FALSE,22,0,3,0,0,Free_Flow,9,1
5/7/2026 22:15,26th July Corridor,"30.0381,31.0264",30.0381,31.0264,54,56,61,0.860648,FALSE,22,15,3,0,0,Free_Flow,0,1
5/7/2026 22:30,Abbas El Akkad,"30.0631,31.3341",30.0631,31.3341,27,76,10,0.889285,FALSE,22,30,3,0,0,Moderate,1,2
5/7/2026 22:45,Galaa Square,"30.0398,31.2188",30.0398,31.2188,46,75,53,0.987094,FALSE,22,45,3,0,0,Moderate,5,2
5/7/2026 23:00,Salah Salem,"30.0645,31.282",30.0645,31.282,36,73,29,0.98521,FALSE,23,0,3,0,0,Moderate,14,2
5/7/2026 23:15,Autostrad - Sheraton,"30.1065,31.3711",30.1065,31.3711,60,60,58,0.900314,FALSE,23,15,3,0,0,Free_Flow,2,1
5/7/2026 23:30,Tahrir Square,"30.0444,31.2357",30.0444,31.2357,52,74,28,0.981072,FALSE,23,30,3,0,0,Free_Flow,16,1
5/7/2026 23:45,Corniche El Nil,"30.0263,31.2268",30.0263,31.2268,44,61,42,0.882728,FALSE,23,45,3,0,0,Moderate,3,2
5/8/2026 0:00,Mosheer Tantawy Axis,"30.0242,31.3486",30.0242,31.3486,43,63,48,0.861705,FALSE,0,0,4,0,0,Moderate,7,2
5/8/2026 0:15,Rod El Farag Axis,"30.0881,31.2185",30.0881,31.2185,67,67,30,0.865841,FALSE,0,15,4,0,0,Free_Flow,13,1
5/8/2026 0:30,Ring Road - Marg,"30.1554,31.3323",30.1554,31.3323,53,66,44,0.90671,FALSE,0,30,4,0,0,Free_Flow,11,1
5/8/2026 0:45,Ring Road - Moneeb,"29.9881,31.2227",29.9881,31.2227,39,57,5,0.88167,FALSE,0,45,4,0,0,Moderate,12,2
5/8/2026 1:00,Gamaat El Dowal St,"30.0543,31.2005",30.0543,31.2005,65,66,26,0.999749,FALSE,1,0,4,0,0,Free_Flow,6,1
5/8/2026 1:15,Faisal Street,"30.0051,31.1574",30.0051,31.1574,47,56,32,0.912963,FALSE,1,15,4,0,0,Moderate,4,2
5/8/2026 1:30,North 90th Street,"30.0308,31.4721",30.0308,31.4721,39,68,29,0.887896,FALSE,1,30,4,0,0,Moderate,8,2
5/8/2026 1:45,South 90th Street,"30.0195,31.4326",30.0195,31.4326,41,74,38,0.940903,FALSE,1,45,4,0,0,Moderate,15,2
5/8/2026 2:00,Ring Road - Maadi,"29.9544,31.2858",29.9544,31.2858,68,68,42,0.868044,FALSE,2,0,4,0,0,Free_Flow,10,1
5/8/2026 2:15,October Bridge,"30.0526,31.2372",30.0526,31.2372,49,60,25,0.945971,FALSE,2,15,4,0,0,Moderate,9,2
5/8/2026 2:30,26th July Corridor,"30.0381,31.0264",30.0381,31.0264,65,65,48,0.93627,FALSE,2,30,4,0,0,Free_Flow,0,1
5/8/2026 2:45,Abbas El Akkad,"30.0631,31.3341",30.0631,31.3341,51,66,40,0.966217,FALSE,2,45,4,0,0,Free_Flow,1,1
5/8/2026 3:00,Galaa Square,"30.0398,31.2188",30.0398,31.2188,56,69,24,0.915944,FALSE,3,0,4,0,0,Free_Flow,5,1
5/8/2026 3:15,Salah Salem,"30.0645,31.282",30.0645,31.282,55,67,16,0.943385,FALSE,3,15,4,0,0,Free_Flow,14,1
5/8/2026 3:30,Autostrad - Sheraton,"30.1065,31.3711",30.1065,31.3711,50,80,50,0.924536,FALSE,3,30,4,0,0,Free_Flow,2,1
5/8/2026 3:45,Tahrir Square,"30.0444,31.2357",30.0444,31.2357,45,55,11,0.976469,FALSE,3,45,4,0,0,Moderate,16,2
5/8/2026 4:00,Corniche El Nil,"30.0263,31.2268",30.0263,31.2268,61,61,11,0.882243,FALSE,4,0,4,0,0,Free_Flow,3,1
5/8/2026 4:15,Mosheer Tantawy Axis,"30.0242,31.3486",30.0242,31.3486,55,71,25,0.949379,FALSE,4,15,4,0,0,Free_Flow,7,1
5/8/2026 4:30,Rod El Farag Axis,"30.0881,31.2185",30.0881,31.2185,74,74,12,0.931792,FALSE,4,30,4,0,0,Free_Flow,13,1
5/8/2026 4:45,Ring Road - Marg,"30.1554,31.3323",30.1554,31.3323,37,55,33,0.868362,FALSE,4,45,4,0,0,Moderate,11,2
5/8/2026 5:00,Ring Road - Moneeb,"29.9881,31.2227",29.9881,31.2227,75,75,42,0.949709,FALSE,5,0,4,0,0,Free_Flow,12,1
5/8/2026 5:15,Gamaat El Dowal St,"30.0543,31.2005",30.0543,31.2005,67,71,39,0.870756,FALSE,5,15,4,0,0,Free_Flow,6,1
5/8/2026 5:30,Faisal Street,"30.0051,31.1574",30.0051,31.1574,60,80,42,0.988556,FALSE,5,30,4,0,0,Free_Flow,4,1
5/8/2026 5:45,North 90th Street,"30.0308,31.4721",30.0308,31.4721,56,66,49,0.966821,FALSE,5,45,4,0,0,Free_Flow,8,1
5/8/2026 6:00,South 90th Street,"30.0195,31.4326",30.0195,31.4326,74,74,20,0.93393,FALSE,6,0,4,0,0,Free_Flow,15,1
5/8/2026 6:15,Ring Road - Maadi,"29.9544,31.2858",29.9544,31.2858,46,70,25,0.947813,FALSE,6,15,4,0,0,Moderate,10,2
5/8/2026 6:30,October Bridge,"30.0526,31.2372",30.0526,31.2372,74,74,31,0.917946,FALSE,6,30,4,0,0,Free_Flow,9,1
5/8/2026 6:45,26th July Corridor,"30.0381,31.0264",30.0381,31.0264,62,68,14,0.97191,FALSE,6,45,4,0,0,Free_Flow,0,1
5/8/2026 7:00,Abbas El Akkad,"30.0631,31.3341",30.0631,31.3341,74,74,34,0.866151,FALSE,7,0,4,0,1,Free_Flow,1,1
5/8/2026 7:15,Galaa Square,"30.0398,31.2188",30.0398,31.2188,71,71,23,0.892221,FALSE,7,15,4,0,1,Free_Flow,5,1
5/8/2026 7:30,Salah Salem,"30.0645,31.282",30.0645,31.282,74,74,49,0.909505,FALSE,7,30,4,0,1,Free_Flow,14,1
5/8/2026 7:45,Autostrad - Sheraton,"30.1065,31.3711",30.1065,31.3711,39,77,31,0.854382,FALSE,7,45,4,0,1,Moderate,2,2
5/8/2026 8:00,Tahrir Square,"30.0444,31.2357",30.0444,31.2357,52,80,8,0.983253,FALSE,8,0,4,0,1,Free_Flow,16,1
5/8/2026 8:15,Corniche El Nil,"30.0263,31.2268",30.0263,31.2268,75,75,13,0.905387,FALSE,8,15,4,0,1,Free_Flow,3,1
5/8/2026 8:30,Mosheer Tantawy Axis,"30.0242,31.3486",30.0242,31.3486,63,66,33,0.876601,FALSE,8,30,4,0,1,Free_Flow,7,1
5/8/2026 8:45,Rod El Farag Axis,"30.0881,31.2185",30.0881,31.2185,37,77,41,0.904229,FALSE,8,45,4,0,1,Moderate,13,2
5/8/2026 9:00,Ring Road - Marg,"30.1554,31.3323",30.1554,31.3323,47,58,19,0.912623,FALSE,9,0,4,0,1,Moderate,11,2
5/8/2026 9:15,Ring Road - Moneeb,"29.9881,31.2227",29.9881,31.2227,48,79,9,0.8556,FALSE,9,15,4,0,1,Moderate,12,2
5/8/2026 9:30,Gamaat El Dowal St,"30.0543,31.2005",30.0543,31.2005,72,72,21,0.963641,FALSE,9,30,4,0,1,Free_Flow,6,1
5/8/2026 9:45,Faisal Street,"30.0051,31.1574",30.0051,31.1574,51,57,16,0.976927,FALSE,9,45,4,0,1,Free_Flow,4,1
5/8/2026 10:00,North 90th Street,"30.0308,31.4721",30.0308,31.4721,52,63,35,0.885053,FALSE,10,0,4,0,0,Free_Flow,8,1
5/8/2026 10:15,South 90th Street,"30.0195,31.4326",30.0195,31.4326,63,78,8,0.900186,FALSE,10,15,4,0,0,Free_Flow,15,1
5/8/2026 10:30,Ring Road - Maadi,"29.9544,31.2858",29.9544,31.2858,69,69,22,0.98445,FALSE,10,30,4,0,0,Free_Flow,10,1
5/8/2026 10:45,October Bridge,"30.0526,31.2372",30.0526,31.2372,66,73,14,0.985353,FALSE,10,45,4,0,0,Free_Flow,9,1
5/8/2026 11:00,26th July Corridor,"30.0381,31.0264",30.0381,31.0264,67,67,37,0.885741,FALSE,11,0,4,0,0,Free_Flow,0,1
5/8/2026 11:15,Abbas El Akkad,"30.0631,31.3341",30.0631,31.3341,39,76,35,0.859839,FALSE,11,15,4,0,0,Moderate,1,2
5/8/2026 11:30,Galaa Square,"30.0398,31.2188",30.0398,31.2188,51,80,23,0.987013,FALSE,11,30,4,0,0,Free_Flow,5,1
5/8/2026 11:45,Salah Salem,"30.0645,31.282",30.0645,31.282,62,62,44,0.864253,FALSE,11,45,4,0,0,Free_Flow,14,1
5/8/2026 12:00,Autostrad - Sheraton,"30.1065,31.3711",30.1065,31.3711,69,69,46,0.954244,FALSE,12,0,4,0,0,Free_Flow,2,1
5/8/2026 12:15,Tahrir Square,"30.0444,31.2357",30.0444,31.2357,57,57,29,0.858939,FALSE,12,15,4,0,0,Free_Flow,16,1
5/8/2026 12:30,Corniche El Nil,"30.0263,31.2268",30.0263,31.2268,56,76,30,0.893241,FALSE,12,30,4,0,0,Free_Flow,3,1
5/8/2026 12:45,Mosheer Tantawy Axis,"30.0242,31.3486",30.0242,31.3486,75,77,37,0.873065,FALSE,12,45,4,0,0,Free_Flow,7,1
5/8/2026 13:00,Rod El Farag Axis,"30.0881,31.2185",30.0881,31.2185,45,57,42,0.870962,FALSE,13,0,4,0,0,Moderate,13,2
5/8/2026 13:15,Ring Road - Marg,"30.1554,31.3323",30.1554,31.3323,51,77,27,0.918011,FALSE,13,15,4,0,0,Free_Flow,11,1
5/8/2026 13:30,Ring Road - Moneeb,"29.9881,31.2227",29.9881,31.2227,40,59,29,0.991052,FALSE,13,30,4,0,0,Moderate,12,2
5/8/2026 13:45,Gamaat El Dowal St,"30.0543,31.2005",30.0543,31.2005,57,57,46,0.930198,FALSE,13,45,4,0,0,Free_Flow,6,1
5/8/2026 14:00,Faisal Street,"30.0051,31.1574",30.0051,31.1574,56,62,29,0.905155,FALSE,14,0,4,0,0,Free_Flow,4,1
5/8/2026 14:15,North 90th Street,"30.0308,31.4721",30.0308,31.4721,55,60,38,0.970412,FALSE,14,15,4,0,0,Free_Flow,8,1
5/8/2026 14:30,South 90th Street,"30.0195,31.4326",30.0195,31.4326,71,71,10,0.883432,FALSE,14,30,4,0,0,Free_Flow,15,1
5/8/2026 14:45,Ring Road - Maadi,"29.9544,31.2858",29.9544,31.2858,40,76,24,0.866276,FALSE,14,45,4,0,0,Moderate,10,2
5/8/2026 15:00,October Bridge,"30.0526,31.2372",30.0526,31.2372,60,60,13,0.909278,FALSE,15,0,4,0,0,Free_Flow,9,1
5/8/2026 15:15,26th July Corridor,"30.0381,31.0264",30.0381,31.0264,39,80,6,0.8938,FALSE,15,15,4,0,0,Moderate,0,2
5/8/2026 15:30,Abbas El Akkad,"30.0631,31.3341",30.0631,31.3341,54,66,8,0.969703,FALSE,15,30,4,0,0,Free_Flow,1,1
5/8/2026 15:45,Galaa Square,"30.0398,31.2188",30.0398,31.2188,49,71,22,0.958811,FALSE,15,45,4,0,0,Moderate,5,2
5/8/2026 16:00,Salah Salem,"30.0645,31.282",30.0645,31.282,75,75,8,0.955329,FALSE,16,0,4,0,1,Free_Flow,14,1
5/8/2026 16:15,Autostrad - Sheraton,"30.1065,31.3711",30.1065,31.3711,73,73,21,0.960765,FALSE,16,15,4,0,1,Free_Flow,2,1
5/8/2026 16:30,Tahrir Square,"30.0444,31.2357",30.0444,31.2357,45,76,5,0.946638,FALSE,16,30,4,0,1,Moderate,16,2
5/8/2026 16:45,Corniche El Nil,"30.0263,31.2268",30.0263,31.2268,73,73,30,0.932909,FALSE,16,45,4,0,1,Free_Flow,3,1
5/8/2026 17:00,Mosheer Tantawy Axis,"30.0242,31.3486",30.0242,31.3486,69,69,44,0.872341,FALSE,17,0,4,0,1,Free_Flow,7,1
5/8/2026 17:15,Rod El Farag Axis,"30.0881,31.2185",30.0881,31.2185,43,70,45,0.895624,FALSE,17,15,4,0,1,Moderate,13,2
5/8/2026 17:30,Ring Road - Marg,"30.1554,31.3323",30.1554,31.3323,35,56,45,0.899748,FALSE,17,30,4,0,1,Moderate,11,2
5/8/2026 17:45,Ring Road - Moneeb,"29.9881,31.2227",29.9881,31.2227,72,72,43,0.856389,FALSE,17,45,4,0,1,Free_Flow,12,1
5/8/2026 18:00,Gamaat El Dowal St,"30.0543,31.2005",30.0543,31.2005,66,66,8,0.951924,FALSE,18,0,4,0,1,Free_Flow,6,1
5/8/2026 18:15,Faisal Street,"30.0051,31.1574",30.0051,31.1574,40,65,21,0.961498,FALSE,18,15,4,0,1,Moderate,4,2
5/8/2026 18:30,North 90th Street,"30.0308,31.4721",30.0308,31.4721,65,71,12,0.965147,FALSE,18,30,4,0,1,Free_Flow,8,1
5/8/2026 18:45,South 90th Street,"30.0195,31.4326",30.0195,31.4326,46,80,29,0.927848,FALSE,18,45,4,0,1,Moderate,15,2
5/8/2026 19:00,Ring Road - Maadi,"29.9544,31.2858",29.9544,31.2858,61,74,11,0.953312,FALSE,19,0,4,0,1,Free_Flow,10,1
5/8/2026 19:15,October Bridge,"30.0526,31.2372",30.0526,31.2372,59,69,10,0.961021,FALSE,19,15,4,0,1,Free_Flow,9,1
5/8/2026 19:30,26th July Corridor,"30.0381,31.0264",30.0381,31.0264,67,67,20,0.855484,FALSE,19,30,4,0,1,Free_Flow,0,1
5/8/2026 19:45,Abbas El Akkad,"30.0631,31.3341",30.0631,31.3341,38,55,48,0.923265,FALSE,19,45,4,0,1,Moderate,1,2
5/8/2026 20:00,Galaa Square,"30.0398,31.2188",30.0398,31.2188,40,62,25,0.983181,FALSE,20,0,4,0,0,Moderate,5,2
5/8/2026 20:15,Salah Salem,"30.0645,31.282",30.0645,31.282,52,64,44,0.928143,FALSE,20,15,4,0,0,Free_Flow,14,1
5/8/2026 20:30,Autostrad - Sheraton,"30.1065,31.3711",30.1065,31.3711,58,77,28,0.905154,FALSE,20,30,4,0,0,Free_Flow,2,1
5/8/2026 20:45,Tahrir Square,"30.0444,31.2357",30.0444,31.2357,57,65,29,0.916516,FALSE,20,45,4,0,0,Free_Flow,16,1
5/8/2026 21:00,Corniche El Nil,"30.0263,31.2268",30.0263,31.2268,70,72,23,0.978965,FALSE,21,0,4,0,0,Free_Flow,3,1
5/8/2026 21:15,Mosheer Tantawy Axis,"30.0242,31.3486",30.0242,31.3486,54,66,50,0.9161,FALSE,21,15,4,0,0,Free_Flow,7,1
5/8/2026 21:30,Rod El Farag Axis,"30.0881,31.2185",30.0881,31.2185,59,79,38,0.936059,FALSE,21,30,4,0,0,Free_Flow,13,1
5/8/2026 21:45,Ring Road - Marg,"30.1554,31.3323",30.1554,31.3323,60,80,38,0.919644,FALSE,21,45,4,0,0,Free_Flow,11,1
5/8/2026 22:00,Ring Road - Moneeb,"29.9881,31.2227",29.9881,31.2227,54,65,8,0.929978,FALSE,22,0,4,0,0,Free_Flow,12,1
5/8/2026 22:15,Gamaat El Dowal St,"30.0543,31.2005",30.0543,31.2005,50,57,37,0.863317,FALSE,22,15,4,0,0,Free_Flow,6,1
5/8/2026 22:30,Faisal Street,"30.0051,31.1574",30.0051,31.1574,42,59,14,0.965551,FALSE,22,30,4,0,0,Moderate,4,2
5/8/2026 22:45,North 90th Street,"30.0308,31.4721",30.0308,31.4721,35,60,17,0.920766,FALSE,22,45,4,0,0,Moderate,8,2
5/8/2026 23:00,South 90th Street,"30.0195,31.4326",30.0195,31.4326,60,65,47,0.945718,FALSE,23,0,4,0,0,Free_Flow,15,1
5/8/2026 23:15,Ring Road - Maadi,"29.9544,31.2858",29.9544,31.2858,37,74,39,0.874299,FALSE,23,15,4,0,0,Moderate,10,2
5/8/2026 23:30,October Bridge,"30.0526,31.2372",30.0526,31.2372,42,77,36,0.904052,FALSE,23,30,4,0,0,Moderate,9,2
5/8/2026 23:45,26th July Corridor,"30.0381,31.0264",30.0381,31.0264,51,79,16,0.892184,FALSE,23,45,4,0,0,Free_Flow,0,1
5/9/2026 0:00,Abbas El Akkad,"30.0631,31.3341",30.0631,31.3341,62,62,11,0.911702,FALSE,0,0,5,1,0,Free_Flow,1,1
5/9/2026 0:15,Galaa Square,"30.0398,31.2188",30.0398,31.2188,48,78,13,0.926107,FALSE,0,15,5,1,0,Moderate,5,2
5/9/2026 0:30,Salah Salem,"30.0645,31.282",30.0645,31.282,52,67,10,0.928967,FALSE,0,30,5,1,0,Free_Flow,14,1
5/9/2026 0:45,Autostrad - Sheraton,"30.1065,31.3711",30.1065,31.3711,40,70,14,0.871625,FALSE,0,45,5,1,0,Moderate,2,2
5/9/2026 1:00,Tahrir Square,"30.0444,31.2357",30.0444,31.2357,39,78,34,0.883424,FALSE,1,0,5,1,0,Moderate,16,2
5/9/2026 1:15,Corniche El Nil,"30.0263,31.2268",30.0263,31.2268,47,63,25,0.895508,FALSE,1,15,5,1,0,Moderate,3,2
5/9/2026 1:30,Mosheer Tantawy Axis,"30.0242,31.3486",30.0242,31.3486,60,65,25,0.986695,FALSE,1,30,5,1,0,Free_Flow,7,1
5/9/2026 1:45,Rod El Farag Axis,"30.0881,31.2185",30.0881,31.2185,58,64,12,0.931156,FALSE,1,45,5,1,0,Free_Flow,13,1
5/9/2026 2:00,Ring Road - Marg,"30.1554,31.3323",30.1554,31.3323,68,73,32,0.916417,FALSE,2,0,5,1,0,Free_Flow,11,1
5/9/2026 2:15,Ring Road - Moneeb,"29.9881,31.2227",29.9881,31.2227,55,61,47,0.916518,FALSE,2,15,5,1,0,Free_Flow,12,1
5/9/2026 2:30,Gamaat El Dowal St,"30.0543,31.2005",30.0543,31.2005,66,66,32,0.859296,FALSE,2,30,5,1,0,Free_Flow,6,1
5/9/2026 2:45,Faisal Street,"30.0051,31.1574",30.0051,31.1574,75,75,14,0.957651,FALSE,2,45,5,1,0,Free_Flow,4,1
5/9/2026 3:00,North 90th Street,"30.0308,31.4721",30.0308,31.4721,71,79,13,0.93169,FALSE,3,0,5,1,0,Free_Flow,8,1
5/9/2026 3:15,South 90th Street,"30.0195,31.4326",30.0195,31.4326,45,76,13,0.89386,FALSE,3,15,5,1,0,Moderate,15,2
5/9/2026 3:30,Ring Road - Maadi,"29.9544,31.2858",29.9544,31.2858,71,79,41,0.981994,FALSE,3,30,5,1,0,Free_Flow,10,1
5/9/2026 3:45,October Bridge,"30.0526,31.2372",30.0526,31.2372,57,80,12,0.92392,FALSE,3,45,5,1,0,Free_Flow,9,1
5/9/2026 4:00,26th July Corridor,"30.0381,31.0264",30.0381,31.0264,63,77,44,0.872854,FALSE,4,0,5,1,0,Free_Flow,0,1
5/9/2026 4:15,Abbas El Akkad,"30.0631,31.3341",30.0631,31.3341,75,75,39,0.855769,FALSE,4,15,5,1,0,Free_Flow,1,1
5/9/2026 4:30,Galaa Square,"30.0398,31.2188",30.0398,31.2188,62,62,15,0.86445,FALSE,4,30,5,1,0,Free_Flow,5,1
5/9/2026 4:45,Salah Salem,"30.0645,31.282",30.0645,31.282,69,71,46,0.985405,FALSE,4,45,5,1,0,Free_Flow,14,1
5/9/2026 5:00,Autostrad - Sheraton,"30.1065,31.3711",30.1065,31.3711,65,65,29,0.907751,FALSE,5,0,5,1,0,Free_Flow,2,1
5/9/2026 5:15,Tahrir Square,"30.0444,31.2357",30.0444,31.2357,52,58,12,0.917133,FALSE,5,15,5,1,0,Free_Flow,16,1
5/9/2026 5:30,Corniche El Nil,"30.0263,31.2268",30.0263,31.2268,55,80,16,0.859615,FALSE,5,30,5,1,0,Free_Flow,3,1
5/9/2026 5:45,Mosheer Tantawy Axis,"30.0242,31.3486",30.0242,31.3486,73,73,46,0.884992,FALSE,5,45,5,1,0,Free_Flow,7,1
5/9/2026 6:00,Rod El Farag Axis,"30.0881,31.2185",30.0881,31.2185,50,72,17,0.873498,FALSE,6,0,5,1,0,Free_Flow,13,1
5/9/2026 6:15,Ring Road - Marg,"30.1554,31.3323",30.1554,31.3323,69,77,43,0.892454,FALSE,6,15,5,1,0,Free_Flow,11,1
5/9/2026 6:30,Ring Road - Moneeb,"29.9881,31.2227",29.9881,31.2227,39,67,17,0.994426,FALSE,6,30,5,1,0,Moderate,12,2
5/9/2026 6:45,Gamaat El Dowal St,"30.0543,31.2005",30.0543,31.2005,68,68,49,0.871815,FALSE,6,45,5,1,0,Free_Flow,6,1
5/9/2026 7:00,Faisal Street,"30.0051,31.1574",30.0051,31.1574,71,71,6,0.920804,FALSE,7,0,5,1,1,Free_Flow,4,1
5/9/2026 7:15,North 90th Street,"30.0308,31.4721",30.0308,31.4721,65,68,41,0.908812,FALSE,7,15,5,1,1,Free_Flow,8,1
5/9/2026 7:30,South 90th Street,"30.0195,31.4326",30.0195,31.4326,70,77,28,0.899592,FALSE,7,30,5,1,1,Free_Flow,15,1
5/9/2026 7:45,Ring Road - Maadi,"29.9544,31.2858",29.9544,31.2858,72,72,49,0.906277,FALSE,7,45,5,1,1,Free_Flow,10,1
5/9/2026 8:00,October Bridge,"30.0526,31.2372",30.0526,31.2372,72,72,28,0.952094,FALSE,8,0,5,1,1,Free_Flow,9,1
5/9/2026 8:15,26th July Corridor,"30.0381,31.0264",30.0381,31.0264,55,69,8,0.959509,FALSE,8,15,5,1,1,Free_Flow,0,1
5/9/2026 8:30,Abbas El Akkad,"30.0631,31.3341",30.0631,31.3341,41,80,26,0.948882,FALSE,8,30,5,1,1,Moderate,1,2
5/9/2026 8:45,Galaa Square,"30.0398,31.2188",30.0398,31.2188,36,73,43,0.884585,FALSE,8,45,5,1,1,Moderate,5,2
5/9/2026 9:00,Salah Salem,"30.0645,31.282",30.0645,31.282,47,55,25,0.871877,FALSE,9,0,5,1,1,Moderate,14,2
5/9/2026 9:15,Autostrad - Sheraton,"30.1065,31.3711",30.1065,31.3711,50,69,43,0.862756,FALSE,9,15,5,1,1,Free_Flow,2,1
5/9/2026 9:30,Tahrir Square,"30.0444,31.2357",30.0444,31.2357,59,59,47,0.886307,FALSE,9,30,5,1,1,Free_Flow,16,1
5/9/2026 9:45,Corniche El Nil,"30.0263,31.2268",30.0263,31.2268,74,74,19,0.863468,FALSE,9,45,5,1,1,Free_Flow,3,1
5/9/2026 10:00,Mosheer Tantawy Axis,"30.0242,31.3486",30.0242,31.3486,68,75,36,0.957873,FALSE,10,0,5,1,0,Free_Flow,7,1
5/9/2026 10:15,Rod El Farag Axis,"30.0881,31.2185",30.0881,31.2185,75,75,44,0.935988,FALSE,10,15,5,1,0,Free_Flow,13,1
5/9/2026 10:30,Ring Road - Marg,"30.1554,31.3323",30.1554,31.3323,50,63,34,0.895551,FALSE,10,30,5,1,0,Free_Flow,11,1
5/9/2026 10:45,Ring Road - Moneeb,"29.9881,31.2227",29.9881,31.2227,62,62,34,0.922029,FALSE,10,45,5,1,0,Free_Flow,12,1
5/9/2026 11:00,Gamaat El Dowal St,"30.0543,31.2005",30.0543,31.2005,74,74,20,0.897464,FALSE,11,0,5,1,0,Free_Flow,6,1
5/9/2026 11:15,Faisal Street,"30.0051,31.1574",30.0051,31.1574,70,70,39,0.861915,FALSE,11,15,5,1,0,Free_Flow,4,1
5/9/2026 11:30,North 90th Street,"30.0308,31.4721",30.0308,31.4721,39,67,41,0.935121,FALSE,11,30,5,1,0,Moderate,8,2
5/9/2026 11:45,South 90th Street,"30.0195,31.4326",30.0195,31.4326,52,63,21,0.964107,FALSE,11,45,5,1,0,Free_Flow,15,1
5/9/2026 12:00,Ring Road - Maadi,"29.9544,31.2858",29.9544,31.2858,59,59,27,0.887148,FALSE,12,0,5,1,0,Free_Flow,10,1
5/9/2026 12:15,October Bridge,"30.0526,31.2372",30.0526,31.2372,74,74,28,0.888521,FALSE,12,15,5,1,0,Free_Flow,9,1
5/9/2026 12:30,26th July Corridor,"30.0381,31.0264",30.0381,31.0264,64,64,22,0.914263,FALSE,12,30,5,1,0,Free_Flow,0,1
5/9/2026 12:45,Abbas El Akkad,"30.0631,31.3341",30.0631,31.3341,54,62,38,0.939895,FALSE,12,45,5,1,0,Free_Flow,1,1
5/9/2026 13:00,Galaa Square,"30.0398,31.2188",30.0398,31.2188,56,79,19,0.979776,FALSE,13,0,5,1,0,Free_Flow,5,1
5/9/2026 13:15,Salah Salem,"30.0645,31.282",30.0645,31.282,53,55,36,0.981202,FALSE,13,15,5,1,0,Free_Flow,14,1
5/9/2026 13:30,Autostrad - Sheraton,"30.1065,31.3711",30.1065,31.3711,36,65,20,0.930949,FALSE,13,30,5,1,0,Moderate,2,2
5/9/2026 13:45,Tahrir Square,"30.0444,31.2357",30.0444,31.2357,45,66,36,0.862345,FALSE,13,45,5,1,0,Moderate,16,2
5/9/2026 14:00,Corniche El Nil,"30.0263,31.2268",30.0263,31.2268,62,77,34,0.943805,FALSE,14,0,5,1,0,Free_Flow,3,1
5/9/2026 14:15,Mosheer Tantawy Axis,"30.0242,31.3486",30.0242,31.3486,42,76,37,0.942809,FALSE,14,15,5,1,0,Moderate,7,2
5/9/2026 14:30,Rod El Farag Axis,"30.0881,31.2185",30.0881,31.2185,71,71,34,0.969041,FALSE,14,30,5,1,0,Free_Flow,13,1
5/9/2026 14:45,Ring Road - Marg,"30.1554,31.3323",30.1554,31.3323,47,60,36,0.968286,FALSE,14,45,5,1,0,Moderate,11,2
5/9/2026 15:00,Ring Road - Moneeb,"29.9881,31.2227",29.9881,31.2227,40,64,47,0.934662,FALSE,15,0,5,1,0,Moderate,12,2
5/9/2026 15:15,Gamaat El Dowal St,"30.0543,31.2005",30.0543,31.2005,74,74,30,0.972513,FALSE,15,15,5,1,0,Free_Flow,6,1
5/9/2026 15:30,Faisal Street,"30.0051,31.1574",30.0051,31.1574,50,70,32,0.859562,FALSE,15,30,5,1,0,Free_Flow,4,1
5/9/2026 15:45,North 90th Street,"30.0308,31.4721",30.0308,31.4721,60,66,38,0.959282,FALSE,15,45,5,1,0,Free_Flow,8,1
5/9/2026 16:00,South 90th Street,"30.0195,31.4326",30.0195,31.4326,69,69,32,0.913937,FALSE,16,0,5,1,1,Free_Flow,15,1
5/9/2026 16:15,Ring Road - Maadi,"29.9544,31.2858",29.9544,31.2858,52,78,7,0.922027,FALSE,16,15,5,1,1,Free_Flow,10,1
5/9/2026 16:30,October Bridge,"30.0526,31.2372",30.0526,31.2372,64,64,25,0.924327,FALSE,16,30,5,1,1,Free_Flow,9,1
5/9/2026 16:45,26th July Corridor,"30.0381,31.0264",30.0381,31.0264,47,60,39,0.920986,FALSE,16,45,5,1,1,Moderate,0,2
5/9/2026 17:00,Abbas El Akkad,"30.0631,31.3341",30.0631,31.3341,49,70,44,0.903006,FALSE,17,0,5,1,1,Moderate,1,2
5/9/2026 17:15,Galaa Square,"30.0398,31.2188",30.0398,31.2188,68,68,14,0.969605,FALSE,17,15,5,1,1,Free_Flow,5,1
5/9/2026 17:30,Salah Salem,"30.0645,31.282",30.0645,31.282,45,68,10,0.938709,FALSE,17,30,5,1,1,Moderate,14,2
5/9/2026 17:45,Autostrad - Sheraton,"30.1065,31.3711",30.1065,31.3711,42,66,45,0.918317,FALSE,17,45,5,1,1,Moderate,2,2
5/9/2026 18:00,Tahrir Square,"30.0444,31.2357",30.0444,31.2357,72,72,46,0.908473,FALSE,18,0,5,1,1,Free_Flow,16,1
5/9/2026 18:15,Corniche El Nil,"30.0263,31.2268",30.0263,31.2268,68,68,49,0.90983,FALSE,18,15,5,1,1,Free_Flow,3,1
5/9/2026 18:30,Mosheer Tantawy Axis,"30.0242,31.3486",30.0242,31.3486,65,65,24,0.922772,FALSE,18,30,5,1,1,Free_Flow,7,1
5/9/2026 18:45,Rod El Farag Axis,"30.0881,31.2185",30.0881,31.2185,56,57,46,0.942513,FALSE,18,45,5,1,1,Free_Flow,13,1
5/9/2026 19:00,Ring Road - Marg,"30.1554,31.3323",30.1554,31.3323,41,65,40,0.894642,FALSE,19,0,5,1,1,Moderate,11,2
5/9/2026 19:15,Ring Road - Moneeb,"29.9881,31.2227",29.9881,31.2227,59,80,38,0.858149,FALSE,19,15,5,1,1,Free_Flow,12,1
5/9/2026 19:30,Gamaat El Dowal St,"30.0543,31.2005",30.0543,31.2005,41,73,25,0.955657,FALSE,19,30,5,1,1,Moderate,6,2
5/9/2026 19:45,Faisal Street,"30.0051,31.1574",30.0051,31.1574,45,76,47,0.88704,FALSE,19,45,5,1,1,Moderate,4,2
5/9/2026 20:00,North 90th Street,"30.0308,31.4721",30.0308,31.4721,41,76,29,0.925901,FALSE,20,0,5,1,0,Moderate,8,2
5/9/2026 20:15,South 90th Street,"30.0195,31.4326",30.0195,31.4326,54,63,37,0.957651,FALSE,20,15,5,1,0,Free_Flow,15,1
5/9/2026 20:30,Ring Road - Maadi,"29.9544,31.2858",29.9544,31.2858,41,67,21,0.874858,FALSE,20,30,5,1,0,Moderate,10,2
5/9/2026 20:45,October Bridge,"30.0526,31.2372",30.0526,31.2372,56,64,17,0.893596,FALSE,20,45,5,1,0,Free_Flow,9,1
5/9/2026 21:00,26th July Corridor,"30.0381,31.0264",30.0381,31.0264,63,68,47,0.864031,FALSE,21,0,5,1,0,Free_Flow,0,1
5/9/2026 21:15,Abbas El Akkad,"30.0631,31.3341",30.0631,31.3341,49,64,42,0.916192,FALSE,21,15,5,1,0,Moderate,1,2
5/9/2026 21:30,Galaa Square,"30.0398,31.2188",30.0398,31.2188,60,70,29,0.887023,FALSE,21,30,5,1,0,Free_Flow,5,1
5/9/2026 21:45,Salah Salem,"30.0645,31.282",30.0645,31.282,58,67,35,0.903107,FALSE,21,45,5,1,0,Free_Flow,14,1
5/9/2026 22:00,Autostrad - Sheraton,"30.1065,31.3711",30.1065,31.3711,60,71,38,0.922201,FALSE,22,0,5,1,0,Free_Flow,2,1
5/9/2026 22:15,Tahrir Square,"30.0444,31.2357",30.0444,31.2357,61,62,49,0.931234,FALSE,22,15,5,1,0,Free_Flow,16,1
5/9/2026 22:30,Corniche El Nil,"30.0263,31.2268",30.0263,31.2268,35,73,33,0.998233,FALSE,22,30,5,1,0,Moderate,3,2
5/9/2026 22:45,Mosheer Tantawy Axis,"30.0242,31.3486",30.0242,31.3486,72,72,8,0.879801,FALSE,22,45,5,1,0,Free_Flow,7,1
5/9/2026 23:00,Rod El Farag Axis,"30.0881,31.2185",30.0881,31.2185,73,78,5,0.99758,FALSE,23,0,5,1,0,Free_Flow,13,1
5/9/2026 23:15,Ring Road - Marg,"30.1554,31.3323",30.1554,31.3323,67,68,22,0.877851,FALSE,23,15,5,1,0,Free_Flow,11,1
5/9/2026 23:30,Ring Road - Moneeb,"29.9881,31.2227",29.9881,31.2227,63,73,35,0.857816,FALSE,23,30,5,1,0,Free_Flow,12,1
5/9/2026 23:45,Gamaat El Dowal St,"30.0543,31.2005",30.0543,31.2005,51,64,20,0.937107,FALSE,23,45,5,1,0,Free_Flow,6,1
5/10/2026 0:00,Faisal Street,"30.0051,31.1574",30.0051,31.1574,57,58,34,0.879944,FALSE,0,0,6,1,0,Free_Flow,4,1
5/10/2026 0:15,North 90th Street,"30.0308,31.4721",30.0308,31.4721,34,68,31,0.975448,FALSE,0,15,6,1,0,Moderate,8,2
5/10/2026 0:30,South 90th Street,"30.0195,31.4326",30.0195,31.4326,45,66,37,0.866009,FALSE,0,30,6,1,0,Moderate,15,2
5/10/2026 0:45,Ring Road - Maadi,"29.9544,31.2858",29.9544,31.2858,31,69,40,0.94658,FALSE,0,45,6,1,0,Moderate,10,2
5/10/2026 1:00,October Bridge,"30.0526,31.2372",30.0526,31.2372,35,72,54,0.917166,FALSE,1,0,6,1,0,Moderate,9,2
5/10/2026 1:15,26th July Corridor,"30.0381,31.0264",30.0381,31.0264,27,60,26,0.901776,FALSE,1,15,6,1,0,Moderate,0,2
5/10/2026 1:30,Abbas El Akkad,"30.0631,31.3341",30.0631,31.3341,52,70,45,0.965784,FALSE,1,30,6,1,0,Free_Flow,1,1
5/10/2026 1:45,Galaa Square,"30.0398,31.2188",30.0398,31.2188,40,74,19,0.858771,FALSE,1,45,6,1,0,Moderate,5,2
5/10/2026 2:00,Salah Salem,"30.0645,31.282",30.0645,31.282,65,65,13,0.926845,FALSE,2,0,6,1,0,Free_Flow,14,1
5/10/2026 2:15,Autostrad - Sheraton,"30.1065,31.3711",30.1065,31.3711,56,80,31,0.855793,FALSE,2,15,6,1,0,Free_Flow,2,1
5/10/2026 2:30,Tahrir Square,"30.0444,31.2357",30.0444,31.2357,25,71,37,0.957812,FALSE,2,30,6,1,0,Moderate,16,2
5/10/2026 2:45,Corniche El Nil,"30.0263,31.2268",30.0263,31.2268,62,72,29,0.932701,FALSE,2,45,6,1,0,Free_Flow,3,1
5/10/2026 3:00,Mosheer Tantawy Axis,"30.0242,31.3486",30.0242,31.3486,25,62,78,0.961031,FALSE,3,0,6,1,0,Moderate,7,2
5/10/2026 3:15,Rod El Farag Axis,"30.0881,31.2185",30.0881,31.2185,61,72,35,0.889872,FALSE,3,15,6,1,0,Free_Flow,13,1
5/10/2026 3:30,Ring Road - Marg,"30.1554,31.3323",30.1554,31.3323,26,70,30,0.951456,FALSE,3,30,6,1,0,Moderate,11,2
5/10/2026 3:45,Ring Road - Moneeb,"29.9881,31.2227",29.9881,31.2227,34,68,15,0.96164,FALSE,3,45,6,1,0,Moderate,12,2
5/10/2026 4:00,Gamaat El Dowal St,"30.0543,31.2005",30.0543,31.2005,49,66,34,0.93845,FALSE,4,0,6,1,0,Moderate,6,2
5/10/2026 4:15,Faisal Street,"30.0051,31.1574",30.0051,31.1574,30,62,76,0.972009,FALSE,4,15,6,1,0,Moderate,4,2
5/10/2026 4:30,North 90th Street,"30.0308,31.4721",30.0308,31.4721,50,59,16,0.988043,FALSE,4,30,6,1,0,Free_Flow,8,1
5/10/2026 4:45,South 90th Street,"30.0195,31.4326",30.0195,31.4326,54,79,56,0.863278,FALSE,4,45,6,1,0,Free_Flow,15,1
5/10/2026 5:00,Ring Road - Maadi,"29.9544,31.2858",29.9544,31.2858,29,55,61,0.892452,FALSE,5,0,6,1,0,Moderate,10,2
5/10/2026 5:15,October Bridge,"30.0526,31.2372",30.0526,31.2372,53,62,60,0.94263,FALSE,5,15,6,1,0,Free_Flow,9,1
5/10/2026 5:30,26th July Corridor,"30.0381,31.0264",30.0381,31.0264,53,69,76,0.933655,FALSE,5,30,6,1,0,Free_Flow,0,1
5/10/2026 5:45,Abbas El Akkad,"30.0631,31.3341",30.0631,31.3341,53,73,75,0.986254,FALSE,5,45,6,1,0,Free_Flow,1,1
5/10/2026 6:00,Galaa Square,"30.0398,31.2188",30.0398,31.2188,56,72,38,0.964476,FALSE,6,0,6,1,0,Free_Flow,5,1
5/10/2026 6:15,Salah Salem,"30.0645,31.282",30.0645,31.282,52,77,23,0.953951,FALSE,6,15,6,1,0,Free_Flow,14,1
5/10/2026 6:30,Autostrad - Sheraton,"30.1065,31.3711",30.1065,31.3711,34,67,54,0.904338,FALSE,6,30,6,1,0,Moderate,2,2
5/10/2026 6:45,Tahrir Square,"30.0444,31.2357",30.0444,31.2357,42,69,74,0.982487,FALSE,6,45,6,1,0,Moderate,16,2
5/10/2026 7:00,Corniche El Nil,"30.0263,31.2268",30.0263,31.2268,16,70,95,0.943054,FALSE,7,0,6,1,1,Congested,3,0
5/10/2026 7:15,Mosheer Tantawy Axis,"30.0242,31.3486",30.0242,31.3486,10,75,66,0.905906,FALSE,7,15,6,1,1,Congested,7,0
5/10/2026 7:30,Rod El Farag Axis,"30.0881,31.2185",30.0881,31.2185,17,65,89,0.950478,FALSE,7,30,6,1,1,Congested,13,0
5/10/2026 7:45,Ring Road - Marg,"30.1554,31.3323",30.1554,31.3323,34,62,56,0.880294,FALSE,7,45,6,1,1,Moderate,11,2
5/10/2026 8:00,Ring Road - Moneeb,"29.9881,31.2227",29.9881,31.2227,32,79,64,0.928009,FALSE,8,0,6,1,1,Moderate,12,2
5/10/2026 8:15,Gamaat El Dowal St,"30.0543,31.2005",30.0543,31.2005,10,70,102,0.97471,FALSE,8,15,6,1,1,Congested,6,0
5/10/2026 8:30,Faisal Street,"30.0051,31.1574",30.0051,31.1574,18,58,59,0.975115,FALSE,8,30,6,1,1,Congested,4,0
5/10/2026 8:45,North 90th Street,"30.0308,31.4721",30.0308,31.4721,20,68,63,0.867359,FALSE,8,45,6,1,1,Moderate,8,2
5/10/2026 9:00,South 90th Street,"30.0195,31.4326",30.0195,31.4326,35,57,88,0.899877,FALSE,9,0,6,1,1,Moderate,15,2
5/10/2026 9:15,Ring Road - Maadi,"29.9544,31.2858",29.9544,31.2858,28,65,89,0.90672,FALSE,9,15,6,1,1,Moderate,10,2
5/10/2026 9:30,October Bridge,"30.0526,31.2372",30.0526,31.2372,20,73,70,0.932575,FALSE,9,30,6,1,1,Moderate,9,2
5/10/2026 9:45,26th July Corridor,"30.0381,31.0264",30.0381,31.0264,15,78,53,0.880366,FALSE,9,45,6,1,1,Congested,0,0
5/10/2026 10:00,Abbas El Akkad,"30.0631,31.3341",30.0631,31.3341,18,77,115,0.87747,FALSE,10,0,6,1,0,Congested,1,0
5/10/2026 10:15,Galaa Square,"30.0398,31.2188",30.0398,31.2188,10,60,76,0.945636,FALSE,10,15,6,1,0,Congested,5,0
5/10/2026 10:30,Salah Salem,"30.0645,31.282",30.0645,31.282,10,79,98,0.938674,FALSE,10,30,6,1,0,Congested,14,0
5/10/2026 10:45,Autostrad - Sheraton,"30.1065,31.3711",30.1065,31.3711,13,56,50,0.950852,FALSE,10,45,6,1,0,Congested,2,0
5/10/2026 11:00,Tahrir Square,"30.0444,31.2357",30.0444,31.2357,53,67,53,0.952059,FALSE,11,0,6,1,0,Free_Flow,16,1
5/10/2026 11:15,Corniche El Nil,"30.0263,31.2268",30.0263,31.2268,25,76,41,0.884302,FALSE,11,15,6,1,0,Moderate,3,2
5/10/2026 11:30,Mosheer Tantawy Axis,"30.0242,31.3486",30.0242,31.3486,64,66,26,0.990641,FALSE,11,30,6,1,0,Free_Flow,7,1
5/10/2026 11:45,Rod El Farag Axis,"30.0881,31.2185",30.0881,31.2185,45,79,37,0.924704,FALSE,11,45,6,1,0,Moderate,13,2
5/10/2026 12:00,Ring Road - Marg,"30.1554,31.3323",30.1554,31.3323,48,63,46,0.857354,FALSE,12,0,6,1,0,Moderate,11,2
5/10/2026 12:15,Ring Road - Moneeb,"29.9881,31.2227",29.9881,31.2227,48,79,50,0.869403,FALSE,12,15,6,1,0,Moderate,12,2
5/10/2026 12:30,Gamaat El Dowal St,"30.0543,31.2005",30.0543,31.2005,56,79,66,0.991316,FALSE,12,30,6,1,0,Free_Flow,6,1
5/10/2026 12:45,Faisal Street,"30.0051,31.1574",30.0051,31.1574,51,78,17,0.900392,FALSE,12,45,6,1,0,Free_Flow,4,1
5/10/2026 13:00,North 90th Street,"30.0308,31.4721",30.0308,31.4721,41,59,15,0.894347,FALSE,13,0,6,1,0,Moderate,8,2
5/10/2026 13:15,South 90th Street,"30.0195,31.4326",30.0195,31.4326,30,57,62,0.90779,FALSE,13,15,6,1,0,Moderate,15,2
5/10/2026 13:30,Ring Road - Maadi,"29.9544,31.2858",29.9544,31.2858,45,73,11,0.996938,FALSE,13,30,6,1,0,Moderate,10,2
5/10/2026 13:45,October Bridge,"30.0526,31.2372",30.0526,31.2372,65,65,61,0.851156,FALSE,13,45,6,1,0,Free_Flow,9,1
5/10/2026 14:00,26th July Corridor,"30.0381,31.0264",30.0381,31.0264,26,67,65,0.9939,FALSE,14,0,6,1,0,Moderate,0,2
5/10/2026 14:15,Abbas El Akkad,"30.0631,31.3341",30.0631,31.3341,55,66,78,0.897562,FALSE,14,15,6,1,0,Free_Flow,1,1
5/10/2026 14:30,Galaa Square,"30.0398,31.2188",30.0398,31.2188,30,64,30,0.850983,FALSE,14,30,6,1,0,Moderate,5,2
5/10/2026 14:45,Salah Salem,"30.0645,31.282",30.0645,31.282,57,66,65,0.883607,FALSE,14,45,6,1,0,Free_Flow,14,1
5/10/2026 15:00,Autostrad - Sheraton,"30.1065,31.3711",30.1065,31.3711,27,55,65,0.953452,FALSE,15,0,6,1,0,Moderate,2,2
5/10/2026 15:15,Tahrir Square,"30.0444,31.2357",30.0444,31.2357,52,75,80,0.979302,FALSE,15,15,6,1,0,Free_Flow,16,1
5/10/2026 15:30,Corniche El Nil,"30.0263,31.2268",30.0263,31.2268,32,61,21,0.877328,FALSE,15,30,6,1,0,Moderate,3,2
5/10/2026 15:45,Mosheer Tantawy Axis,"30.0242,31.3486",30.0242,31.3486,64,64,55,0.868611,FALSE,15,45,6,1,0,Free_Flow,7,1
5/10/2026 16:00,Rod El Farag Axis,"30.0881,31.2185",30.0881,31.2185,22,56,113,0.870656,FALSE,16,0,6,1,1,Moderate,13,2
5/10/2026 16:15,Ring Road - Marg,"30.1554,31.3323",30.1554,31.3323,35,70,73,0.928311,FALSE,16,15,6,1,1,Moderate,11,2
5/10/2026 16:30,Ring Road - Moneeb,"29.9881,31.2227",29.9881,31.2227,34,68,95,0.881694,FALSE,16,30,6,1,1,Moderate,12,2
5/10/2026 16:45,Gamaat El Dowal St,"30.0543,31.2005",30.0543,31.2005,16,77,94,0.954056,FALSE,16,45,6,1,1,Congested,6,0
5/10/2026 17:00,Faisal Street,"30.0051,31.1574",30.0051,31.1574,34,60,65,0.88592,FALSE,17,0,6,1,1,Moderate,4,2
5/10/2026 17:15,North 90th Street,"30.0308,31.4721",30.0308,31.4721,28,73,61,0.9184,FALSE,17,15,6,1,1,Moderate,8,2
5/10/2026 17:30,South 90th Street,"30.0195,31.4326",30.0195,31.4326,18,63,71,0.871619,FALSE,17,30,6,1,1,Congested,15,0
5/10/2026 17:45,Ring Road - Maadi,"29.9544,31.2858",29.9544,31.2858,29,77,108,0.935724,FALSE,17,45,6,1,1,Moderate,10,2
5/10/2026 18:00,October Bridge,"30.0526,31.2372",30.0526,31.2372,23,76,66,0.877303,FALSE,18,0,6,1,1,Moderate,9,2
5/10/2026 18:15,26th July Corridor,"30.0381,31.0264",30.0381,31.0264,20,73,67,0.93037,FALSE,18,15,6,1,1,Moderate,0,2
5/10/2026 18:30,Abbas El Akkad,"30.0631,31.3341",30.0631,31.3341,13,72,56,0.8831,FALSE,18,30,6,1,1,Congested,1,0
5/10/2026 18:45,Galaa Square,"30.0398,31.2188",30.0398,31.2188,18,70,118,0.952152,FALSE,18,45,6,1,1,Congested,5,0
5/10/2026 19:00,Salah Salem,"30.0645,31.282",30.0645,31.282,24,73,69,0.872266,FALSE,19,0,6,1,1,Moderate,14,2
5/10/2026 19:15,Autostrad - Sheraton,"30.1065,31.3711",30.1065,31.3711,20,78,114,0.916942,FALSE,19,15,6,1,1,Moderate,2,2
5/10/2026 19:30,Tahrir Square,"30.0444,31.2357",30.0444,31.2357,35,68,110,0.91725,FALSE,19,30,6,1,1,Moderate,16,2
5/10/2026 19:45,Corniche El Nil,"30.0263,31.2268",30.0263,31.2268,18,60,51,0.915289,FALSE,19,45,6,1,1,Congested,3,0
5/10/2026 20:00,Mosheer Tantawy Axis,"30.0242,31.3486",30.0242,31.3486,23,60,120,0.993213,FALSE,20,0,6,1,0,Moderate,7,2
5/10/2026 20:15,Rod El Farag Axis,"30.0881,31.2185",30.0881,31.2185,23,68,62,0.924478,FALSE,20,15,6,1,0,Moderate,13,2
5/10/2026 20:30,Ring Road - Marg,"30.1554,31.3323",30.1554,31.3323,30,80,40,0.986439,FALSE,20,30,6,1,0,Moderate,11,2
5/10/2026 20:45,Ring Road - Moneeb,"29.9881,31.2227",29.9881,31.2227,13,76,106,0.863112,FALSE,20,45,6,1,0,Congested,12,0
5/10/2026 21:00,Gamaat El Dowal St,"30.0543,31.2005",30.0543,31.2005,62,62,24,0.94621,FALSE,21,0,6,1,0,Free_Flow,6,1
5/10/2026 21:15,Faisal Street,"30.0051,31.1574",30.0051,31.1574,50,60,73,0.903742,FALSE,21,15,6,1,0,Free_Flow,4,1
5/10/2026 21:30,North 90th Street,"30.0308,31.4721",30.0308,31.4721,58,66,30,0.962142,FALSE,21,30,6,1,0,Free_Flow,8,1
5/10/2026 21:45,South 90th Street,"30.0195,31.4326",30.0195,31.4326,29,72,49,0.901946,FALSE,21,45,6,1,0,Moderate,15,2
5/10/2026 22:00,Ring Road - Maadi,"29.9544,31.2858",29.9544,31.2858,52,80,35,0.920438,FALSE,22,0,6,1,0,Free_Flow,10,1
5/10/2026 22:15,October Bridge,"30.0526,31.2372",30.0526,31.2372,32,71,69,0.853526,FALSE,22,15,6,1,0,Moderate,9,2
5/10/2026 22:30,26th July Corridor,"30.0381,31.0264",30.0381,31.0264,28,69,11,0.964574,FALSE,22,30,6,1,0,Moderate,0,2
5/10/2026 22:45,Abbas El Akkad,"30.0631,31.3341",30.0631,31.3341,30,56,35,0.999284,FALSE,22,45,6,1,0,Moderate,1,2
5/10/2026 23:00,Galaa Square,"30.0398,31.2188",30.0398,31.2188,53,60,15,0.87546,FALSE,23,0,6,1,0,Free_Flow,5,1
5/10/2026 23:15,Salah Salem,"30.0645,31.282",30.0645,31.282,32,79,64,0.949364,FALSE,23,15,6,1,0,Moderate,14,2
5/10/2026 23:30,Autostrad - Sheraton,"30.1065,31.3711",30.1065,31.3711,33,56,19,0.943681,FALSE,23,30,6,1,0,Moderate,2,2
5/10/2026 23:45,Tahrir Square,"30.0444,31.2357",30.0444,31.2357,50,75,14,0.973008,FALSE,23,45,6,1,0,Free_Flow,16,1
5/11/2026 0:00,Corniche El Nil,"30.0263,31.2268",30.0263,31.2268,48,68,34,0.983657,FALSE,0,0,0,0,0,Moderate,3,2
5/11/2026 0:15,Mosheer Tantawy Axis,"30.0242,31.3486",30.0242,31.3486,45,65,65,0.919612,FALSE,0,15,0,0,0,Moderate,7,2
5/11/2026 0:30,Rod El Farag Axis,"30.0881,31.2185",30.0881,31.2185,63,66,76,0.962784,FALSE,0,30,0,0,0,Free_Flow,13,1
5/11/2026 0:45,Ring Road - Marg,"30.1554,31.3323",30.1554,31.3323,42,57,32,0.988788,FALSE,0,45,0,0,0,Moderate,11,2
5/11/2026 1:00,Ring Road - Moneeb,"29.9881,31.2227",29.9881,31.2227,50,60,21,0.967312,FALSE,1,0,0,0,0,Free_Flow,12,1
5/11/2026 1:15,Gamaat El Dowal St,"30.0543,31.2005",30.0543,31.2005,60,60,74,0.88135,FALSE,1,15,0,0,0,Free_Flow,6,1
5/11/2026 1:30,Faisal Street,"30.0051,31.1574",30.0051,31.1574,47,66,57,0.874248,FALSE,1,30,0,0,0,Moderate,4,2
5/11/2026 1:45,North 90th Street,"30.0308,31.4721",30.0308,31.4721,56,76,32,0.981336,FALSE,1,45,0,0,0,Free_Flow,8,1
5/11/2026 2:00,South 90th Street,"30.0195,31.4326",30.0195,31.4326,60,71,26,0.891698,FALSE,2,0,0,0,0,Free_Flow,15,1
5/11/2026 2:15,Ring Road - Maadi,"29.9544,31.2858",29.9544,31.2858,65,78,65,0.989545,FALSE,2,15,0,0,0,Free_Flow,10,1
5/11/2026 2:30,October Bridge,"30.0526,31.2372",30.0526,31.2372,53,71,22,0.967097,FALSE,2,30,0,0,0,Free_Flow,9,1
5/11/2026 2:45,26th July Corridor,"30.0381,31.0264",30.0381,31.0264,65,65,55,0.907784,FALSE,2,45,0,0,0,Free_Flow,0,1
5/11/2026 3:00,Abbas El Akkad,"30.0631,31.3341",30.0631,31.3341,45,58,70,0.943623,FALSE,3,0,0,0,0,Moderate,1,2
5/11/2026 3:15,Galaa Square,"30.0398,31.2188",30.0398,31.2188,36,56,26,0.992501,FALSE,3,15,0,0,0,Moderate,5,2
5/11/2026 3:30,Salah Salem,"30.0645,31.282",30.0645,31.282,30,72,73,0.971805,FALSE,3,30,0,0,0,Moderate,14,2
5/11/2026 3:45,Autostrad - Sheraton,"30.1065,31.3711",30.1065,31.3711,35,80,57,0.879583,FALSE,3,45,0,0,0,Moderate,2,2
5/11/2026 4:00,Tahrir Square,"30.0444,31.2357",30.0444,31.2357,42,75,39,0.94275,FALSE,4,0,0,0,0,Moderate,16,2
5/11/2026 4:15,Corniche El Nil,"30.0263,31.2268",30.0263,31.2268,25,63,52,0.960126,FALSE,4,15,0,0,0,Moderate,3,2
5/11/2026 4:30,Mosheer Tantawy Axis,"30.0242,31.3486",30.0242,31.3486,26,66,18,0.9399,FALSE,4,30,0,0,0,Moderate,7,2
5/11/2026 4:45,Rod El Farag Axis,"30.0881,31.2185",30.0881,31.2185,45,55,16,0.866022,FALSE,4,45,0,0,0,Moderate,13,2
5/11/2026 5:00,Ring Road - Marg,"30.1554,31.3323",30.1554,31.3323,25,78,26,0.977652,FALSE,5,0,0,0,0,Moderate,11,2
5/11/2026 5:15,Ring Road - Moneeb,"29.9881,31.2227",29.9881,31.2227,31,57,77,0.937469,FALSE,5,15,0,0,0,Moderate,12,2
5/11/2026 5:30,Gamaat El Dowal St,"30.0543,31.2005",30.0543,31.2005,49,73,68,0.861315,FALSE,5,30,0,0,0,Moderate,6,2
5/11/2026 5:45,Faisal Street,"30.0051,31.1574",30.0051,31.1574,63,68,18,0.932941,FALSE,5,45,0,0,0,Free_Flow,4,1
5/11/2026 6:00,North 90th Street,"30.0308,31.4721",30.0308,31.4721,62,62,62,0.933982,FALSE,6,0,0,0,0,Free_Flow,8,1
5/11/2026 6:15,South 90th Street,"30.0195,31.4326",30.0195,31.4326,53,72,59,0.918264,FALSE,6,15,0,0,0,Free_Flow,15,1
5/11/2026 6:30,Ring Road - Maadi,"29.9544,31.2858",29.9544,31.2858,64,80,71,0.942369,FALSE,6,30,0,0,0,Free_Flow,10,1
5/11/2026 6:45,October Bridge,"30.0526,31.2372",30.0526,31.2372,48,59,25,0.931766,FALSE,6,45,0,0,0,Moderate,9,2
5/11/2026 7:00,26th July Corridor,"30.0381,31.0264",30.0381,31.0264,22,56,104,0.853276,FALSE,7,0,0,0,1,Moderate,0,2
5/11/2026 7:15,Abbas El Akkad,"30.0631,31.3341",30.0631,31.3341,18,65,96,0.879991,FALSE,7,15,0,0,1,Congested,1,0
5/11/2026 7:30,Galaa Square,"30.0398,31.2188",30.0398,31.2188,14,77,111,0.888456,FALSE,7,30,0,0,1,Congested,5,0
5/11/2026 7:45,Salah Salem,"30.0645,31.282",30.0645,31.282,28,64,96,0.894457,FALSE,7,45,0,0,1,Moderate,14,2
5/11/2026 8:00,Autostrad - Sheraton,"30.1065,31.3711",30.1065,31.3711,31,66,50,0.873061,FALSE,8,0,0,0,1,Moderate,2,2
5/11/2026 8:15,Tahrir Square,"30.0444,31.2357",30.0444,31.2357,14,58,75,0.947278,FALSE,8,15,0,0,1,Congested,16,0
5/11/2026 8:30,Corniche El Nil,"30.0263,31.2268",30.0263,31.2268,26,61,114,0.99321,FALSE,8,30,0,0,1,Moderate,3,2
5/11/2026 8:45,Mosheer Tantawy Axis,"30.0242,31.3486",30.0242,31.3486,21,80,65,0.916898,FALSE,8,45,0,0,1,Moderate,7,2
5/11/2026 9:00,Rod El Farag Axis,"30.0881,31.2185",30.0881,31.2185,18,62,69,0.94946,FALSE,9,0,0,0,1,Congested,13,0
5/11/2026 9:15,Ring Road - Marg,"30.1554,31.3323",30.1554,31.3323,28,63,68,0.932066,FALSE,9,15,0,0,1,Moderate,11,2
5/11/2026 9:30,Ring Road - Moneeb,"29.9881,31.2227",29.9881,31.2227,15,70,94,0.966761,FALSE,9,30,0,0,1,Congested,12,0
5/11/2026 9:45,Gamaat El Dowal St,"30.0543,31.2005",30.0543,31.2005,18,71,86,0.95804,FALSE,9,45,0,0,1,Congested,6,0
5/11/2026 10:00,Faisal Street,"30.0051,31.1574",30.0051,31.1574,13,68,106,0.919015,FALSE,10,0,0,0,0,Congested,4,0
5/11/2026 10:15,North 90th Street,"30.0308,31.4721",30.0308,31.4721,34,71,77,0.879693,FALSE,10,15,0,0,0,Moderate,8,2
5/11/2026 10:30,South 90th Street,"30.0195,31.4326",30.0195,31.4326,32,74,86,0.927078,FALSE,10,30,0,0,0,Moderate,15,2
5/11/2026 10:45,Ring Road - Maadi,"29.9544,31.2858",29.9544,31.2858,18,76,106,0.865513,FALSE,10,45,0,0,0,Congested,10,0
5/11/2026 11:00,October Bridge,"30.0526,31.2372",30.0526,31.2372,64,74,73,0.925996,FALSE,11,0,0,0,0,Free_Flow,9,1
5/11/2026 11:15,26th July Corridor,"30.0381,31.0264",30.0381,31.0264,51,64,36,0.917873,FALSE,11,15,0,0,0,Free_Flow,0,1
5/11/2026 11:30,Abbas El Akkad,"30.0631,31.3341",30.0631,31.3341,43,80,76,0.925877,FALSE,11,30,0,0,0,Moderate,1,2
5/11/2026 11:45,Galaa Square,"30.0398,31.2188",30.0398,31.2188,41,74,17,0.911885,FALSE,11,45,0,0,0,Moderate,5,2
5/11/2026 12:00,Salah Salem,"30.0645,31.282",30.0645,31.282,61,63,28,0.877465,FALSE,12,0,0,0,0,Free_Flow,14,1
5/11/2026 12:15,Autostrad - Sheraton,"30.1065,31.3711",30.1065,31.3711,61,77,37,0.909705,FALSE,12,15,0,0,0,Free_Flow,2,1
5/11/2026 12:30,Tahrir Square,"30.0444,31.2357",30.0444,31.2357,36,78,16,0.943348,FALSE,12,30,0,0,0,Moderate,16,2
5/11/2026 12:45,Corniche El Nil,"30.0263,31.2268",30.0263,31.2268,38,70,64,0.854853,FALSE,12,45,0,0,0,Moderate,3,2
5/11/2026 13:00,Mosheer Tantawy Axis,"30.0242,31.3486",30.0242,31.3486,35,77,40,0.972137,FALSE,13,0,0,0,0,Moderate,7,2
5/11/2026 13:15,Rod El Farag Axis,"30.0881,31.2185",30.0881,31.2185,41,75,66,0.85293,FALSE,13,15,0,0,0,Moderate,13,2
5/11/2026 13:30,Ring Road - Marg,"30.1554,31.3323",30.1554,31.3323,64,64,42,0.896595,FALSE,13,30,0,0,0,Free_Flow,11,1
5/11/2026 13:45,Ring Road - Moneeb,"29.9881,31.2227",29.9881,31.2227,61,68,54,0.959656,FALSE,13,45,0,0,0,Free_Flow,12,1
5/11/2026 14:00,Gamaat El Dowal St,"30.0543,31.2005",30.0543,31.2005,40,64,57,0.990318,FALSE,14,0,0,0,0,Moderate,6,2
5/11/2026 14:15,Faisal Street,"30.0051,31.1574",30.0051,31.1574,52,78,15,0.89979,FALSE,14,15,0,0,0,Free_Flow,4,1
5/11/2026 14:30,North 90th Street,"30.0308,31.4721",30.0308,31.4721,54,74,68,0.897885,FALSE,14,30,0,0,0,Free_Flow,8,1
5/11/2026 14:45,South 90th Street,"30.0195,31.4326",30.0195,31.4326,38,63,57,0.936738,FALSE,14,45,0,0,0,Moderate,15,2
5/11/2026 15:00,Ring Road - Maadi,"29.9544,31.2858",29.9544,31.2858,30,71,33,0.855618,FALSE,15,0,0,0,0,Moderate,10,2
5/11/2026 15:15,October Bridge,"30.0526,31.2372",30.0526,31.2372,51,70,29,0.91203,FALSE,15,15,0,0,0,Free_Flow,9,1
5/11/2026 15:30,26th July Corridor,"30.0381,31.0264",30.0381,31.0264,34,59,26,0.929171,FALSE,15,30,0,0,0,Moderate,0,2
5/11/2026 15:45,Abbas El Akkad,"30.0631,31.3341",30.0631,31.3341,34,64,54,0.951989,FALSE,15,45,0,0,0,Moderate,1,2
5/11/2026 16:00,Galaa Square,"30.0398,31.2188",30.0398,31.2188,26,75,109,0.899345,FALSE,16,0,0,0,1,Moderate,5,2
5/11/2026 16:15,Salah Salem,"30.0645,31.282",30.0645,31.282,31,80,75,0.924251,FALSE,16,15,0,0,1,Moderate,14,2
5/11/2026 16:30,Autostrad - Sheraton,"30.1065,31.3711",30.1065,31.3711,11,73,70,0.934852,FALSE,16,30,0,0,1,Congested,2,0
5/11/2026 16:45,Tahrir Square,"30.0444,31.2357",30.0444,31.2357,16,76,79,0.852567,FALSE,16,45,0,0,1,Congested,16,0
5/11/2026 17:00,Corniche El Nil,"30.0263,31.2268",30.0263,31.2268,21,80,53,0.891065,FALSE,17,0,0,0,1,Moderate,3,2
5/11/2026 17:15,Mosheer Tantawy Axis,"30.0242,31.3486",30.0242,31.3486,27,64,105,0.92775,FALSE,17,15,0,0,1,Moderate,7,2
5/11/2026 17:30,Rod El Farag Axis,"30.0881,31.2185",30.0881,31.2185,16,56,79,0.930315,FALSE,17,30,0,0,1,Congested,13,0
5/11/2026 17:45,Ring Road - Marg,"30.1554,31.3323",30.1554,31.3323,19,71,99,0.928829,FALSE,17,45,0,0,1,Congested,11,0
5/11/2026 18:00,Ring Road - Moneeb,"29.9881,31.2227",29.9881,31.2227,13,79,120,0.899613,FALSE,18,0,0,0,1,Congested,12,0
5/11/2026 18:15,Gamaat El Dowal St,"30.0543,31.2005",30.0543,31.2005,28,64,76,0.989139,FALSE,18,15,0,0,1,Moderate,6,2
5/11/2026 18:30,Faisal Street,"30.0051,31.1574",30.0051,31.1574,18,79,104,0.879373,FALSE,18,30,0,0,1,Congested,4,0
5/11/2026 18:45,North 90th Street,"30.0308,31.4721",30.0308,31.4721,22,78,48,0.951828,FALSE,18,45,0,0,1,Moderate,8,2
5/11/2026 19:00,South 90th Street,"30.0195,31.4326",30.0195,31.4326,23,61,106,0.860602,FALSE,19,0,0,0,1,Moderate,15,2
5/11/2026 19:15,Ring Road - Maadi,"29.9544,31.2858",29.9544,31.2858,30,76,62,0.866095,FALSE,19,15,0,0,1,Moderate,10,2
5/11/2026 19:30,October Bridge,"30.0526,31.2372",30.0526,31.2372,30,73,89,0.985107,FALSE,19,30,0,0,1,Moderate,9,2
5/11/2026 19:45,26th July Corridor,"30.0381,31.0264",30.0381,31.0264,17,73,99,0.890122,FALSE,19,45,0,0,1,Congested,0,0
5/11/2026 20:00,Abbas El Akkad,"30.0631,31.3341",30.0631,31.3341,10,67,104,0.895938,FALSE,20,0,0,0,0,Congested,1,0
5/11/2026 20:15,Galaa Square,"30.0398,31.2188",30.0398,31.2188,18,64,44,0.880698,FALSE,20,15,0,0,0,Congested,5,0
5/11/2026 20:30,Salah Salem,"30.0645,31.282",30.0645,31.282,31,55,92,0.994484,FALSE,20,30,0,0,0,Moderate,14,2
5/11/2026 20:45,Autostrad - Sheraton,"30.1065,31.3711",30.1065,31.3711,14,71,61,0.99673,FALSE,20,45,0,0,0,Congested,2,0
5/11/2026 21:00,Tahrir Square,"30.0444,31.2357",30.0444,31.2357,56,58,13,0.95617,FALSE,21,0,0,0,0,Free_Flow,16,1
5/11/2026 21:15,Corniche El Nil,"30.0263,31.2268",30.0263,31.2268,32,77,53,0.997288,FALSE,21,15,0,0,0,Moderate,3,2
5/11/2026 21:30,Mosheer Tantawy Axis,"30.0242,31.3486",30.0242,31.3486,25,67,30,0.941202,FALSE,21,30,0,0,0,Moderate,7,2
5/11/2026 21:45,Rod El Farag Axis,"30.0881,31.2185",30.0881,31.2185,49,73,17,0.939477,FALSE,21,45,0,0,0,Moderate,13,2
5/11/2026 22:00,Ring Road - Marg,"30.1554,31.3323",30.1554,31.3323,57,59,36,0.977283,FALSE,22,0,0,0,0,Free_Flow,11,1
5/11/2026 22:15,Ring Road - Moneeb,"29.9881,31.2227",29.9881,31.2227,30,69,69,0.987132,FALSE,22,15,0,0,0,Moderate,12,2
5/11/2026 22:30,Gamaat El Dowal St,"30.0543,31.2005",30.0543,31.2005,44,70,50,0.973714,FALSE,22,30,0,0,0,Moderate,6,2
5/11/2026 22:45,Faisal Street,"30.0051,31.1574",30.0051,31.1574,30,60,12,0.931069,FALSE,22,45,0,0,0,Moderate,4,2
5/11/2026 23:00,North 90th Street,"30.0308,31.4721",30.0308,31.4721,26,60,54,0.981466,FALSE,23,0,0,0,0,Moderate,8,2
5/11/2026 23:15,South 90th Street,"30.0195,31.4326",30.0195,31.4326,53,58,13,0.902002,FALSE,23,15,0,0,0,Free_Flow,15,1
5/11/2026 23:30,Ring Road - Maadi,"29.9544,31.2858",29.9544,31.2858,48,56,26,0.870644,FALSE,23,30,0,0,0,Moderate,10,2
5/11/2026 23:45,October Bridge,"30.0526,31.2372",30.0526,31.2372,36,59,70,0.855603,FALSE,23,45,0,0,0,Moderate,9,2
5/12/2026 0:00,26th July Corridor,"30.0381,31.0264",30.0381,31.0264,34,72,41,0.886033,FALSE,0,0,1,0,0,Moderate,0,2
5/12/2026 0:15,Abbas El Akkad,"30.0631,31.3341",30.0631,31.3341,44,76,18,0.868975,FALSE,0,15,1,0,0,Moderate,1,2
5/12/2026 0:30,Galaa Square,"30.0398,31.2188",30.0398,31.2188,62,72,65,0.862097,FALSE,0,30,1,0,0,Free_Flow,5,1
5/12/2026 0:45,Salah Salem,"30.0645,31.282",30.0645,31.282,37,58,17,0.902841,FALSE,0,45,1,0,0,Moderate,14,2
5/12/2026 1:00,Autostrad - Sheraton,"30.1065,31.3711",30.1065,31.3711,55,75,11,0.873056,FALSE,1,0,1,0,0,Free_Flow,2,1
5/12/2026 1:15,Tahrir Square,"30.0444,31.2357",30.0444,31.2357,36,57,21,0.991362,FALSE,1,15,1,0,0,Moderate,16,2
5/12/2026 1:30,Corniche El Nil,"30.0263,31.2268",30.0263,31.2268,31,56,51,0.95845,FALSE,1,30,1,0,0,Moderate,3,2
5/12/2026 1:45,Mosheer Tantawy Axis,"30.0242,31.3486",30.0242,31.3486,44,55,44,0.869372,FALSE,1,45,1,0,0,Moderate,7,2
5/12/2026 2:00,Rod El Farag Axis,"30.0881,31.2185",30.0881,31.2185,28,77,51,0.872795,FALSE,2,0,1,0,0,Moderate,13,2
5/12/2026 2:15,Ring Road - Marg,"30.1554,31.3323",30.1554,31.3323,60,63,28,0.91217,FALSE,2,15,1,0,0,Free_Flow,11,1
5/12/2026 2:30,Ring Road - Moneeb,"29.9881,31.2227",29.9881,31.2227,51,72,39,0.89952,FALSE,2,30,1,0,0,Free_Flow,12,1
5/12/2026 2:45,Gamaat El Dowal St,"30.0543,31.2005",30.0543,31.2005,41,72,35,0.940765,FALSE,2,45,1,0,0,Moderate,6,2
5/12/2026 3:00,Faisal Street,"30.0051,31.1574",30.0051,31.1574,28,80,58,0.910575,FALSE,3,0,1,0,0,Moderate,4,2
5/12/2026 3:15,North 90th Street,"30.0308,31.4721",30.0308,31.4721,31,61,45,0.957274,FALSE,3,15,1,0,0,Moderate,8,2
5/12/2026 3:30,South 90th Street,"30.0195,31.4326",30.0195,31.4326,27,74,32,0.872226,FALSE,3,30,1,0,0,Moderate,15,2
5/12/2026 3:45,Ring Road - Maadi,"29.9544,31.2858",29.9544,31.2858,65,65,35,0.856159,FALSE,3,45,1,0,0,Free_Flow,10,1
5/12/2026 4:00,October Bridge,"30.0526,31.2372",30.0526,31.2372,38,71,63,0.935482,FALSE,4,0,1,0,0,Moderate,9,2
5/12/2026 4:15,26th July Corridor,"30.0381,31.0264",30.0381,31.0264,57,57,78,0.862276,FALSE,4,15,1,0,0,Free_Flow,0,1
5/12/2026 4:30,Abbas El Akkad,"30.0631,31.3341",30.0631,31.3341,63,67,15,0.924886,FALSE,4,30,1,0,0,Free_Flow,1,1
5/12/2026 4:45,Galaa Square,"30.0398,31.2188",30.0398,31.2188,65,65,62,0.881366,FALSE,4,45,1,0,0,Free_Flow,5,1
5/12/2026 5:00,Salah Salem,"30.0645,31.282",30.0645,31.282,30,66,63,0.908955,FALSE,5,0,1,0,0,Moderate,14,2
5/12/2026 5:15,Autostrad - Sheraton,"30.1065,31.3711",30.1065,31.3711,29,80,51,0.911639,FALSE,5,15,1,0,0,Moderate,2,2
5/12/2026 5:30,Tahrir Square,"30.0444,31.2357",30.0444,31.2357,42,73,72,0.996935,FALSE,5,30,1,0,0,Moderate,16,2
5/12/2026 5:45,Corniche El Nil,"30.0263,31.2268",30.0263,31.2268,32,65,78,0.975916,FALSE,5,45,1,0,0,Moderate,3,2
5/12/2026 6:00,Mosheer Tantawy Axis,"30.0242,31.3486",30.0242,31.3486,62,66,66,0.944046,FALSE,6,0,1,0,0,Free_Flow,7,1
5/12/2026 6:15,Rod El Farag Axis,"30.0881,31.2185",30.0881,31.2185,61,61,80,0.8805,FALSE,6,15,1,0,0,Free_Flow,13,1
5/12/2026 6:30,Ring Road - Marg,"30.1554,31.3323",30.1554,31.3323,31,56,71,0.911329,FALSE,6,30,1,0,0,Moderate,11,2
5/12/2026 6:45,Ring Road - Moneeb,"29.9881,31.2227",29.9881,31.2227,57,59,43,0.857982,FALSE,6,45,1,0,0,Free_Flow,12,1
5/12/2026 7:00,Gamaat El Dowal St,"30.0543,31.2005",30.0543,31.2005,22,55,62,0.974711,FALSE,7,0,1,0,1,Moderate,6,2
5/12/2026 7:15,Faisal Street,"30.0051,31.1574",30.0051,31.1574,23,74,119,0.887838,FALSE,7,15,1,0,1,Moderate,4,2
5/12/2026 7:30,North 90th Street,"30.0308,31.4721",30.0308,31.4721,26,55,73,0.940606,FALSE,7,30,1,0,1,Moderate,8,2
5/12/2026 7:45,South 90th Street,"30.0195,31.4326",30.0195,31.4326,17,76,50,0.917604,FALSE,7,45,1,0,1,Congested,15,0
5/12/2026 8:00,Ring Road - Maadi,"29.9544,31.2858",29.9544,31.2858,35,79,99,0.979521,FALSE,8,0,1,0,1,Moderate,10,2
5/12/2026 8:15,October Bridge,"30.0526,31.2372",30.0526,31.2372,13,78,44,0.853953,FALSE,8,15,1,0,1,Congested,9,0
5/12/2026 8:30,26th July Corridor,"30.0381,31.0264",30.0381,31.0264,32,71,58,0.973917,FALSE,8,30,1,0,1,Moderate,0,2
5/12/2026 8:45,Abbas El Akkad,"30.0631,31.3341",30.0631,31.3341,12,59,95,0.985423,FALSE,8,45,1,0,1,Congested,1,0
5/12/2026 9:00,Galaa Square,"30.0398,31.2188",30.0398,31.2188,26,69,102,0.884185,FALSE,9,0,1,0,1,Moderate,5,2
5/12/2026 9:15,Salah Salem,"30.0645,31.282",30.0645,31.282,25,73,103,0.926006,FALSE,9,15,1,0,1,Moderate,14,2
5/12/2026 9:30,Autostrad - Sheraton,"30.1065,31.3711",30.1065,31.3711,15,77,82,0.871573,FALSE,9,30,1,0,1,Congested,2,0
5/12/2026 9:45,Tahrir Square,"30.0444,31.2357",30.0444,31.2357,19,80,97,0.916337,FALSE,9,45,1,0,1,Congested,16,0
5/12/2026 10:00,Corniche El Nil,"30.0263,31.2268",30.0263,31.2268,13,62,105,0.979324,FALSE,10,0,1,0,0,Congested,3,0
5/12/2026 10:15,Mosheer Tantawy Axis,"30.0242,31.3486",30.0242,31.3486,27,65,82,0.960335,FALSE,10,15,1,0,0,Moderate,7,2
5/12/2026 10:30,Rod El Farag Axis,"30.0881,31.2185",30.0881,31.2185,25,61,65,0.916078,FALSE,10,30,1,0,0,Moderate,13,2
5/12/2026 10:45,Ring Road - Marg,"30.1554,31.3323",30.1554,31.3323,24,76,86,0.912263,FALSE,10,45,1,0,0,Moderate,11,2
5/12/2026 11:00,Ring Road - Moneeb,"29.9881,31.2227",29.9881,31.2227,60,60,14,0.912653,FALSE,11,0,1,0,0,Free_Flow,12,1
5/12/2026 11:15,Gamaat El Dowal St,"30.0543,31.2005",30.0543,31.2005,44,61,63,0.854684,FALSE,11,15,1,0,0,Moderate,6,2
5/12/2026 11:30,Faisal Street,"30.0051,31.1574",30.0051,31.1574,28,71,71,0.896305,FALSE,11,30,1,0,0,Moderate,4,2
5/12/2026 11:45,North 90th Street,"30.0308,31.4721",30.0308,31.4721,36,59,44,0.892131,FALSE,11,45,1,0,0,Moderate,8,2
5/12/2026 12:00,South 90th Street,"30.0195,31.4326",30.0195,31.4326,45,68,66,0.94522,FALSE,12,0,1,0,0,Moderate,15,2
5/12/2026 12:15,Ring Road - Maadi,"29.9544,31.2858",29.9544,31.2858,49,71,33,0.920851,FALSE,12,15,1,0,0,Moderate,10,2
5/12/2026 12:30,October Bridge,"30.0526,31.2372",30.0526,31.2372,52,64,61,0.902864,FALSE,12,30,1,0,0,Free_Flow,9,1
5/12/2026 12:45,26th July Corridor,"30.0381,31.0264",30.0381,31.0264,42,68,75,0.851556,FALSE,12,45,1,0,0,Moderate,0,2
5/12/2026 13:00,Abbas El Akkad,"30.0631,31.3341",30.0631,31.3341,61,79,18,0.871439,FALSE,13,0,1,0,0,Free_Flow,1,1
5/12/2026 13:15,Galaa Square,"30.0398,31.2188",30.0398,31.2188,59,62,60,0.897529,FALSE,13,15,1,0,0,Free_Flow,5,1
5/12/2026 13:30,Salah Salem,"30.0645,31.282",30.0645,31.282,30,55,74,0.861699,FALSE,13,30,1,0,0,Moderate,14,2
5/12/2026 13:45,Autostrad - Sheraton,"30.1065,31.3711",30.1065,31.3711,25,77,20,0.892816,FALSE,13,45,1,0,0,Moderate,2,2
5/12/2026 14:00,Tahrir Square,"30.0444,31.2357",30.0444,31.2357,35,62,79,0.856835,FALSE,14,0,1,0,0,Moderate,16,2
5/12/2026 14:15,Corniche El Nil,"30.0263,31.2268",30.0263,31.2268,54,67,67,0.986172,FALSE,14,15,1,0,0,Free_Flow,3,1
5/12/2026 14:30,Mosheer Tantawy Axis,"30.0242,31.3486",30.0242,31.3486,26,79,61,0.892661,FALSE,14,30,1,0,0,Moderate,7,2
5/12/2026 14:45,Rod El Farag Axis,"30.0881,31.2185",30.0881,31.2185,52,63,74,0.934993,FALSE,14,45,1,0,0,Free_Flow,13,1
5/12/2026 15:00,Ring Road - Marg,"30.1554,31.3323",30.1554,31.3323,37,79,42,0.936678,FALSE,15,0,1,0,0,Moderate,11,2
5/12/2026 15:15,Ring Road - Moneeb,"29.9881,31.2227",29.9881,31.2227,46,63,56,0.980403,FALSE,15,15,1,0,0,Moderate,12,2
5/12/2026 15:30,Gamaat El Dowal St,"30.0543,31.2005",30.0543,31.2005,63,71,17,0.883203,FALSE,15,30,1,0,0,Free_Flow,6,1
5/12/2026 15:45,Faisal Street,"30.0051,31.1574",30.0051,31.1574,48,61,19,0.919273,FALSE,15,45,1,0,0,Moderate,4,2
5/12/2026 16:00,North 90th Street,"30.0308,31.4721",30.0308,31.4721,12,79,82,0.866509,FALSE,16,0,1,0,1,Congested,8,0
5/12/2026 16:15,South 90th Street,"30.0195,31.4326",30.0195,31.4326,22,71,45,0.898769,FALSE,16,15,1,0,1,Moderate,15,2
5/12/2026 16:30,Ring Road - Maadi,"29.9544,31.2858",29.9544,31.2858,32,79,88,0.862511,FALSE,16,30,1,0,1,Moderate,10,2
5/12/2026 16:45,October Bridge,"30.0526,31.2372",30.0526,31.2372,23,60,65,0.952247,FALSE,16,45,1,0,1,Moderate,9,2
5/12/2026 17:00,26th July Corridor,"30.0381,31.0264",30.0381,31.0264,19,56,97,0.920524,FALSE,17,0,1,0,1,Congested,0,0
5/12/2026 17:15,Abbas El Akkad,"30.0631,31.3341",30.0631,31.3341,18,71,85,0.937528,FALSE,17,15,1,0,1,Congested,1,0
5/12/2026 17:30,Galaa Square,"30.0398,31.2188",30.0398,31.2188,15,68,111,0.983833,FALSE,17,30,1,0,1,Congested,5,0
5/12/2026 17:45,Salah Salem,"30.0645,31.282",30.0645,31.282,28,69,53,0.861322,FALSE,17,45,1,0,1,Moderate,14,2
5/12/2026 18:00,Autostrad - Sheraton,"30.1065,31.3711",30.1065,31.3711,34,72,64,0.888597,FALSE,18,0,1,0,1,Moderate,2,2
5/12/2026 18:15,Tahrir Square,"30.0444,31.2357",30.0444,31.2357,28,75,82,0.982036,FALSE,18,15,1,0,1,Moderate,16,2
5/12/2026 18:30,Corniche El Nil,"30.0263,31.2268",30.0263,31.2268,19,59,77,0.958814,FALSE,18,30,1,0,1,Congested,3,0
5/12/2026 18:45,Mosheer Tantawy Axis,"30.0242,31.3486",30.0242,31.3486,11,58,77,0.868993,FALSE,18,45,1,0,1,Congested,7,0
5/12/2026 19:00,Rod El Farag Axis,"30.0881,31.2185",30.0881,31.2185,15,73,81,0.949991,FALSE,19,0,1,0,1,Congested,13,0
5/12/2026 19:15,Ring Road - Marg,"30.1554,31.3323",30.1554,31.3323,32,67,60,0.997634,FALSE,19,15,1,0,1,Moderate,11,2
5/12/2026 19:30,Ring Road - Moneeb,"29.9881,31.2227",29.9881,31.2227,16,79,46,0.917803,FALSE,19,30,1,0,1,Congested,12,0
5/12/2026 19:45,Gamaat El Dowal St,"30.0543,31.2005",30.0543,31.2005,19,74,99,0.85723,FALSE,19,45,1,0,1,Congested,6,0
5/12/2026 20:00,Faisal Street,"30.0051,31.1574",30.0051,31.1574,14,72,47,0.905778,FALSE,20,0,1,0,0,Congested,4,0
5/12/2026 20:15,North 90th Street,"30.0308,31.4721",30.0308,31.4721,21,68,91,0.921857,FALSE,20,15,1,0,0,Moderate,8,2
5/12/2026 20:30,South 90th Street,"30.0195,31.4326",30.0195,31.4326,18,80,44,0.870109,FALSE,20,30,1,0,0,Congested,15,0
5/12/2026 20:45,Ring Road - Maadi,"29.9544,31.2858",29.9544,31.2858,24,66,97,0.915801,FALSE,20,45,1,0,0,Moderate,10,2
5/12/2026 21:00,October Bridge,"30.0526,31.2372",30.0526,31.2372,57,67,66,0.913916,FALSE,21,0,1,0,0,Free_Flow,9,1
5/12/2026 21:15,26th July Corridor,"30.0381,31.0264",30.0381,31.0264,30,64,14,0.861237,FALSE,21,15,1,0,0,Moderate,0,2
5/12/2026 21:30,Abbas El Akkad,"30.0631,31.3341",30.0631,31.3341,58,69,79,0.997684,FALSE,21,30,1,0,0,Free_Flow,1,1
5/12/2026 21:45,Galaa Square,"30.0398,31.2188",30.0398,31.2188,55,66,51,0.983609,FALSE,21,45,1,0,0,Free_Flow,5,1
5/12/2026 22:00,Salah Salem,"30.0645,31.282",30.0645,31.282,43,72,53,0.982161,FALSE,22,0,1,0,0,Moderate,14,2
5/12/2026 22:15,Autostrad - Sheraton,"30.1065,31.3711",30.1065,31.3711,44,71,62,0.979889,FALSE,22,15,1,0,0,Moderate,2,2
5/12/2026 22:30,Tahrir Square,"30.0444,31.2357",30.0444,31.2357,62,62,63,0.925351,FALSE,22,30,1,0,0,Free_Flow,16,1
5/12/2026 22:45,Corniche El Nil,"30.0263,31.2268",30.0263,31.2268,54,68,20,0.890648,FALSE,22,45,1,0,0,Free_Flow,3,1
5/12/2026 23:00,Mosheer Tantawy Axis,"30.0242,31.3486",30.0242,31.3486,59,71,69,0.893158,FALSE,23,0,1,0,0,Free_Flow,7,1
5/12/2026 23:15,Rod El Farag Axis,"30.0881,31.2185",30.0881,31.2185,55,79,80,0.960792,FALSE,23,15,1,0,0,Free_Flow,13,1
5/12/2026 23:30,Ring Road - Marg,"30.1554,31.3323",30.1554,31.3323,61,61,50,0.95947,FALSE,23,30,1,0,0,Free_Flow,11,1
5/12/2026 23:45,Ring Road - Moneeb,"29.9881,31.2227",29.9881,31.2227,29,77,58,0.89595,FALSE,23,45,1,0,0,Moderate,12,2
5/13/2026 0:00,Gamaat El Dowal St,"30.0543,31.2005",30.0543,31.2005,47,62,18,0.916004,FALSE,0,0,2,0,0,Moderate,6,2
5/13/2026 0:15,Faisal Street,"30.0051,31.1574",30.0051,31.1574,39,57,27,0.856905,FALSE,0,15,2,0,0,Moderate,4,2
5/13/2026 0:30,North 90th Street,"30.0308,31.4721",30.0308,31.4721,34,77,36,0.983361,FALSE,0,30,2,0,0,Moderate,8,2
5/13/2026 0:45,South 90th Street,"30.0195,31.4326",30.0195,31.4326,53,71,20,0.867293,FALSE,0,45,2,0,0,Free_Flow,15,1
5/13/2026 1:00,Ring Road - Maadi,"29.9544,31.2858",29.9544,31.2858,26,60,22,0.889299,FALSE,1,0,2,0,0,Moderate,10,2
5/13/2026 1:15,October Bridge,"30.0526,31.2372",30.0526,31.2372,40,72,13,0.930711,FALSE,1,15,2,0,0,Moderate,9,2
5/13/2026 1:30,26th July Corridor,"30.0381,31.0264",30.0381,31.0264,36,65,34,0.964494,FALSE,1,30,2,0,0,Moderate,0,2
5/13/2026 1:45,Abbas El Akkad,"30.0631,31.3341",30.0631,31.3341,64,64,67,0.85359,FALSE,1,45,2,0,0,Free_Flow,1,1
5/13/2026 2:00,Galaa Square,"30.0398,31.2188",30.0398,31.2188,48,74,29,0.866425,FALSE,2,0,2,0,0,Moderate,5,2
5/13/2026 2:15,Salah Salem,"30.0645,31.282",30.0645,31.282,33,73,59,0.981396,FALSE,2,15,2,0,0,Moderate,14,2
5/13/2026 2:30,Autostrad - Sheraton,"30.1065,31.3711",30.1065,31.3711,33,72,64,0.986926,FALSE,2,30,2,0,0,Moderate,2,2
5/13/2026 2:45,Tahrir Square,"30.0444,31.2357",30.0444,31.2357,52,73,67,0.888341,FALSE,2,45,2,0,0,Free_Flow,16,1
5/13/2026 3:00,Corniche El Nil,"30.0263,31.2268",30.0263,31.2268,35,78,20,0.998961,FALSE,3,0,2,0,0,Moderate,3,2
5/13/2026 3:15,Mosheer Tantawy Axis,"30.0242,31.3486",30.0242,31.3486,32,67,47,0.871459,FALSE,3,15,2,0,0,Moderate,7,2
5/13/2026 3:30,Rod El Farag Axis,"30.0881,31.2185",30.0881,31.2185,35,59,26,0.903285,FALSE,3,30,2,0,0,Moderate,13,2
5/13/2026 3:45,Ring Road - Marg,"30.1554,31.3323",30.1554,31.3323,31,72,30,0.988218,FALSE,3,45,2,0,0,Moderate,11,2
5/13/2026 4:00,Ring Road - Moneeb,"29.9881,31.2227",29.9881,31.2227,61,72,65,0.863445,FALSE,4,0,2,0,0,Free_Flow,12,1
5/13/2026 4:15,Gamaat El Dowal St,"30.0543,31.2005",30.0543,31.2005,56,73,68,0.916953,FALSE,4,15,2,0,0,Free_Flow,6,1
5/13/2026 4:30,Faisal Street,"30.0051,31.1574",30.0051,31.1574,34,59,21,0.992245,FALSE,4,30,2,0,0,Moderate,4,2
5/13/2026 4:45,North 90th Street,"30.0308,31.4721",30.0308,31.4721,41,67,71,0.886095,FALSE,4,45,2,0,0,Moderate,8,2
5/13/2026 5:00,South 90th Street,"30.0195,31.4326",30.0195,31.4326,62,65,60,0.955433,FALSE,5,0,2,0,0,Free_Flow,15,1
5/13/2026 5:15,Ring Road - Maadi,"29.9544,31.2858",29.9544,31.2858,65,65,56,0.94987,FALSE,5,15,2,0,0,Free_Flow,10,1
5/13/2026 5:30,October Bridge,"30.0526,31.2372",30.0526,31.2372,61,61,76,0.859866,FALSE,5,30,2,0,0,Free_Flow,9,1
5/13/2026 5:45,26th July Corridor,"30.0381,31.0264",30.0381,31.0264,46,70,48,0.884445,FALSE,5,45,2,0,0,Moderate,0,2
5/13/2026 6:00,Abbas El Akkad,"30.0631,31.3341",30.0631,31.3341,38,71,34,0.99692,FALSE,6,0,2,0,0,Moderate,1,2
5/13/2026 6:15,Galaa Square,"30.0398,31.2188",30.0398,31.2188,57,77,54,0.865909,FALSE,6,15,2,0,0,Free_Flow,5,1
5/13/2026 6:30,Salah Salem,"30.0645,31.282",30.0645,31.282,57,59,63,0.861035,FALSE,6,30,2,0,0,Free_Flow,14,1
5/13/2026 6:45,Autostrad - Sheraton,"30.1065,31.3711",30.1065,31.3711,48,65,71,0.969212,FALSE,6,45,2,0,0,Moderate,2,2
5/13/2026 7:00,Tahrir Square,"30.0444,31.2357",30.0444,31.2357,27,72,59,0.867607,FALSE,7,0,2,0,1,Moderate,16,2
5/13/2026 7:15,Corniche El Nil,"30.0263,31.2268",30.0263,31.2268,21,76,40,0.921291,FALSE,7,15,2,0,1,Moderate,3,2
5/13/2026 7:30,Mosheer Tantawy Axis,"30.0242,31.3486",30.0242,31.3486,27,78,102,0.937734,FALSE,7,30,2,0,1,Moderate,7,2
5/13/2026 7:45,Rod El Farag Axis,"30.0881,31.2185",30.0881,31.2185,18,65,82,0.857055,FALSE,7,45,2,0,1,Congested,13,0
5/13/2026 8:00,Ring Road - Marg,"30.1554,31.3323",30.1554,31.3323,13,74,92,0.928185,FALSE,8,0,2,0,1,Congested,11,0
5/13/2026 8:15,Ring Road - Moneeb,"29.9881,31.2227",29.9881,31.2227,23,68,110,0.888405,FALSE,8,15,2,0,1,Moderate,12,2
5/13/2026 8:30,Gamaat El Dowal St,"30.0543,31.2005",30.0543,31.2005,29,60,120,0.901335,FALSE,8,30,2,0,1,Moderate,6,2
5/13/2026 8:45,Faisal Street,"30.0051,31.1574",30.0051,31.1574,35,55,58,0.973858,FALSE,8,45,2,0,1,Moderate,4,2
5/13/2026 9:00,North 90th Street,"30.0308,31.4721",30.0308,31.4721,33,69,82,0.993376,FALSE,9,0,2,0,1,Moderate,8,2
5/13/2026 9:15,South 90th Street,"30.0195,31.4326",30.0195,31.4326,12,60,67,0.863905,FALSE,9,15,2,0,1,Congested,15,0
5/13/2026 9:30,Ring Road - Maadi,"29.9544,31.2858",29.9544,31.2858,35,66,85,0.99884,FALSE,9,30,2,0,1,Moderate,10,2
5/13/2026 9:45,October Bridge,"30.0526,31.2372",30.0526,31.2372,14,79,55,0.880731,FALSE,9,45,2,0,1,Congested,9,0
5/13/2026 10:00,26th July Corridor,"30.0381,31.0264",30.0381,31.0264,11,60,59,0.935218,FALSE,10,0,2,0,0,Congested,0,0
5/13/2026 10:15,Abbas El Akkad,"30.0631,31.3341",30.0631,31.3341,11,58,59,0.922846,FALSE,10,15,2,0,0,Congested,1,0
5/13/2026 10:30,Galaa Square,"30.0398,31.2188",30.0398,31.2188,25,79,58,0.902584,FALSE,10,30,2,0,0,Moderate,5,2
5/13/2026 10:45,Salah Salem,"30.0645,31.282",30.0645,31.282,23,56,93,0.988735,FALSE,10,45,2,0,0,Moderate,14,2
5/13/2026 11:00,Autostrad - Sheraton,"30.1065,31.3711",30.1065,31.3711,49,68,55,0.909354,FALSE,11,0,2,0,0,Moderate,2,2
5/13/2026 11:15,Tahrir Square,"30.0444,31.2357",30.0444,31.2357,49,69,24,0.909627,FALSE,11,15,2,0,0,Moderate,16,2
5/13/2026 11:30,Corniche El Nil,"30.0263,31.2268",30.0263,31.2268,50,75,70,0.935085,FALSE,11,30,2,0,0,Free_Flow,3,1
5/13/2026 11:45,Mosheer Tantawy Axis,"30.0242,31.3486",30.0242,31.3486,64,73,71,0.905106,FALSE,11,45,2,0,0,Free_Flow,7,1
5/13/2026 12:00,Rod El Farag Axis,"30.0881,31.2185",30.0881,31.2185,51,67,16,0.9226,FALSE,12,0,2,0,0,Free_Flow,13,1
5/13/2026 12:15,Ring Road - Marg,"30.1554,31.3323",30.1554,31.3323,56,80,79,0.935282,FALSE,12,15,2,0,0,Free_Flow,11,1
5/13/2026 12:30,Ring Road - Moneeb,"29.9881,31.2227",29.9881,31.2227,25,79,29,0.9182,FALSE,12,30,2,0,0,Moderate,12,2
5/13/2026 12:45,Gamaat El Dowal St,"30.0543,31.2005",30.0543,31.2005,34,59,68,0.8691,FALSE,12,45,2,0,0,Moderate,6,2
5/13/2026 13:00,Faisal Street,"30.0051,31.1574",30.0051,31.1574,51,79,66,0.998332,FALSE,13,0,2,0,0,Free_Flow,4,1
5/13/2026 13:15,North 90th Street,"30.0308,31.4721",30.0308,31.4721,46,77,71,0.995532,FALSE,13,15,2,0,0,Moderate,8,2
5/13/2026 13:30,South 90th Street,"30.0195,31.4326",30.0195,31.4326,52,76,42,0.850041,FALSE,13,30,2,0,0,Free_Flow,15,1
5/13/2026 13:45,Ring Road - Maadi,"29.9544,31.2858",29.9544,31.2858,55,67,36,0.905659,FALSE,13,45,2,0,0,Free_Flow,10,1
5/13/2026 14:00,October Bridge,"30.0526,31.2372",30.0526,31.2372,61,61,52,0.98394,FALSE,14,0,2,0,0,Free_Flow,9,1
5/13/2026 14:15,26th July Corridor,"30.0381,31.0264",30.0381,31.0264,40,80,28,0.969602,FALSE,14,15,2,0,0,Moderate,0,2
5/13/2026 14:30,Abbas El Akkad,"30.0631,31.3341",30.0631,31.3341,45,67,55,0.934965,FALSE,14,30,2,0,0,Moderate,1,2
5/13/2026 14:45,Galaa Square,"30.0398,31.2188",30.0398,31.2188,57,66,33,0.976046,FALSE,14,45,2,0,0,Free_Flow,5,1
5/13/2026 15:00,Salah Salem,"30.0645,31.282",30.0645,31.282,34,60,61,0.987024,FALSE,15,0,2,0,0,Moderate,14,2
5/13/2026 15:15,Autostrad - Sheraton,"30.1065,31.3711",30.1065,31.3711,46,67,21,0.895939,FALSE,15,15,2,0,0,Moderate,2,2
5/13/2026 15:30,Tahrir Square,"30.0444,31.2357",30.0444,31.2357,52,75,66,0.867565,FALSE,15,30,2,0,0,Free_Flow,16,1
5/13/2026 15:45,Corniche El Nil,"30.0263,31.2268",30.0263,31.2268,33,80,10,0.97126,FALSE,15,45,2,0,0,Moderate,3,2
5/13/2026 16:00,Mosheer Tantawy Axis,"30.0242,31.3486",30.0242,31.3486,12,55,93,0.874072,FALSE,16,0,2,0,1,Congested,7,0
5/13/2026 16:15,Rod El Farag Axis,"30.0881,31.2185",30.0881,31.2185,33,79,112,0.882556,FALSE,16,15,2,0,1,Moderate,13,2
5/13/2026 16:30,Ring Road - Marg,"30.1554,31.3323",30.1554,31.3323,34,75,82,0.851024,FALSE,16,30,2,0,1,Moderate,11,2
5/13/2026 16:45,Ring Road - Moneeb,"29.9881,31.2227",29.9881,31.2227,32,65,101,0.944747,FALSE,16,45,2,0,1,Moderate,12,2
5/13/2026 17:00,Gamaat El Dowal St,"30.0543,31.2005",30.0543,31.2005,14,79,90,0.851424,FALSE,17,0,2,0,1,Congested,6,0
5/13/2026 17:15,Faisal Street,"30.0051,31.1574",30.0051,31.1574,16,55,66,0.977971,FALSE,17,15,2,0,1,Congested,4,0
5/13/2026 17:30,North 90th Street,"30.0308,31.4721",30.0308,31.4721,33,59,85,0.894457,FALSE,17,30,2,0,1,Moderate,8,2
5/13/2026 17:45,South 90th Street,"30.0195,31.4326",30.0195,31.4326,23,68,119,0.907297,FALSE,17,45,2,0,1,Moderate,15,2
5/13/2026 18:00,Ring Road - Maadi,"29.9544,31.2858",29.9544,31.2858,20,72,62,0.869645,FALSE,18,0,2,0,1,Moderate,10,2
5/13/2026 18:15,October Bridge,"30.0526,31.2372",30.0526,31.2372,21,77,83,0.937186,FALSE,18,15,2,0,1,Moderate,9,2
5/13/2026 18:30,26th July Corridor,"30.0381,31.0264",30.0381,31.0264,32,79,51,0.941037,FALSE,18,30,2,0,1,Moderate,0,2
5/13/2026 18:45,Abbas El Akkad,"30.0631,31.3341",30.0631,31.3341,12,62,116,0.892231,FALSE,18,45,2,0,1,Congested,1,0
5/13/2026 19:00,Galaa Square,"30.0398,31.2188",30.0398,31.2188,20,75,80,0.857663,FALSE,19,0,2,0,1,Moderate,5,2
5/13/2026 19:15,Salah Salem,"30.0645,31.282",30.0645,31.282,35,80,112,0.960041,FALSE,19,15,2,0,1,Moderate,14,2
5/13/2026 19:30,Autostrad - Sheraton,"30.1065,31.3711",30.1065,31.3711,29,57,79,0.874071,FALSE,19,30,2,0,1,Moderate,2,2
5/13/2026 19:45,Tahrir Square,"30.0444,31.2357",30.0444,31.2357,13,66,119,0.94691,FALSE,19,45,2,0,1,Congested,16,0
5/13/2026 20:00,Corniche El Nil,"30.0263,31.2268",30.0263,31.2268,13,80,42,0.976355,FALSE,20,0,2,0,0,Congested,3,0
5/13/2026 20:15,Mosheer Tantawy Axis,"30.0242,31.3486",30.0242,31.3486,25,79,80,0.967394,FALSE,20,15,2,0,0,Moderate,7,2
5/13/2026 20:30,Rod El Farag Axis,"30.0881,31.2185",30.0881,31.2185,18,75,52,0.980185,FALSE,20,30,2,0,0,Congested,13,0
5/13/2026 20:45,Ring Road - Marg,"30.1554,31.3323",30.1554,31.3323,14,72,52,0.959061,FALSE,20,45,2,0,0,Congested,11,0
5/13/2026 21:00,Ring Road - Moneeb,"29.9881,31.2227",29.9881,31.2227,54,68,16,0.870148,FALSE,21,0,2,0,0,Free_Flow,12,1
5/13/2026 21:15,Gamaat El Dowal St,"30.0543,31.2005",30.0543,31.2005,26,70,72,0.991274,FALSE,21,15,2,0,0,Moderate,6,2
5/13/2026 21:30,Faisal Street,"30.0051,31.1574",30.0051,31.1574,65,80,77,0.93213,FALSE,21,30,2,0,0,Free_Flow,4,1
5/13/2026 21:45,North 90th Street,"30.0308,31.4721",30.0308,31.4721,35,80,75,0.966765,FALSE,21,45,2,0,0,Moderate,8,2
5/13/2026 22:00,South 90th Street,"30.0195,31.4326",30.0195,31.4326,62,74,24,0.890775,FALSE,22,0,2,0,0,Free_Flow,15,1
5/13/2026 22:15,Ring Road - Maadi,"29.9544,31.2858",29.9544,31.2858,48,64,15,0.853072,FALSE,22,15,2,0,0,Moderate,10,2
5/13/2026 22:30,October Bridge,"30.0526,31.2372",30.0526,31.2372,33,65,79,0.859345,FALSE,22,30,2,0,0,Moderate,9,2
5/13/2026 22:45,26th July Corridor,"30.0381,31.0264",30.0381,31.0264,45,65,79,0.898234,FALSE,22,45,2,0,0,Moderate,0,2
5/13/2026 23:00,Abbas El Akkad,"30.0631,31.3341",30.0631,31.3341,55,71,77,0.877744,FALSE,23,0,2,0,0,Free_Flow,1,1
5/13/2026 23:15,Galaa Square,"30.0398,31.2188",30.0398,31.2188,25,65,12,0.978567,FALSE,23,15,2,0,0,Moderate,5,2
5/13/2026 23:30,Salah Salem,"30.0645,31.282",30.0645,31.282,36,78,25,0.857869,FALSE,23,30,2,0,0,Moderate,14,2
5/13/2026 23:45,Autostrad - Sheraton,"30.1065,31.3711",30.1065,31.3711,36,59,23,0.856032,FALSE,23,45,2,0,0,Moderate,2,2
5/14/2026 0:00,Tahrir Square,"30.0444,31.2357",30.0444,31.2357,48,68,33,0.96578,FALSE,0,0,3,0,0,Moderate,16,2
5/14/2026 0:15,Corniche El Nil,"30.0263,31.2268",30.0263,31.2268,52,64,37,0.964599,FALSE,0,15,3,0,0,Free_Flow,3,1
5/14/2026 0:30,Mosheer Tantawy Axis,"30.0242,31.3486",30.0242,31.3486,54,60,55,0.951066,FALSE,0,30,3,0,0,Free_Flow,7,1
5/14/2026 0:45,Rod El Farag Axis,"30.0881,31.2185",30.0881,31.2185,29,58,61,0.909217,FALSE,0,45,3,0,0,Moderate,13,2
5/14/2026 1:00,Ring Road - Marg,"30.1554,31.3323",30.1554,31.3323,55,78,56,0.937424,FALSE,1,0,3,0,0,Free_Flow,11,1
5/14/2026 1:15,Ring Road - Moneeb,"29.9881,31.2227",29.9881,31.2227,44,65,45,0.976494,FALSE,1,15,3,0,0,Moderate,12,2
5/14/2026 1:30,Gamaat El Dowal St,"30.0543,31.2005",30.0543,31.2005,47,69,39,0.998695,FALSE,1,30,3,0,0,Moderate,6,2
5/14/2026 1:45,Faisal Street,"30.0051,31.1574",30.0051,31.1574,63,63,63,0.967175,FALSE,1,45,3,0,0,Free_Flow,4,1
5/14/2026 2:00,North 90th Street,"30.0308,31.4721",30.0308,31.4721,29,75,48,0.881086,FALSE,2,0,3,0,0,Moderate,8,2
5/14/2026 2:15,South 90th Street,"30.0195,31.4326",30.0195,31.4326,45,56,46,0.856194,FALSE,2,15,3,0,0,Moderate,15,2
5/14/2026 2:30,Ring Road - Maadi,"29.9544,31.2858",29.9544,31.2858,28,78,15,0.970947,FALSE,2,30,3,0,0,Moderate,10,2
5/14/2026 2:45,October Bridge,"30.0526,31.2372",30.0526,31.2372,38,67,58,0.954279,FALSE,2,45,3,0,0,Moderate,9,2
5/14/2026 3:00,26th July Corridor,"30.0381,31.0264",30.0381,31.0264,51,71,12,0.900402,FALSE,3,0,3,0,0,Free_Flow,0,1
5/14/2026 3:15,Abbas El Akkad,"30.0631,31.3341",30.0631,31.3341,62,62,51,0.868418,FALSE,3,15,3,0,0,Free_Flow,1,1
5/14/2026 3:30,Galaa Square,"30.0398,31.2188",30.0398,31.2188,62,62,16,0.944012,FALSE,3,30,3,0,0,Free_Flow,5,1
5/14/2026 3:45,Salah Salem,"30.0645,31.282",30.0645,31.282,26,66,54,0.912951,FALSE,3,45,3,0,0,Moderate,14,2
5/14/2026 4:00,Autostrad - Sheraton,"30.1065,31.3711",30.1065,31.3711,29,70,17,0.862221,FALSE,4,0,3,0,0,Moderate,2,2
5/14/2026 4:15,Tahrir Square,"30.0444,31.2357",30.0444,31.2357,45,56,50,0.975549,FALSE,4,15,3,0,0,Moderate,16,2
5/14/2026 4:30,Corniche El Nil,"30.0263,31.2268",30.0263,31.2268,60,75,48,0.878625,FALSE,4,30,3,0,0,Free_Flow,3,1
5/14/2026 4:45,Mosheer Tantawy Axis,"30.0242,31.3486",30.0242,31.3486,29,55,22,0.895688,FALSE,4,45,3,0,0,Moderate,7,2
5/14/2026 5:00,Rod El Farag Axis,"30.0881,31.2185",30.0881,31.2185,62,62,12,0.973247,FALSE,5,0,3,0,0,Free_Flow,13,1
5/14/2026 5:15,Ring Road - Marg,"30.1554,31.3323",30.1554,31.3323,40,77,69,0.975202,FALSE,5,15,3,0,0,Moderate,11,2
5/14/2026 5:30,Ring Road - Moneeb,"29.9881,31.2227",29.9881,31.2227,57,66,56,0.927104,FALSE,5,30,3,0,0,Free_Flow,12,1
5/14/2026 5:45,Gamaat El Dowal St,"30.0543,31.2005",30.0543,31.2005,38,72,73,0.910936,FALSE,5,45,3,0,0,Moderate,6,2
5/14/2026 6:00,Faisal Street,"30.0051,31.1574",30.0051,31.1574,64,66,39,0.883593,FALSE,6,0,3,0,0,Free_Flow,4,1
5/14/2026 6:15,North 90th Street,"30.0308,31.4721",30.0308,31.4721,44,74,32,0.877529,FALSE,6,15,3,0,0,Moderate,8,2
5/14/2026 6:30,South 90th Street,"30.0195,31.4326",30.0195,31.4326,34,76,60,0.900755,FALSE,6,30,3,0,0,Moderate,15,2
5/14/2026 6:45,Ring Road - Maadi,"29.9544,31.2858",29.9544,31.2858,32,57,23,0.89345,FALSE,6,45,3,0,0,Moderate,10,2
5/14/2026 7:00,October Bridge,"30.0526,31.2372",30.0526,31.2372,32,67,70,0.98703,FALSE,7,0,3,0,1,Moderate,9,2
5/14/2026 7:15,26th July Corridor,"30.0381,31.0264",30.0381,31.0264,21,76,64,0.985367,FALSE,7,15,3,0,1,Moderate,0,2
5/14/2026 7:30,Abbas El Akkad,"30.0631,31.3341",30.0631,31.3341,31,69,66,0.882409,FALSE,7,30,3,0,1,Moderate,1,2
5/14/2026 7:45,Galaa Square,"30.0398,31.2188",30.0398,31.2188,30,58,64,0.92066,FALSE,7,45,3,0,1,Moderate,5,2
5/14/2026 8:00,Salah Salem,"30.0645,31.282",30.0645,31.282,28,77,81,0.88064,FALSE,8,0,3,0,1,Moderate,14,2
5/14/2026 8:15,Autostrad - Sheraton,"30.1065,31.3711",30.1065,31.3711,23,58,105,0.964842,FALSE,8,15,3,0,1,Moderate,2,2
5/14/2026 8:30,Tahrir Square,"30.0444,31.2357",30.0444,31.2357,19,78,84,0.930578,FALSE,8,30,3,0,1,Congested,16,0
5/14/2026 8:45,Corniche El Nil,"30.0263,31.2268",30.0263,31.2268,24,75,92,0.870979,FALSE,8,45,3,0,1,Moderate,3,2
5/14/2026 9:00,Mosheer Tantawy Axis,"30.0242,31.3486",30.0242,31.3486,24,65,91,0.994865,FALSE,9,0,3,0,1,Moderate,7,2
5/14/2026 9:15,Rod El Farag Axis,"30.0881,31.2185",30.0881,31.2185,12,57,43,0.946131,FALSE,9,15,3,0,1,Congested,13,0
5/14/2026 9:30,Ring Road - Marg,"30.1554,31.3323",30.1554,31.3323,29,70,115,0.928534,FALSE,9,30,3,0,1,Moderate,11,2
5/14/2026 9:45,Ring Road - Moneeb,"29.9881,31.2227",29.9881,31.2227,22,71,65,0.909772,FALSE,9,45,3,0,1,Moderate,12,2
5/14/2026 10:00,Gamaat El Dowal St,"30.0543,31.2005",30.0543,31.2005,26,61,52,0.915464,FALSE,10,0,3,0,0,Moderate,6,2
5/14/2026 10:15,Faisal Street,"30.0051,31.1574",30.0051,31.1574,15,57,89,0.96217,FALSE,10,15,3,0,0,Congested,4,0
5/14/2026 10:30,North 90th Street,"30.0308,31.4721",30.0308,31.4721,22,62,104,0.87363,FALSE,10,30,3,0,0,Moderate,8,2
5/14/2026 10:45,South 90th Street,"30.0195,31.4326",30.0195,31.4326,10,58,90,0.865445,FALSE,10,45,3,0,0,Congested,15,0
5/14/2026 11:00,Ring Road - Maadi,"29.9544,31.2858",29.9544,31.2858,51,57,27,0.870822,FALSE,11,0,3,0,0,Free_Flow,10,1
5/14/2026 11:15,October Bridge,"30.0526,31.2372",30.0526,31.2372,57,80,31,0.965519,FALSE,11,15,3,0,0,Free_Flow,9,1
5/14/2026 11:30,26th July Corridor,"30.0381,31.0264",30.0381,31.0264,41,62,19,0.963125,FALSE,11,30,3,0,0,Moderate,0,2
5/14/2026 11:45,Abbas El Akkad,"30.0631,31.3341",30.0631,31.3341,31,66,77,0.977115,FALSE,11,45,3,0,0,Moderate,1,2
5/14/2026 12:00,Galaa Square,"30.0398,31.2188",30.0398,31.2188,56,78,28,0.929099,FALSE,12,0,3,0,0,Free_Flow,5,1
5/14/2026 12:15,Salah Salem,"30.0645,31.282",30.0645,31.282,35,57,21,0.983501,FALSE,12,15,3,0,0,Moderate,14,2
5/14/2026 12:30,Autostrad - Sheraton,"30.1065,31.3711",30.1065,31.3711,46,65,53,0.92468,FALSE,12,30,3,0,0,Moderate,2,2
5/14/2026 12:45,Tahrir Square,"30.0444,31.2357",30.0444,31.2357,44,58,63,0.960845,FALSE,12,45,3,0,0,Moderate,16,2
5/14/2026 13:00,Corniche El Nil,"30.0263,31.2268",30.0263,31.2268,56,67,30,0.936265,FALSE,13,0,3,0,0,Free_Flow,3,1
5/14/2026 13:15,Mosheer Tantawy Axis,"30.0242,31.3486",30.0242,31.3486,34,78,19,0.969236,FALSE,13,15,3,0,0,Moderate,7,2
5/14/2026 13:30,Rod El Farag Axis,"30.0881,31.2185",30.0881,31.2185,44,66,65,0.950487,FALSE,13,30,3,0,0,Moderate,13,2
5/14/2026 13:45,Ring Road - Marg,"30.1554,31.3323",30.1554,31.3323,25,57,60,0.918461,FALSE,13,45,3,0,0,Moderate,11,2
5/14/2026 14:00,Ring Road - Moneeb,"29.9881,31.2227",29.9881,31.2227,48,76,78,0.852612,FALSE,14,0,3,0,0,Moderate,12,2
5/14/2026 14:15,Gamaat El Dowal St,"30.0543,31.2005",30.0543,31.2005,27,77,51,0.915024,FALSE,14,15,3,0,0,Moderate,6,2
5/14/2026 14:30,Faisal Street,"30.0051,31.1574",30.0051,31.1574,31,76,29,0.943315,FALSE,14,30,3,0,0,Moderate,4,2
5/14/2026 14:45,North 90th Street,"30.0308,31.4721",30.0308,31.4721,43,58,46,0.953178,FALSE,14,45,3,0,0,Moderate,8,2
5/14/2026 15:00,South 90th Street,"30.0195,31.4326",30.0195,31.4326,63,67,24,0.971039,FALSE,15,0,3,0,0,Free_Flow,15,1
5/14/2026 15:15,Ring Road - Maadi,"29.9544,31.2858",29.9544,31.2858,46,56,64,0.872264,FALSE,15,15,3,0,0,Moderate,10,2
5/14/2026 15:30,October Bridge,"30.0526,31.2372",30.0526,31.2372,54,74,67,0.873614,FALSE,15,30,3,0,0,Free_Flow,9,1
5/14/2026 15:45,26th July Corridor,"30.0381,31.0264",30.0381,31.0264,58,80,66,0.994185,FALSE,15,45,3,0,0,Free_Flow,0,1
5/14/2026 16:00,Abbas El Akkad,"30.0631,31.3341",30.0631,31.3341,16,57,110,0.936689,FALSE,16,0,3,0,1,Congested,1,0
5/14/2026 16:15,Galaa Square,"30.0398,31.2188",30.0398,31.2188,35,79,119,0.944786,FALSE,16,15,3,0,1,Moderate,5,2
5/14/2026 16:30,Salah Salem,"30.0645,31.282",30.0645,31.282,33,61,42,0.876429,FALSE,16,30,3,0,1,Moderate,14,2
5/14/2026 16:45,Autostrad - Sheraton,"30.1065,31.3711",30.1065,31.3711,10,75,119,0.882878,FALSE,16,45,3,0,1,Congested,2,0
5/14/2026 17:00,Tahrir Square,"30.0444,31.2357",30.0444,31.2357,32,71,111,0.95247,FALSE,17,0,3,0,1,Moderate,16,2
5/14/2026 17:15,Corniche El Nil,"30.0263,31.2268",30.0263,31.2268,31,73,102,0.994342,FALSE,17,15,3,0,1,Moderate,3,2
5/14/2026 17:30,Mosheer Tantawy Axis,"30.0242,31.3486",30.0242,31.3486,23,80,106,0.934052,FALSE,17,30,3,0,1,Moderate,7,2
5/14/2026 17:45,Rod El Farag Axis,"30.0881,31.2185",30.0881,31.2185,20,73,40,0.877621,FALSE,17,45,3,0,1,Moderate,13,2
5/14/2026 18:00,Ring Road - Marg,"30.1554,31.3323",30.1554,31.3323,15,62,120,0.970636,FALSE,18,0,3,0,1,Congested,11,0
5/14/2026 18:15,Ring Road - Moneeb,"29.9881,31.2227",29.9881,31.2227,25,68,85,0.977469,FALSE,18,15,3,0,1,Moderate,12,2
5/14/2026 18:30,Gamaat El Dowal St,"30.0543,31.2005",30.0543,31.2005,25,57,116,0.980807,FALSE,18,30,3,0,1,Moderate,6,2
5/14/2026 18:45,Faisal Street,"30.0051,31.1574",30.0051,31.1574,10,66,68,0.91396,FALSE,18,45,3,0,1,Congested,4,0
5/14/2026 19:00,North 90th Street,"30.0308,31.4721",30.0308,31.4721,30,61,43,0.934082,FALSE,19,0,3,0,1,Moderate,8,2
5/14/2026 19:15,South 90th Street,"30.0195,31.4326",30.0195,31.4326,16,79,80,0.975881,FALSE,19,15,3,0,1,Congested,15,0
5/14/2026 19:30,Ring Road - Maadi,"29.9544,31.2858",29.9544,31.2858,15,68,86,0.907285,FALSE,19,30,3,0,1,Congested,10,0
5/14/2026 19:45,October Bridge,"30.0526,31.2372",30.0526,31.2372,11,78,57,0.888146,FALSE,19,45,3,0,1,Congested,9,0
5/14/2026 20:00,26th July Corridor,"30.0381,31.0264",30.0381,31.0264,35,55,61,0.939965,FALSE,20,0,3,0,0,Moderate,0,2
5/14/2026 20:15,Abbas El Akkad,"30.0631,31.3341",30.0631,31.3341,18,62,79,0.903761,FALSE,20,15,3,0,0,Congested,1,0
5/14/2026 20:30,Galaa Square,"30.0398,31.2188",30.0398,31.2188,11,58,45,0.948695,FALSE,20,30,3,0,0,Congested,5,0
5/14/2026 20:45,Salah Salem,"30.0645,31.282",30.0645,31.282,26,71,78,0.982776,FALSE,20,45,3,0,0,Moderate,14,2
5/14/2026 21:00,Autostrad - Sheraton,"30.1065,31.3711",30.1065,31.3711,32,61,79,0.949604,FALSE,21,0,3,0,0,Moderate,2,2
5/14/2026 21:15,Tahrir Square,"30.0444,31.2357",30.0444,31.2357,55,71,56,0.90402,FALSE,21,15,3,0,0,Free_Flow,16,1
5/14/2026 21:30,Corniche El Nil,"30.0263,31.2268",30.0263,31.2268,38,66,36,0.930632,FALSE,21,30,3,0,0,Moderate,3,2
5/14/2026 21:45,Mosheer Tantawy Axis,"30.0242,31.3486",30.0242,31.3486,26,59,56,0.971446,FALSE,21,45,3,0,0,Moderate,7,2
5/14/2026 22:00,Rod El Farag Axis,"30.0881,31.2185",30.0881,31.2185,30,80,39,0.861935,FALSE,22,0,3,0,0,Moderate,13,2
5/14/2026 22:15,Ring Road - Marg,"30.1554,31.3323",30.1554,31.3323,35,63,45,0.89128,FALSE,22,15,3,0,0,Moderate,11,2
5/14/2026 22:30,Ring Road - Moneeb,"29.9881,31.2227",29.9881,31.2227,55,75,52,0.900442,FALSE,22,30,3,0,0,Free_Flow,12,1
5/14/2026 22:45,Gamaat El Dowal St,"30.0543,31.2005",30.0543,31.2005,44,55,52,0.858239,FALSE,22,45,3,0,0,Moderate,6,2
5/14/2026 23:00,Faisal Street,"30.0051,31.1574",30.0051,31.1574,28,74,75,0.86839,FALSE,23,0,3,0,0,Moderate,4,2
5/14/2026 23:15,North 90th Street,"30.0308,31.4721",30.0308,31.4721,42,57,37,0.960217,FALSE,23,15,3,0,0,Moderate,8,2
5/14/2026 23:30,South 90th Street,"30.0195,31.4326",30.0195,31.4326,42,73,79,0.862355,FALSE,23,30,3,0,0,Moderate,15,2
5/14/2026 23:45,Ring Road - Maadi,"29.9544,31.2858",29.9544,31.2858,37,79,23,0.987935,FALSE,23,45,3,0,0,Moderate,10,2
5/15/2026 0:00,October Bridge,"30.0526,31.2372",30.0526,31.2372,67,67,26,0.947135,FALSE,0,0,4,0,0,Free_Flow,9,1
5/15/2026 0:15,26th July Corridor,"30.0381,31.0264",30.0381,31.0264,39,69,14,0.959188,FALSE,0,15,4,0,0,Moderate,0,2
5/15/2026 0:30,Abbas El Akkad,"30.0631,31.3341",30.0631,31.3341,70,70,11,0.971205,FALSE,0,30,4,0,0,Free_Flow,1,1
5/15/2026 0:45,Galaa Square,"30.0398,31.2188",30.0398,31.2188,60,78,34,0.895328,FALSE,0,45,4,0,0,Free_Flow,5,1
5/15/2026 1:00,Salah Salem,"30.0645,31.282",30.0645,31.282,55,80,24,0.892096,FALSE,1,0,4,0,0,Free_Flow,14,1
5/15/2026 1:15,Autostrad - Sheraton,"30.1065,31.3711",30.1065,31.3711,50,63,14,0.900737,FALSE,1,15,4,0,0,Free_Flow,2,1
5/15/2026 1:30,Tahrir Square,"30.0444,31.2357",30.0444,31.2357,75,75,10,0.977823,FALSE,1,30,4,0,0,Free_Flow,16,1
5/15/2026 1:45,Corniche El Nil,"30.0263,31.2268",30.0263,31.2268,61,63,28,0.915563,FALSE,1,45,4,0,0,Free_Flow,3,1
5/15/2026 2:00,Mosheer Tantawy Axis,"30.0242,31.3486",30.0242,31.3486,69,69,15,0.88505,FALSE,2,0,4,0,0,Free_Flow,7,1
5/15/2026 2:15,Rod El Farag Axis,"30.0881,31.2185",30.0881,31.2185,60,71,21,0.907687,FALSE,2,15,4,0,0,Free_Flow,13,1
5/15/2026 2:30,Ring Road - Marg,"30.1554,31.3323",30.1554,31.3323,43,78,18,0.899917,FALSE,2,30,4,0,0,Moderate,11,2
5/15/2026 2:45,Ring Road - Moneeb,"29.9881,31.2227",29.9881,31.2227,50,61,11,0.925596,FALSE,2,45,4,0,0,Free_Flow,12,1
5/15/2026 3:00,Gamaat El Dowal St,"30.0543,31.2005",30.0543,31.2005,35,55,30,0.861205,FALSE,3,0,4,0,0,Moderate,6,2
5/15/2026 3:15,Faisal Street,"30.0051,31.1574",30.0051,31.1574,43,63,46,0.881212,FALSE,3,15,4,0,0,Moderate,4,2
5/15/2026 3:30,North 90th Street,"30.0308,31.4721",30.0308,31.4721,73,73,48,0.909188,FALSE,3,30,4,0,0,Free_Flow,8,1
5/15/2026 3:45,South 90th Street,"30.0195,31.4326",30.0195,31.4326,46,68,44,0.895321,FALSE,3,45,4,0,0,Moderate,15,2
5/15/2026 4:00,Ring Road - Maadi,"29.9544,31.2858",29.9544,31.2858,65,65,38,0.895742,FALSE,4,0,4,0,0,Free_Flow,10,1
5/15/2026 4:15,October Bridge,"30.0526,31.2372",30.0526,31.2372,51,64,5,0.8982,FALSE,4,15,4,0,0,Free_Flow,9,1
5/15/2026 4:30,26th July Corridor,"30.0381,31.0264",30.0381,31.0264,73,73,38,0.863421,FALSE,4,30,4,0,0,Free_Flow,0,1
5/15/2026 4:45,Abbas El Akkad,"30.0631,31.3341",30.0631,31.3341,57,78,38,0.972954,FALSE,4,45,4,0,0,Free_Flow,1,1
5/15/2026 5:00,Galaa Square,"30.0398,31.2188",30.0398,31.2188,58,66,19,0.918101,FALSE,5,0,4,0,0,Free_Flow,5,1
5/15/2026 5:15,Salah Salem,"30.0645,31.282",30.0645,31.282,53,66,27,0.927644,FALSE,5,15,4,0,0,Free_Flow,14,1
5/15/2026 5:30,Autostrad - Sheraton,"30.1065,31.3711",30.1065,31.3711,50,55,29,0.977567,FALSE,5,30,4,0,0,Free_Flow,2,1
5/15/2026 5:45,Tahrir Square,"30.0444,31.2357",30.0444,31.2357,73,73,30,0.914835,FALSE,5,45,4,0,0,Free_Flow,16,1
5/15/2026 6:00,Corniche El Nil,"30.0263,31.2268",30.0263,31.2268,35,58,28,0.905875,FALSE,6,0,4,0,0,Moderate,3,2
5/15/2026 6:15,Mosheer Tantawy Axis,"30.0242,31.3486",30.0242,31.3486,46,73,41,0.912777,FALSE,6,15,4,0,0,Moderate,7,2
5/15/2026 6:30,Rod El Farag Axis,"30.0881,31.2185",30.0881,31.2185,55,67,8,0.895639,FALSE,6,30,4,0,0,Free_Flow,13,1
5/15/2026 6:45,Ring Road - Marg,"30.1554,31.3323",30.1554,31.3323,43,76,14,0.862234,FALSE,6,45,4,0,0,Moderate,11,2
5/15/2026 7:00,Ring Road - Moneeb,"29.9881,31.2227",29.9881,31.2227,62,76,7,0.971349,FALSE,7,0,4,0,1,Free_Flow,12,1
5/15/2026 7:15,Gamaat El Dowal St,"30.0543,31.2005",30.0543,31.2005,48,61,8,0.949482,FALSE,7,15,4,0,1,Moderate,6,2
5/15/2026 7:30,Faisal Street,"30.0051,31.1574",30.0051,31.1574,70,70,29,0.859104,FALSE,7,30,4,0,1,Free_Flow,4,1
5/15/2026 7:45,North 90th Street,"30.0308,31.4721",30.0308,31.4721,64,67,21,0.870912,FALSE,7,45,4,0,1,Free_Flow,8,1
5/15/2026 8:00,South 90th Street,"30.0195,31.4326",30.0195,31.4326,45,80,14,0.977135,FALSE,8,0,4,0,1,Moderate,15,2
5/15/2026 8:15,Ring Road - Maadi,"29.9544,31.2858",29.9544,31.2858,70,70,15,0.90474,FALSE,8,15,4,0,1,Free_Flow,10,1
5/15/2026 8:30,October Bridge,"30.0526,31.2372",30.0526,31.2372,48,61,17,0.967919,FALSE,8,30,4,0,1,Moderate,9,2
5/15/2026 8:45,26th July Corridor,"30.0381,31.0264",30.0381,31.0264,35,74,12,0.99625,FALSE,8,45,4,0,1,Moderate,0,2
5/15/2026 9:00,Abbas El Akkad,"30.0631,31.3341",30.0631,31.3341,70,72,10,0.91294,FALSE,9,0,4,0,1,Free_Flow,1,1
5/15/2026 9:15,Galaa Square,"30.0398,31.2188",30.0398,31.2188,42,71,20,0.963028,FALSE,9,15,4,0,1,Moderate,5,2
5/15/2026 9:30,Salah Salem,"30.0645,31.282",30.0645,31.282,54,57,26,0.940187,FALSE,9,30,4,0,1,Free_Flow,14,1
5/15/2026 9:45,Autostrad - Sheraton,"30.1065,31.3711",30.1065,31.3711,64,79,39,0.90205,FALSE,9,45,4,0,1,Free_Flow,2,1
5/15/2026 10:00,Tahrir Square,"30.0444,31.2357",30.0444,31.2357,41,65,27,0.853683,FALSE,10,0,4,0,0,Moderate,16,2
5/15/2026 10:15,Corniche El Nil,"30.0263,31.2268",30.0263,31.2268,65,65,29,0.901692,FALSE,10,15,4,0,0,Free_Flow,3,1
5/15/2026 10:30,Mosheer Tantawy Axis,"30.0242,31.3486",30.0242,31.3486,54,57,15,0.931943,FALSE,10,30,4,0,0,Free_Flow,7,1
5/15/2026 10:45,Rod El Farag Axis,"30.0881,31.2185",30.0881,31.2185,74,76,38,0.979503,FALSE,10,45,4,0,0,Free_Flow,13,1
5/15/2026 11:00,Ring Road - Marg,"30.1554,31.3323",30.1554,31.3323,75,75,5,0.928399,FALSE,11,0,4,0,0,Free_Flow,11,1
5/15/2026 11:15,Ring Road - Moneeb,"29.9881,31.2227",29.9881,31.2227,73,73,49,0.894565,FALSE,11,15,4,0,0,Free_Flow,12,1
5/15/2026 11:30,Gamaat El Dowal St,"30.0543,31.2005",30.0543,31.2005,63,63,9,0.979929,FALSE,11,30,4,0,0,Free_Flow,6,1
5/15/2026 11:45,Faisal Street,"30.0051,31.1574",30.0051,31.1574,36,80,22,0.883732,FALSE,11,45,4,0,0,Moderate,4,2
5/15/2026 12:00,North 90th Street,"30.0308,31.4721",30.0308,31.4721,41,58,10,0.960069,FALSE,12,0,4,0,0,Moderate,8,2
5/15/2026 12:15,South 90th Street,"30.0195,31.4326",30.0195,31.4326,36,67,25,0.889869,FALSE,12,15,4,0,0,Moderate,15,2
5/15/2026 12:30,Ring Road - Maadi,"29.9544,31.2858",29.9544,31.2858,74,74,48,0.864159,FALSE,12,30,4,0,0,Free_Flow,10,1
5/15/2026 12:45,October Bridge,"30.0526,31.2372",30.0526,31.2372,47,76,45,0.862171,FALSE,12,45,4,0,0,Moderate,9,2
5/15/2026 13:00,26th July Corridor,"30.0381,31.0264",30.0381,31.0264,56,62,50,0.920935,FALSE,13,0,4,0,0,Free_Flow,0,1
5/15/2026 13:15,Abbas El Akkad,"30.0631,31.3341",30.0631,31.3341,68,73,6,0.852232,FALSE,13,15,4,0,0,Free_Flow,1,1
5/15/2026 13:30,Galaa Square,"30.0398,31.2188",30.0398,31.2188,39,78,19,0.854148,FALSE,13,30,4,0,0,Moderate,5,2
5/15/2026 13:45,Salah Salem,"30.0645,31.282",30.0645,31.282,70,70,46,0.999397,FALSE,13,45,4,0,0,Free_Flow,14,1
5/15/2026 14:00,Autostrad - Sheraton,"30.1065,31.3711",30.1065,31.3711,40,73,25,0.918487,FALSE,14,0,4,0,0,Moderate,2,2
5/15/2026 14:15,Tahrir Square,"30.0444,31.2357",30.0444,31.2357,43,70,24,0.891517,FALSE,14,15,4,0,0,Moderate,16,2
5/15/2026 14:30,Corniche El Nil,"30.0263,31.2268",30.0263,31.2268,52,56,14,0.990136,FALSE,14,30,4,0,0,Free_Flow,3,1
5/15/2026 14:45,Mosheer Tantawy Axis,"30.0242,31.3486",30.0242,31.3486,61,68,25,0.955687,FALSE,14,45,4,0,0,Free_Flow,7,1
5/15/2026 15:00,Rod El Farag Axis,"30.0881,31.2185",30.0881,31.2185,44,67,50,0.901061,FALSE,15,0,4,0,0,Moderate,13,2
5/15/2026 15:15,Ring Road - Marg,"30.1554,31.3323",30.1554,31.3323,36,70,49,0.868217,FALSE,15,15,4,0,0,Moderate,11,2
5/15/2026 15:30,Ring Road - Moneeb,"29.9881,31.2227",29.9881,31.2227,36,58,49,0.996568,FALSE,15,30,4,0,0,Moderate,12,2
5/15/2026 15:45,Gamaat El Dowal St,"30.0543,31.2005",30.0543,31.2005,45,78,42,0.964679,FALSE,15,45,4,0,0,Moderate,6,2
5/15/2026 16:00,Faisal Street,"30.0051,31.1574",30.0051,31.1574,63,75,28,0.97753,FALSE,16,0,4,0,1,Free_Flow,4,1
5/15/2026 16:15,North 90th Street,"30.0308,31.4721",30.0308,31.4721,62,66,7,0.931395,FALSE,16,15,4,0,1,Free_Flow,8,1
5/15/2026 16:30,South 90th Street,"30.0195,31.4326",30.0195,31.4326,46,76,22,0.898336,FALSE,16,30,4,0,1,Moderate,15,2
5/15/2026 16:45,Ring Road - Maadi,"29.9544,31.2858",29.9544,31.2858,54,75,44,0.971537,FALSE,16,45,4,0,1,Free_Flow,10,1
5/15/2026 17:00,October Bridge,"30.0526,31.2372",30.0526,31.2372,41,78,40,0.975886,FALSE,17,0,4,0,1,Moderate,9,2
5/15/2026 17:15,26th July Corridor,"30.0381,31.0264",30.0381,31.0264,57,68,23,0.991879,FALSE,17,15,4,0,1,Free_Flow,0,1
5/15/2026 17:30,Abbas El Akkad,"30.0631,31.3341",30.0631,31.3341,73,73,6,0.940214,FALSE,17,30,4,0,1,Free_Flow,1,1
5/15/2026 17:45,Galaa Square,"30.0398,31.2188",30.0398,31.2188,65,65,9,0.858401,FALSE,17,45,4,0,1,Free_Flow,5,1
5/15/2026 18:00,Salah Salem,"30.0645,31.282",30.0645,31.282,53,58,37,0.944238,FALSE,18,0,4,0,1,Free_Flow,14,1
5/15/2026 18:15,Autostrad - Sheraton,"30.1065,31.3711",30.1065,31.3711,38,65,8,0.974815,FALSE,18,15,4,0,1,Moderate,2,2
5/15/2026 18:30,Tahrir Square,"30.0444,31.2357",30.0444,31.2357,67,67,48,0.990899,FALSE,18,30,4,0,1,Free_Flow,16,1
5/15/2026 18:45,Corniche El Nil,"30.0263,31.2268",30.0263,31.2268,46,65,40,0.984363,FALSE,18,45,4,0,1,Moderate,3,2
5/15/2026 19:00,Mosheer Tantawy Axis,"30.0242,31.3486",30.0242,31.3486,53,56,19,0.927875,FALSE,19,0,4,0,1,Free_Flow,7,1
5/15/2026 19:15,Rod El Farag Axis,"30.0881,31.2185",30.0881,31.2185,67,68,23,0.886968,FALSE,19,15,4,0,1,Free_Flow,13,1
5/15/2026 19:30,Ring Road - Marg,"30.1554,31.3323",30.1554,31.3323,56,79,44,0.88141,FALSE,19,30,4,0,1,Free_Flow,11,1
5/15/2026 19:45,Ring Road - Moneeb,"29.9881,31.2227",29.9881,31.2227,63,67,46,0.865034,FALSE,19,45,4,0,1,Free_Flow,12,1
5/15/2026 20:00,Gamaat El Dowal St,"30.0543,31.2005",30.0543,31.2005,72,72,36,0.863738,FALSE,20,0,4,0,0,Free_Flow,6,1
5/15/2026 20:15,Faisal Street,"30.0051,31.1574",30.0051,31.1574,42,63,15,0.99599,FALSE,20,15,4,0,0,Moderate,4,2
5/15/2026 20:30,North 90th Street,"30.0308,31.4721",30.0308,31.4721,66,75,9,0.980014,FALSE,20,30,4,0,0,Free_Flow,8,1
5/15/2026 20:45,South 90th Street,"30.0195,31.4326",30.0195,31.4326,67,67,19,0.891783,FALSE,20,45,4,0,0,Free_Flow,15,1
5/15/2026 21:00,Ring Road - Maadi,"29.9544,31.2858",29.9544,31.2858,68,68,40,0.950317,FALSE,21,0,4,0,0,Free_Flow,10,1
5/15/2026 21:15,October Bridge,"30.0526,31.2372",30.0526,31.2372,59,72,31,0.89004,FALSE,21,15,4,0,0,Free_Flow,9,1
5/15/2026 21:30,26th July Corridor,"30.0381,31.0264",30.0381,31.0264,52,80,7,0.89706,FALSE,21,30,4,0,0,Free_Flow,0,1
5/15/2026 21:45,Abbas El Akkad,"30.0631,31.3341",30.0631,31.3341,52,80,6,0.971895,FALSE,21,45,4,0,0,Free_Flow,1,1
5/15/2026 22:00,Galaa Square,"30.0398,31.2188",30.0398,31.2188,52,67,22,0.991993,FALSE,22,0,4,0,0,Free_Flow,5,1
5/15/2026 22:15,Salah Salem,"30.0645,31.282",30.0645,31.282,40,77,47,0.967019,FALSE,22,15,4,0,0,Moderate,14,2
5/15/2026 22:30,Autostrad - Sheraton,"30.1065,31.3711",30.1065,31.3711,54,59,41,0.944516,FALSE,22,30,4,0,0,Free_Flow,2,1
5/15/2026 22:45,Tahrir Square,"30.0444,31.2357",30.0444,31.2357,68,68,11,0.872571,FALSE,22,45,4,0,0,Free_Flow,16,1
5/15/2026 23:00,Corniche El Nil,"30.0263,31.2268",30.0263,31.2268,56,61,14,0.934966,FALSE,23,0,4,0,0,Free_Flow,3,1
5/15/2026 23:15,Mosheer Tantawy Axis,"30.0242,31.3486",30.0242,31.3486,49,55,13,0.978091,FALSE,23,15,4,0,0,Moderate,7,2
5/15/2026 23:30,Rod El Farag Axis,"30.0881,31.2185",30.0881,31.2185,51,72,6,0.996494,FALSE,23,30,4,0,0,Free_Flow,13,1
5/15/2026 23:45,Ring Road - Marg,"30.1554,31.3323",30.1554,31.3323,35,58,32,0.869271,FALSE,23,45,4,0,0,Moderate,11,2
5/16/2026 0:00,Ring Road - Moneeb,"29.9881,31.2227",29.9881,31.2227,63,72,39,0.919327,FALSE,0,0,5,1,0,Free_Flow,12,1
5/16/2026 0:15,Gamaat El Dowal St,"30.0543,31.2005",30.0543,31.2005,39,73,8,0.953526,FALSE,0,15,5,1,0,Moderate,6,2
5/16/2026 0:30,Faisal Street,"30.0051,31.1574",30.0051,31.1574,61,76,32,0.860568,FALSE,0,30,5,1,0,Free_Flow,4,1
5/16/2026 0:45,North 90th Street,"30.0308,31.4721",30.0308,31.4721,65,72,27,0.963043,FALSE,0,45,5,1,0,Free_Flow,8,1
5/16/2026 1:00,South 90th Street,"30.0195,31.4326",30.0195,31.4326,75,75,15,0.999004,FALSE,1,0,5,1,0,Free_Flow,15,1
5/16/2026 1:15,Ring Road - Maadi,"29.9544,31.2858",29.9544,31.2858,67,67,27,0.901653,FALSE,1,15,5,1,0,Free_Flow,10,1
5/16/2026 1:30,October Bridge,"30.0526,31.2372",30.0526,31.2372,74,79,27,0.972643,FALSE,1,30,5,1,0,Free_Flow,9,1
5/16/2026 1:45,26th July Corridor,"30.0381,31.0264",30.0381,31.0264,62,66,44,0.872742,FALSE,1,45,5,1,0,Free_Flow,0,1
5/16/2026 2:00,Abbas El Akkad,"30.0631,31.3341",30.0631,31.3341,66,66,27,0.892583,FALSE,2,0,5,1,0,Free_Flow,1,1
5/16/2026 2:15,Galaa Square,"30.0398,31.2188",30.0398,31.2188,47,75,48,0.975479,FALSE,2,15,5,1,0,Moderate,5,2
5/16/2026 2:30,Salah Salem,"30.0645,31.282",30.0645,31.282,66,75,50,0.899975,FALSE,2,30,5,1,0,Free_Flow,14,1
5/16/2026 2:45,Autostrad - Sheraton,"30.1065,31.3711",30.1065,31.3711,61,63,16,0.931297,FALSE,2,45,5,1,0,Free_Flow,2,1
5/16/2026 3:00,Tahrir Square,"30.0444,31.2357",30.0444,31.2357,60,76,25,0.92788,FALSE,3,0,5,1,0,Free_Flow,16,1
5/16/2026 3:15,Corniche El Nil,"30.0263,31.2268",30.0263,31.2268,49,63,41,0.907427,FALSE,3,15,5,1,0,Moderate,3,2
5/16/2026 3:30,Mosheer Tantawy Axis,"30.0242,31.3486",30.0242,31.3486,61,61,13,0.896755,FALSE,3,30,5,1,0,Free_Flow,7,1
5/16/2026 3:45,Rod El Farag Axis,"30.0881,31.2185",30.0881,31.2185,42,68,7,0.991991,FALSE,3,45,5,1,0,Moderate,13,2
5/16/2026 4:00,Ring Road - Marg,"30.1554,31.3323",30.1554,31.3323,59,59,45,0.885621,FALSE,4,0,5,1,0,Free_Flow,11,1
5/16/2026 4:15,Ring Road - Moneeb,"29.9881,31.2227",29.9881,31.2227,59,74,39,0.932716,FALSE,4,15,5,1,0,Free_Flow,12,1
5/16/2026 4:30,Gamaat El Dowal St,"30.0543,31.2005",30.0543,31.2005,59,70,39,0.916516,FALSE,4,30,5,1,0,Free_Flow,6,1
5/16/2026 4:45,Faisal Street,"30.0051,31.1574",30.0051,31.1574,41,63,50,0.919153,FALSE,4,45,5,1,0,Moderate,4,2
5/16/2026 5:00,North 90th Street,"30.0308,31.4721",30.0308,31.4721,56,70,6,0.921842,FALSE,5,0,5,1,0,Free_Flow,8,1
5/16/2026 5:15,South 90th Street,"30.0195,31.4326",30.0195,31.4326,49,56,40,0.876868,FALSE,5,15,5,1,0,Moderate,15,2
5/16/2026 5:30,Ring Road - Maadi,"29.9544,31.2858",29.9544,31.2858,38,63,50,0.962586,FALSE,5,30,5,1,0,Moderate,10,2
5/16/2026 5:45,October Bridge,"30.0526,31.2372",30.0526,31.2372,72,72,23,0.879253,FALSE,5,45,5,1,0,Free_Flow,9,1
5/16/2026 6:00,26th July Corridor,"30.0381,31.0264",30.0381,31.0264,44,72,12,0.986055,FALSE,6,0,5,1,0,Moderate,0,2
5/16/2026 6:15,Abbas El Akkad,"30.0631,31.3341",30.0631,31.3341,55,63,24,0.907987,FALSE,6,15,5,1,0,Free_Flow,1,1
5/16/2026 6:30,Galaa Square,"30.0398,31.2188",30.0398,31.2188,55,59,33,0.886357,FALSE,6,30,5,1,0,Free_Flow,5,1
5/16/2026 6:45,Salah Salem,"30.0645,31.282",30.0645,31.282,59,69,46,0.936652,FALSE,6,45,5,1,0,Free_Flow,14,1
5/16/2026 7:00,Autostrad - Sheraton,"30.1065,31.3711",30.1065,31.3711,75,75,44,0.947033,FALSE,7,0,5,1,1,Free_Flow,2,1
5/16/2026 7:15,Tahrir Square,"30.0444,31.2357",30.0444,31.2357,47,61,31,0.949852,FALSE,7,15,5,1,1,Moderate,16,2
5/16/2026 7:30,Corniche El Nil,"30.0263,31.2268",30.0263,31.2268,60,63,14,0.97087,FALSE,7,30,5,1,1,Free_Flow,3,1
5/16/2026 7:45,Mosheer Tantawy Axis,"30.0242,31.3486",30.0242,31.3486,57,80,17,0.85746,FALSE,7,45,5,1,1,Free_Flow,7,1
5/16/2026 8:00,Rod El Farag Axis,"30.0881,31.2185",30.0881,31.2185,63,72,13,0.851075,FALSE,8,0,5,1,1,Free_Flow,13,1
5/16/2026 8:15,Ring Road - Marg,"30.1554,31.3323",30.1554,31.3323,67,73,16,0.889928,FALSE,8,15,5,1,1,Free_Flow,11,1
5/16/2026 8:30,Ring Road - Moneeb,"29.9881,31.2227",29.9881,31.2227,73,73,23,0.928269,FALSE,8,30,5,1,1,Free_Flow,12,1
5/16/2026 8:45,Gamaat El Dowal St,"30.0543,31.2005",30.0543,31.2005,70,70,38,0.85747,FALSE,8,45,5,1,1,Free_Flow,6,1
5/16/2026 9:00,Faisal Street,"30.0051,31.1574",30.0051,31.1574,74,74,49,0.856652,FALSE,9,0,5,1,1,Free_Flow,4,1
5/16/2026 9:15,North 90th Street,"30.0308,31.4721",30.0308,31.4721,35,70,44,0.949583,FALSE,9,15,5,1,1,Moderate,8,2
5/16/2026 9:30,South 90th Street,"30.0195,31.4326",30.0195,31.4326,61,73,27,0.947017,FALSE,9,30,5,1,1,Free_Flow,15,1
5/16/2026 9:45,Ring Road - Maadi,"29.9544,31.2858",29.9544,31.2858,50,71,33,0.982321,FALSE,9,45,5,1,1,Free_Flow,10,1
5/16/2026 10:00,October Bridge,"30.0526,31.2372",30.0526,31.2372,48,66,10,0.954112,FALSE,10,0,5,1,0,Moderate,9,2
5/16/2026 10:15,26th July Corridor,"30.0381,31.0264",30.0381,31.0264,71,71,11,0.872755,FALSE,10,15,5,1,0,Free_Flow,0,1
5/16/2026 10:30,Abbas El Akkad,"30.0631,31.3341",30.0631,31.3341,57,64,41,0.873152,FALSE,10,30,5,1,0,Free_Flow,1,1
5/16/2026 10:45,Galaa Square,"30.0398,31.2188",30.0398,31.2188,37,56,24,0.971903,FALSE,10,45,5,1,0,Moderate,5,2
5/16/2026 11:00,Salah Salem,"30.0645,31.282",30.0645,31.282,68,68,27,0.852242,FALSE,11,0,5,1,0,Free_Flow,14,1
5/16/2026 11:15,Autostrad - Sheraton,"30.1065,31.3711",30.1065,31.3711,50,76,31,0.852877,FALSE,11,15,5,1,0,Free_Flow,2,1
5/16/2026 11:30,Tahrir Square,"30.0444,31.2357",30.0444,31.2357,38,67,18,0.982465,FALSE,11,30,5,1,0,Moderate,16,2
5/16/2026 11:45,Corniche El Nil,"30.0263,31.2268",30.0263,31.2268,60,60,21,0.908776,FALSE,11,45,5,1,0,Free_Flow,3,1
5/16/2026 12:00,Mosheer Tantawy Axis,"30.0242,31.3486",30.0242,31.3486,48,63,17,0.921569,FALSE,12,0,5,1,0,Moderate,7,2
5/16/2026 12:15,Rod El Farag Axis,"30.0881,31.2185",30.0881,31.2185,49,55,46,0.878409,FALSE,12,15,5,1,0,Moderate,13,2
5/16/2026 12:30,Ring Road - Marg,"30.1554,31.3323",30.1554,31.3323,43,55,5,0.937754,FALSE,12,30,5,1,0,Moderate,11,2
5/16/2026 12:45,Ring Road - Moneeb,"29.9881,31.2227",29.9881,31.2227,72,72,24,0.932128,FALSE,12,45,5,1,0,Free_Flow,12,1
5/16/2026 13:00,Gamaat El Dowal St,"30.0543,31.2005",30.0543,31.2005,66,76,26,0.868594,FALSE,13,0,5,1,0,Free_Flow,6,1
5/16/2026 13:15,Faisal Street,"30.0051,31.1574",30.0051,31.1574,65,65,49,0.908837,FALSE,13,15,5,1,0,Free_Flow,4,1
5/16/2026 13:30,North 90th Street,"30.0308,31.4721",30.0308,31.4721,72,72,43,0.937209,FALSE,13,30,5,1,0,Free_Flow,8,1
5/16/2026 13:45,South 90th Street,"30.0195,31.4326",30.0195,31.4326,39,77,47,0.875464,FALSE,13,45,5,1,0,Moderate,15,2
5/16/2026 14:00,Ring Road - Maadi,"29.9544,31.2858",29.9544,31.2858,75,75,7,0.863184,FALSE,14,0,5,1,0,Free_Flow,10,1
5/16/2026 14:15,October Bridge,"30.0526,31.2372",30.0526,31.2372,55,69,19,0.940215,FALSE,14,15,5,1,0,Free_Flow,9,1
5/16/2026 14:30,26th July Corridor,"30.0381,31.0264",30.0381,31.0264,62,62,29,0.985276,FALSE,14,30,5,1,0,Free_Flow,0,1
5/16/2026 14:45,Abbas El Akkad,"30.0631,31.3341",30.0631,31.3341,67,67,37,0.903707,FALSE,14,45,5,1,0,Free_Flow,1,1
5/16/2026 15:00,Galaa Square,"30.0398,31.2188",30.0398,31.2188,69,69,50,0.938624,FALSE,15,0,5,1,0,Free_Flow,5,1
5/16/2026 15:15,Salah Salem,"30.0645,31.282",30.0645,31.282,64,75,28,0.850462,FALSE,15,15,5,1,0,Free_Flow,14,1
5/16/2026 15:30,Autostrad - Sheraton,"30.1065,31.3711",30.1065,31.3711,63,63,32,0.884869,FALSE,15,30,5,1,0,Free_Flow,2,1
5/16/2026 15:45,Tahrir Square,"30.0444,31.2357",30.0444,31.2357,65,71,24,0.943205,FALSE,15,45,5,1,0,Free_Flow,16,1
5/16/2026 16:00,Corniche El Nil,"30.0263,31.2268",30.0263,31.2268,51,62,24,0.939452,FALSE,16,0,5,1,1,Free_Flow,3,1
5/16/2026 16:15,Mosheer Tantawy Axis,"30.0242,31.3486",30.0242,31.3486,59,71,42,0.870153,FALSE,16,15,5,1,1,Free_Flow,7,1
5/16/2026 16:30,Rod El Farag Axis,"30.0881,31.2185",30.0881,31.2185,37,55,12,0.891448,FALSE,16,30,5,1,1,Moderate,13,2
5/16/2026 16:45,Ring Road - Marg,"30.1554,31.3323",30.1554,31.3323,73,73,50,0.973995,FALSE,16,45,5,1,1,Free_Flow,11,1
5/16/2026 17:00,Ring Road - Moneeb,"29.9881,31.2227",29.9881,31.2227,56,67,40,0.989709,FALSE,17,0,5,1,1,Free_Flow,12,1
5/16/2026 17:15,Gamaat El Dowal St,"30.0543,31.2005",30.0543,31.2005,56,80,36,0.950569,FALSE,17,15,5,1,1,Free_Flow,6,1
5/16/2026 17:30,Faisal Street,"30.0051,31.1574",30.0051,31.1574,63,63,35,0.868385,FALSE,17,30,5,1,1,Free_Flow,4,1
5/16/2026 17:45,North 90th Street,"30.0308,31.4721",30.0308,31.4721,75,75,23,0.894623,FALSE,17,45,5,1,1,Free_Flow,8,1
5/16/2026 18:00,South 90th Street,"30.0195,31.4326",30.0195,31.4326,42,77,47,0.867466,FALSE,18,0,5,1,1,Moderate,15,2
5/16/2026 18:15,Ring Road - Maadi,"29.9544,31.2858",29.9544,31.2858,55,71,13,0.934816,FALSE,18,15,5,1,1,Free_Flow,10,1
5/16/2026 18:30,October Bridge,"30.0526,31.2372",30.0526,31.2372,59,76,17,0.944774,FALSE,18,30,5,1,1,Free_Flow,9,1
5/16/2026 18:45,26th July Corridor,"30.0381,31.0264",30.0381,31.0264,38,63,15,0.863461,FALSE,18,45,5,1,1,Moderate,0,2
5/16/2026 19:00,Abbas El Akkad,"30.0631,31.3341",30.0631,31.3341,43,64,24,0.930633,FALSE,19,0,5,1,1,Moderate,1,2
5/16/2026 19:15,Galaa Square,"30.0398,31.2188",30.0398,31.2188,57,75,41,0.962025,FALSE,19,15,5,1,1,Free_Flow,5,1
5/16/2026 19:30,Salah Salem,"30.0645,31.282",30.0645,31.282,69,75,40,0.926196,FALSE,19,30,5,1,1,Free_Flow,14,1
5/16/2026 19:45,Autostrad - Sheraton,"30.1065,31.3711",30.1065,31.3711,56,73,21,0.857166,FALSE,19,45,5,1,1,Free_Flow,2,1
5/16/2026 20:00,Tahrir Square,"30.0444,31.2357",30.0444,31.2357,53,63,23,0.877863,FALSE,20,0,5,1,0,Free_Flow,16,1
5/16/2026 20:15,Corniche El Nil,"30.0263,31.2268",30.0263,31.2268,37,72,19,0.889999,FALSE,20,15,5,1,0,Moderate,3,2
5/16/2026 20:30,Mosheer Tantawy Axis,"30.0242,31.3486",30.0242,31.3486,60,60,40,0.978104,FALSE,20,30,5,1,0,Free_Flow,7,1
5/16/2026 20:45,Rod El Farag Axis,"30.0881,31.2185",30.0881,31.2185,75,75,35,0.978587,FALSE,20,45,5,1,0,Free_Flow,13,1
5/16/2026 21:00,Ring Road - Marg,"30.1554,31.3323",30.1554,31.3323,46,69,7,0.931703,FALSE,21,0,5,1,0,Moderate,11,2
5/16/2026 21:15,Ring Road - Moneeb,"29.9881,31.2227",29.9881,31.2227,38,74,33,0.852894,FALSE,21,15,5,1,0,Moderate,12,2
5/16/2026 21:30,Gamaat El Dowal St,"30.0543,31.2005",30.0543,31.2005,67,71,34,0.974923,FALSE,21,30,5,1,0,Free_Flow,6,1
5/16/2026 21:45,Faisal Street,"30.0051,31.1574",30.0051,31.1574,48,59,12,0.883761,FALSE,21,45,5,1,0,Moderate,4,2
5/16/2026 22:00,North 90th Street,"30.0308,31.4721",30.0308,31.4721,51,57,9,0.907492,FALSE,22,0,5,1,0,Free_Flow,8,1
5/16/2026 22:15,South 90th Street,"30.0195,31.4326",30.0195,31.4326,66,67,46,0.865281,FALSE,22,15,5,1,0,Free_Flow,15,1
5/16/2026 22:30,Ring Road - Maadi,"29.9544,31.2858",29.9544,31.2858,57,77,28,0.853819,FALSE,22,30,5,1,0,Free_Flow,10,1
5/16/2026 22:45,October Bridge,"30.0526,31.2372",30.0526,31.2372,46,80,22,0.914002,FALSE,22,45,5,1,0,Moderate,9,2
5/16/2026 23:00,26th July Corridor,"30.0381,31.0264",30.0381,31.0264,75,75,7,0.944989,FALSE,23,0,5,1,0,Free_Flow,0,1
5/16/2026 23:15,Abbas El Akkad,"30.0631,31.3341",30.0631,31.3341,67,68,6,0.897707,FALSE,23,15,5,1,0,Free_Flow,1,1
5/16/2026 23:30,Galaa Square,"30.0398,31.2188",30.0398,31.2188,63,71,41,0.998058,FALSE,23,30,5,1,0,Free_Flow,5,1
5/16/2026 23:45,Salah Salem,"30.0645,31.282",30.0645,31.282,66,66,37,0.889735,FALSE,23,45,5,1,0,Free_Flow,14,1
5/17/2026 0:00,Autostrad - Sheraton,"30.1065,31.3711",30.1065,31.3711,64,64,11,0.949657,FALSE,0,0,6,1,0,Free_Flow,2,1
5/17/2026 0:15,Tahrir Square,"30.0444,31.2357",30.0444,31.2357,33,78,60,0.97423,FALSE,0,15,6,1,0,Moderate,16,2
5/17/2026 0:30,Corniche El Nil,"30.0263,31.2268",30.0263,31.2268,34,76,44,0.857939,FALSE,0,30,6,1,0,Moderate,3,2
5/17/2026 0:45,Mosheer Tantawy Axis,"30.0242,31.3486",30.0242,31.3486,38,63,68,0.965707,FALSE,0,45,6,1,0,Moderate,7,2
5/17/2026 1:00,Rod El Farag Axis,"30.0881,31.2185",30.0881,31.2185,43,75,32,0.947997,FALSE,1,0,6,1,0,Moderate,13,2
5/17/2026 1:15,Ring Road - Marg,"30.1554,31.3323",30.1554,31.3323,60,74,34,0.923914,FALSE,1,15,6,1,0,Free_Flow,11,1
5/17/2026 1:30,Ring Road - Moneeb,"29.9881,31.2227",29.9881,31.2227,27,74,69,0.909752,FALSE,1,30,6,1,0,Moderate,12,2
5/17/2026 1:45,Gamaat El Dowal St,"30.0543,31.2005",30.0543,31.2005,32,72,18,0.899017,FALSE,1,45,6,1,0,Moderate,6,2
5/17/2026 2:00,Faisal Street,"30.0051,31.1574",30.0051,31.1574,65,68,34,0.970669,FALSE,2,0,6,1,0,Free_Flow,4,1
5/17/2026 2:15,North 90th Street,"30.0308,31.4721",30.0308,31.4721,48,80,62,0.925119,FALSE,2,15,6,1,0,Moderate,8,2
5/17/2026 2:30,South 90th Street,"30.0195,31.4326",30.0195,31.4326,64,79,37,0.966749,FALSE,2,30,6,1,0,Free_Flow,15,1
5/17/2026 2:45,Ring Road - Maadi,"29.9544,31.2858",29.9544,31.2858,32,62,24,0.893783,FALSE,2,45,6,1,0,Moderate,10,2
5/17/2026 3:00,October Bridge,"30.0526,31.2372",30.0526,31.2372,49,72,28,0.921436,FALSE,3,0,6,1,0,Moderate,9,2
5/17/2026 3:15,26th July Corridor,"30.0381,31.0264",30.0381,31.0264,47,69,68,0.923087,FALSE,3,15,6,1,0,Moderate,0,2
5/17/2026 3:30,Abbas El Akkad,"30.0631,31.3341",30.0631,31.3341,38,77,61,0.935683,FALSE,3,30,6,1,0,Moderate,1,2
5/17/2026 3:45,Galaa Square,"30.0398,31.2188",30.0398,31.2188,30,72,34,0.879522,FALSE,3,45,6,1,0,Moderate,5,2
5/17/2026 4:00,Salah Salem,"30.0645,31.282",30.0645,31.282,40,57,70,0.891316,FALSE,4,0,6,1,0,Moderate,14,2
5/17/2026 4:15,Autostrad - Sheraton,"30.1065,31.3711",30.1065,31.3711,33,74,76,0.873629,FALSE,4,15,6,1,0,Moderate,2,2
5/17/2026 4:30,Tahrir Square,"30.0444,31.2357",30.0444,31.2357,54,62,63,0.862827,FALSE,4,30,6,1,0,Free_Flow,16,1
5/17/2026 4:45,Corniche El Nil,"30.0263,31.2268",30.0263,31.2268,43,61,61,0.979131,FALSE,4,45,6,1,0,Moderate,3,2
5/17/2026 5:00,Mosheer Tantawy Axis,"30.0242,31.3486",30.0242,31.3486,43,75,39,0.992152,FALSE,5,0,6,1,0,Moderate,7,2
5/17/2026 5:15,Rod El Farag Axis,"30.0881,31.2185",30.0881,31.2185,30,63,70,0.873266,FALSE,5,15,6,1,0,Moderate,13,2
5/17/2026 5:30,Ring Road - Marg,"30.1554,31.3323",30.1554,31.3323,25,76,41,0.997444,FALSE,5,30,6,1,0,Moderate,11,2
5/17/2026 5:45,Ring Road - Moneeb,"29.9881,31.2227",29.9881,31.2227,55,73,45,0.981704,FALSE,5,45,6,1,0,Free_Flow,12,1
5/17/2026 6:00,Gamaat El Dowal St,"30.0543,31.2005",30.0543,31.2005,27,73,28,0.944273,FALSE,6,0,6,1,0,Moderate,6,2
5/17/2026 6:15,Faisal Street,"30.0051,31.1574",30.0051,31.1574,25,69,59,0.969066,FALSE,6,15,6,1,0,Moderate,4,2
5/17/2026 6:30,North 90th Street,"30.0308,31.4721",30.0308,31.4721,29,78,40,0.903179,FALSE,6,30,6,1,0,Moderate,8,2
5/17/2026 6:45,South 90th Street,"30.0195,31.4326",30.0195,31.4326,44,59,75,0.957944,FALSE,6,45,6,1,0,Moderate,15,2
5/17/2026 7:00,Ring Road - Maadi,"29.9544,31.2858",29.9544,31.2858,23,66,69,0.950175,FALSE,7,0,6,1,1,Moderate,10,2
5/17/2026 7:15,October Bridge,"30.0526,31.2372",30.0526,31.2372,11,79,56,0.994381,FALSE,7,15,6,1,1,Congested,9,0
5/17/2026 7:30,26th July Corridor,"30.0381,31.0264",30.0381,31.0264,17,73,117,0.895561,FALSE,7,30,6,1,1,Congested,0,0
5/17/2026 7:45,Abbas El Akkad,"30.0631,31.3341",30.0631,31.3341,25,62,57,0.939249,FALSE,7,45,6,1,1,Moderate,1,2
5/17/2026 8:00,Galaa Square,"30.0398,31.2188",30.0398,31.2188,22,62,113,0.877739,FALSE,8,0,6,1,1,Moderate,5,2
5/17/2026 8:15,Salah Salem,"30.0645,31.282",30.0645,31.282,33,76,49,0.955613,FALSE,8,15,6,1,1,Moderate,14,2
5/17/2026 8:30,Autostrad - Sheraton,"30.1065,31.3711",30.1065,31.3711,15,68,110,0.874629,FALSE,8,30,6,1,1,Congested,2,0
5/17/2026 8:45,Tahrir Square,"30.0444,31.2357",30.0444,31.2357,34,58,110,0.941706,FALSE,8,45,6,1,1,Moderate,16,2
5/17/2026 9:00,Corniche El Nil,"30.0263,31.2268",30.0263,31.2268,30,69,62,0.917911,FALSE,9,0,6,1,1,Moderate,3,2
5/17/2026 9:15,Mosheer Tantawy Axis,"30.0242,31.3486",30.0242,31.3486,26,67,117,0.943763,FALSE,9,15,6,1,1,Moderate,7,2
5/17/2026 9:30,Rod El Farag Axis,"30.0881,31.2185",30.0881,31.2185,14,72,71,0.886146,FALSE,9,30,6,1,1,Congested,13,0
5/17/2026 9:45,Ring Road - Marg,"30.1554,31.3323",30.1554,31.3323,17,61,110,0.980289,FALSE,9,45,6,1,1,Congested,11,0
5/17/2026 10:00,Ring Road - Moneeb,"29.9881,31.2227",29.9881,31.2227,10,75,52,0.97002,FALSE,10,0,6,1,0,Congested,12,0
5/17/2026 10:15,Gamaat El Dowal St,"30.0543,31.2005",30.0543,31.2005,24,72,83,0.9806,FALSE,10,15,6,1,0,Moderate,6,2
5/17/2026 10:30,Faisal Street,"30.0051,31.1574",30.0051,31.1574,11,68,90,0.906348,FALSE,10,30,6,1,0,Congested,4,0
5/17/2026 10:45,North 90th Street,"30.0308,31.4721",30.0308,31.4721,22,69,77,0.893169,FALSE,10,45,6,1,0,Moderate,8,2
5/17/2026 11:00,South 90th Street,"30.0195,31.4326",30.0195,31.4326,62,65,27,0.954884,FALSE,11,0,6,1,0,Free_Flow,15,1
5/17/2026 11:15,Ring Road - Maadi,"29.9544,31.2858",29.9544,31.2858,60,79,72,0.903613,FALSE,11,15,6,1,0,Free_Flow,10,1
5/17/2026 11:30,October Bridge,"30.0526,31.2372",30.0526,31.2372,62,68,53,0.860918,FALSE,11,30,6,1,0,Free_Flow,9,1
5/17/2026 11:45,26th July Corridor,"30.0381,31.0264",30.0381,31.0264,28,75,45,0.944321,FALSE,11,45,6,1,0,Moderate,0,2
5/17/2026 12:00,Abbas El Akkad,"30.0631,31.3341",30.0631,31.3341,48,57,25,0.917958,FALSE,12,0,6,1,0,Moderate,1,2
5/17/2026 12:15,Galaa Square,"30.0398,31.2188",30.0398,31.2188,54,67,71,0.864393,FALSE,12,15,6,1,0,Free_Flow,5,1
5/17/2026 12:30,Salah Salem,"30.0645,31.282",30.0645,31.282,59,63,23,0.967914,FALSE,12,30,6,1,0,Free_Flow,14,1
5/17/2026 12:45,Autostrad - Sheraton,"30.1065,31.3711",30.1065,31.3711,63,68,46,0.869688,FALSE,12,45,6,1,0,Free_Flow,2,1
5/17/2026 13:00,Tahrir Square,"30.0444,31.2357",30.0444,31.2357,28,65,23,0.858314,FALSE,13,0,6,1,0,Moderate,16,2
5/17/2026 13:15,Corniche El Nil,"30.0263,31.2268",30.0263,31.2268,45,71,27,0.925008,FALSE,13,15,6,1,0,Moderate,3,2
5/17/2026 13:30,Mosheer Tantawy Axis,"30.0242,31.3486",30.0242,31.3486,52,67,39,0.874416,FALSE,13,30,6,1,0,Free_Flow,7,1
5/17/2026 13:45,Rod El Farag Axis,"30.0881,31.2185",30.0881,31.2185,61,65,46,0.910556,FALSE,13,45,6,1,0,Free_Flow,13,1
5/17/2026 14:00,Ring Road - Marg,"30.1554,31.3323",30.1554,31.3323,63,72,64,0.912817,FALSE,14,0,6,1,0,Free_Flow,11,1
5/17/2026 14:15,Ring Road - Moneeb,"29.9881,31.2227",29.9881,31.2227,64,64,47,0.873883,FALSE,14,15,6,1,0,Free_Flow,12,1
5/17/2026 14:30,Gamaat El Dowal St,"30.0543,31.2005",30.0543,31.2005,40,72,36,0.940249,FALSE,14,30,6,1,0,Moderate,6,2
5/17/2026 14:45,Faisal Street,"30.0051,31.1574",30.0051,31.1574,43,57,65,0.951381,FALSE,14,45,6,1,0,Moderate,4,2
5/17/2026 15:00,North 90th Street,"30.0308,31.4721",30.0308,31.4721,59,69,27,0.909852,FALSE,15,0,6,1,0,Free_Flow,8,1
5/17/2026 15:15,South 90th Street,"30.0195,31.4326",30.0195,31.4326,51,56,27,0.915183,FALSE,15,15,6,1,0,Free_Flow,15,1
5/17/2026 15:30,Ring Road - Maadi,"29.9544,31.2858",29.9544,31.2858,34,75,23,0.906657,FALSE,15,30,6,1,0,Moderate,10,2
5/17/2026 15:45,October Bridge,"30.0526,31.2372",30.0526,31.2372,61,78,38,0.981827,FALSE,15,45,6,1,0,Free_Flow,9,1
5/17/2026 16:00,26th July Corridor,"30.0381,31.0264",30.0381,31.0264,19,70,105,0.976168,FALSE,16,0,6,1,1,Congested,0,0
5/17/2026 16:15,Abbas El Akkad,"30.0631,31.3341",30.0631,31.3341,15,69,97,0.931527,FALSE,16,15,6,1,1,Congested,1,0
5/17/2026 16:30,Galaa Square,"30.0398,31.2188",30.0398,31.2188,28,57,107,0.962776,FALSE,16,30,6,1,1,Moderate,5,2
5/17/2026 16:45,Salah Salem,"30.0645,31.282",30.0645,31.282,34,67,112,0.865219,FALSE,16,45,6,1,1,Moderate,14,2
5/17/2026 17:00,Autostrad - Sheraton,"30.1065,31.3711",30.1065,31.3711,30,79,120,0.927847,FALSE,17,0,6,1,1,Moderate,2,2
5/17/2026 17:15,Tahrir Square,"30.0444,31.2357",30.0444,31.2357,30,63,89,0.996934,FALSE,17,15,6,1,1,Moderate,16,2
5/17/2026 17:30,Corniche El Nil,"30.0263,31.2268",30.0263,31.2268,18,77,61,0.892042,FALSE,17,30,6,1,1,Congested,3,0
5/17/2026 17:45,Mosheer Tantawy Axis,"30.0242,31.3486",30.0242,31.3486,32,73,99,0.882071,FALSE,17,45,6,1,1,Moderate,7,2
5/17/2026 18:00,Rod El Farag Axis,"30.0881,31.2185",30.0881,31.2185,11,63,108,0.995877,FALSE,18,0,6,1,1,Congested,13,0
5/17/2026 18:15,Ring Road - Marg,"30.1554,31.3323",30.1554,31.3323,22,78,82,0.973432,FALSE,18,15,6,1,1,Moderate,11,2
5/17/2026 18:30,Ring Road - Moneeb,"29.9881,31.2227",29.9881,31.2227,24,79,120,0.886508,FALSE,18,30,6,1,1,Moderate,12,2
5/17/2026 18:45,Gamaat El Dowal St,"30.0543,31.2005",30.0543,31.2005,33,72,116,0.864147,FALSE,18,45,6,1,1,Moderate,6,2
5/17/2026 19:00,Faisal Street,"30.0051,31.1574",30.0051,31.1574,16,77,66,0.863617,FALSE,19,0,6,1,1,Congested,4,0
5/17/2026 19:15,North 90th Street,"30.0308,31.4721",30.0308,31.4721,22,73,72,0.856384,FALSE,19,15,6,1,1,Moderate,8,2
5/17/2026 19:30,South 90th Street,"30.0195,31.4326",30.0195,31.4326,24,59,42,0.919947,FALSE,19,30,6,1,1,Moderate,15,2
5/17/2026 19:45,Ring Road - Maadi,"29.9544,31.2858",29.9544,31.2858,19,56,93,0.940892,FALSE,19,45,6,1,1,Congested,10,0
5/17/2026 20:00,October Bridge,"30.0526,31.2372",30.0526,31.2372,14,72,43,0.992539,FALSE,20,0,6,1,0,Congested,9,0
5/17/2026 20:15,26th July Corridor,"30.0381,31.0264",30.0381,31.0264,26,72,106,0.902432,FALSE,20,15,6,1,0,Moderate,0,2
5/17/2026 20:30,Abbas El Akkad,"30.0631,31.3341",30.0631,31.3341,24,62,60,0.982846,FALSE,20,30,6,1,0,Moderate,1,2
5/17/2026 20:45,Galaa Square,"30.0398,31.2188",30.0398,31.2188,22,77,68,0.887682,FALSE,20,45,6,1,0,Moderate,5,2
5/17/2026 21:00,Salah Salem,"30.0645,31.282",30.0645,31.282,56,74,16,0.910122,FALSE,21,0,6,1,0,Free_Flow,14,1
5/17/2026 21:15,Autostrad - Sheraton,"30.1065,31.3711",30.1065,31.3711,35,67,73,0.856674,FALSE,21,15,6,1,0,Moderate,2,2
5/17/2026 21:30,Tahrir Square,"30.0444,31.2357",30.0444,31.2357,51,66,78,0.869545,FALSE,21,30,6,1,0,Free_Flow,16,1
5/17/2026 21:45,Corniche El Nil,"30.0263,31.2268",30.0263,31.2268,28,69,53,0.958749,FALSE,21,45,6,1,0,Moderate,3,2
5/17/2026 22:00,Mosheer Tantawy Axis,"30.0242,31.3486",30.0242,31.3486,27,62,66,0.958278,FALSE,22,0,6,1,0,Moderate,7,2
5/17/2026 22:15,Rod El Farag Axis,"30.0881,31.2185",30.0881,31.2185,28,56,30,0.947767,FALSE,22,15,6,1,0,Moderate,13,2
5/17/2026 22:30,Ring Road - Marg,"30.1554,31.3323",30.1554,31.3323,39,73,74,0.888994,FALSE,22,30,6,1,0,Moderate,11,2
5/17/2026 22:45,Ring Road - Moneeb,"29.9881,31.2227",29.9881,31.2227,37,73,45,0.920541,FALSE,22,45,6,1,0,Moderate,12,2
5/17/2026 23:00,Gamaat El Dowal St,"30.0543,31.2005",30.0543,31.2005,55,59,71,0.854795,FALSE,23,0,6,1,0,Free_Flow,6,1
5/17/2026 23:15,Faisal Street,"30.0051,31.1574",30.0051,31.1574,40,55,12,0.950451,FALSE,23,15,6,1,0,Moderate,4,2
5/17/2026 23:30,North 90th Street,"30.0308,31.4721",30.0308,31.4721,62,69,51,0.886521,FALSE,23,30,6,1,0,Free_Flow,8,1
5/17/2026 23:45,South 90th Street,"30.0195,31.4326",30.0195,31.4326,25,69,30,0.929627,FALSE,23,45,6,1,0,Moderate,15,2
5/18/2026 0:00,Ring Road - Maadi,"29.9544,31.2858",29.9544,31.2858,62,75,78,0.878,FALSE,0,0,0,0,0,Free_Flow,10,1
5/18/2026 0:15,October Bridge,"30.0526,31.2372",30.0526,31.2372,51,71,12,0.979592,FALSE,0,15,0,0,0,Free_Flow,9,1
5/18/2026 0:30,26th July Corridor,"30.0381,31.0264",30.0381,31.0264,58,58,61,0.926415,FALSE,0,30,0,0,0,Free_Flow,0,1
5/18/2026 0:45,Abbas El Akkad,"30.0631,31.3341",30.0631,31.3341,42,57,30,0.996785,FALSE,0,45,0,0,0,Moderate,1,2
5/18/2026 1:00,Galaa Square,"30.0398,31.2188",30.0398,31.2188,53,65,67,0.931978,FALSE,1,0,0,0,0,Free_Flow,5,1
5/18/2026 1:15,Salah Salem,"30.0645,31.282",30.0645,31.282,28,72,11,0.913473,FALSE,1,15,0,0,0,Moderate,14,2
5/18/2026 1:30,Autostrad - Sheraton,"30.1065,31.3711",30.1065,31.3711,56,69,29,0.904038,FALSE,1,30,0,0,0,Free_Flow,2,1
5/18/2026 1:45,Tahrir Square,"30.0444,31.2357",30.0444,31.2357,56,59,34,0.931148,FALSE,1,45,0,0,0,Free_Flow,16,1
5/18/2026 2:00,Corniche El Nil,"30.0263,31.2268",30.0263,31.2268,34,72,33,0.894468,FALSE,2,0,0,0,0,Moderate,3,2
5/18/2026 2:15,Mosheer Tantawy Axis,"30.0242,31.3486",30.0242,31.3486,28,80,57,0.982074,FALSE,2,15,0,0,0,Moderate,7,2
5/18/2026 2:30,Rod El Farag Axis,"30.0881,31.2185",30.0881,31.2185,39,74,57,0.935487,FALSE,2,30,0,0,0,Moderate,13,2
5/18/2026 2:45,Ring Road - Marg,"30.1554,31.3323",30.1554,31.3323,29,64,76,0.988317,FALSE,2,45,0,0,0,Moderate,11,2
5/18/2026 3:00,Ring Road - Moneeb,"29.9881,31.2227",29.9881,31.2227,26,65,19,0.866684,FALSE,3,0,0,0,0,Moderate,12,2
5/18/2026 3:15,Gamaat El Dowal St,"30.0543,31.2005",30.0543,31.2005,62,73,61,0.885999,FALSE,3,15,0,0,0,Free_Flow,6,1
5/18/2026 3:30,Faisal Street,"30.0051,31.1574",30.0051,31.1574,29,71,48,0.923147,FALSE,3,30,0,0,0,Moderate,4,2
5/18/2026 3:45,North 90th Street,"30.0308,31.4721",30.0308,31.4721,49,74,52,0.933941,FALSE,3,45,0,0,0,Moderate,8,2
5/18/2026 4:00,South 90th Street,"30.0195,31.4326",30.0195,31.4326,26,77,49,0.874666,FALSE,4,0,0,0,0,Moderate,15,2
5/18/2026 4:15,Ring Road - Maadi,"29.9544,31.2858",29.9544,31.2858,30,77,41,0.93224,FALSE,4,15,0,0,0,Moderate,10,2
5/18/2026 4:30,October Bridge,"30.0526,31.2372",30.0526,31.2372,51,58,16,0.940564,FALSE,4,30,0,0,0,Free_Flow,9,1
5/18/2026 4:45,26th July Corridor,"30.0381,31.0264",30.0381,31.0264,40,79,61,0.927857,FALSE,4,45,0,0,0,Moderate,0,2
5/18/2026 5:00,Abbas El Akkad,"30.0631,31.3341",30.0631,31.3341,55,71,29,0.881082,FALSE,5,0,0,0,0,Free_Flow,1,1
5/18/2026 5:15,Galaa Square,"30.0398,31.2188",30.0398,31.2188,34,78,50,0.975735,FALSE,5,15,0,0,0,Moderate,5,2
5/18/2026 5:30,Salah Salem,"30.0645,31.282",30.0645,31.282,60,60,13,0.851115,FALSE,5,30,0,0,0,Free_Flow,14,1
5/18/2026 5:45,Autostrad - Sheraton,"30.1065,31.3711",30.1065,31.3711,50,68,43,0.921108,FALSE,5,45,0,0,0,Free_Flow,2,1
5/18/2026 6:00,Tahrir Square,"30.0444,31.2357",30.0444,31.2357,54,62,16,0.974434,FALSE,6,0,0,0,0,Free_Flow,16,1
5/18/2026 6:15,Corniche El Nil,"30.0263,31.2268",30.0263,31.2268,44,56,32,0.973818,FALSE,6,15,0,0,0,Moderate,3,2
5/18/2026 6:30,Mosheer Tantawy Axis,"30.0242,31.3486",30.0242,31.3486,27,58,41,0.985686,FALSE,6,30,0,0,0,Moderate,7,2
5/18/2026 6:45,Rod El Farag Axis,"30.0881,31.2185",30.0881,31.2185,28,66,51,0.904164,FALSE,6,45,0,0,0,Moderate,13,2
5/18/2026 7:00,Ring Road - Marg,"30.1554,31.3323",30.1554,31.3323,11,68,65,0.868463,FALSE,7,0,0,0,1,Congested,11,0
5/18/2026 7:15,Ring Road - Moneeb,"29.9881,31.2227",29.9881,31.2227,34,66,72,0.872225,FALSE,7,15,0,0,1,Moderate,12,2
5/18/2026 7:30,Gamaat El Dowal St,"30.0543,31.2005",30.0543,31.2005,21,55,96,0.899744,FALSE,7,30,0,0,1,Moderate,6,2
5/18/2026 7:45,Faisal Street,"30.0051,31.1574",30.0051,31.1574,28,62,76,0.910139,FALSE,7,45,0,0,1,Moderate,4,2
5/18/2026 8:00,North 90th Street,"30.0308,31.4721",30.0308,31.4721,18,58,105,0.886168,FALSE,8,0,0,0,1,Congested,8,0
5/18/2026 8:15,South 90th Street,"30.0195,31.4326",30.0195,31.4326,24,76,120,0.97669,FALSE,8,15,0,0,1,Moderate,15,2
5/18/2026 8:30,Ring Road - Maadi,"29.9544,31.2858",29.9544,31.2858,28,79,50,0.980145,FALSE,8,30,0,0,1,Moderate,10,2
5/18/2026 8:45,October Bridge,"30.0526,31.2372",30.0526,31.2372,28,79,96,0.859796,FALSE,8,45,0,0,1,Moderate,9,2
5/18/2026 9:00,26th July Corridor,"30.0381,31.0264",30.0381,31.0264,30,60,45,0.897853,FALSE,9,0,0,0,1,Moderate,0,2
5/18/2026 9:15,Abbas El Akkad,"30.0631,31.3341",30.0631,31.3341,21,67,75,0.86736,FALSE,9,15,0,0,1,Moderate,1,2
5/18/2026 9:30,Galaa Square,"30.0398,31.2188",30.0398,31.2188,32,79,90,0.862715,FALSE,9,30,0,0,1,Moderate,5,2
5/18/2026 9:45,Salah Salem,"30.0645,31.282",30.0645,31.282,35,68,95,0.897852,FALSE,9,45,0,0,1,Moderate,14,2
5/18/2026 10:00,Autostrad - Sheraton,"30.1065,31.3711",30.1065,31.3711,32,59,66,0.959513,FALSE,10,0,0,0,0,Moderate,2,2
5/18/2026 10:15,Tahrir Square,"30.0444,31.2357",30.0444,31.2357,34,80,60,0.857539,FALSE,10,15,0,0,0,Moderate,16,2
5/18/2026 10:30,Corniche El Nil,"30.0263,31.2268",30.0263,31.2268,15,80,55,0.928271,FALSE,10,30,0,0,0,Congested,3,0
5/18/2026 10:45,Mosheer Tantawy Axis,"30.0242,31.3486",30.0242,31.3486,12,79,81,0.961232,FALSE,10,45,0,0,0,Congested,7,0
5/18/2026 11:00,Rod El Farag Axis,"30.0881,31.2185",30.0881,31.2185,52,56,68,0.87894,FALSE,11,0,0,0,0,Free_Flow,13,1
5/18/2026 11:15,Ring Road - Marg,"30.1554,31.3323",30.1554,31.3323,28,70,40,0.961051,FALSE,11,15,0,0,0,Moderate,11,2
5/18/2026 11:30,Ring Road - Moneeb,"29.9881,31.2227",29.9881,31.2227,41,69,48,0.881925,FALSE,11,30,0,0,0,Moderate,12,2
5/18/2026 11:45,Gamaat El Dowal St,"30.0543,31.2005",30.0543,31.2005,59,70,59,0.956234,FALSE,11,45,0,0,0,Free_Flow,6,1
5/18/2026 12:00,Faisal Street,"30.0051,31.1574",30.0051,31.1574,53,62,10,0.979554,FALSE,12,0,0,0,0,Free_Flow,4,1
5/18/2026 12:15,North 90th Street,"30.0308,31.4721",30.0308,31.4721,59,73,73,0.96478,FALSE,12,15,0,0,0,Free_Flow,8,1
5/18/2026 12:30,South 90th Street,"30.0195,31.4326",30.0195,31.4326,37,66,46,0.928507,FALSE,12,30,0,0,0,Moderate,15,2
5/18/2026 12:45,Ring Road - Maadi,"29.9544,31.2858",29.9544,31.2858,55,76,79,0.977977,FALSE,12,45,0,0,0,Free_Flow,10,1
5/18/2026 13:00,October Bridge,"30.0526,31.2372",30.0526,31.2372,35,80,41,0.87678,FALSE,13,0,0,0,0,Moderate,9,2
5/18/2026 13:15,26th July Corridor,"30.0381,31.0264",30.0381,31.0264,43,68,20,0.87751,FALSE,13,15,0,0,0,Moderate,0,2
5/18/2026 13:30,Abbas El Akkad,"30.0631,31.3341",30.0631,31.3341,40,55,74,0.969714,FALSE,13,30,0,0,0,Moderate,1,2
5/18/2026 13:45,Galaa Square,"30.0398,31.2188",30.0398,31.2188,39,60,12,0.99911,FALSE,13,45,0,0,0,Moderate,5,2
5/18/2026 14:00,Salah Salem,"30.0645,31.282",30.0645,31.282,60,77,38,0.871193,FALSE,14,0,0,0,0,Free_Flow,14,1
5/18/2026 14:15,Autostrad - Sheraton,"30.1065,31.3711",30.1065,31.3711,40,65,26,0.887847,FALSE,14,15,0,0,0,Moderate,2,2
5/18/2026 14:30,Tahrir Square,"30.0444,31.2357",30.0444,31.2357,48,62,70,0.927288,FALSE,14,30,0,0,0,Moderate,16,2
5/18/2026 14:45,Corniche El Nil,"30.0263,31.2268",30.0263,31.2268,33,77,41,0.927559,FALSE,14,45,0,0,0,Moderate,3,2
5/18/2026 15:00,Mosheer Tantawy Axis,"30.0242,31.3486",30.0242,31.3486,64,76,40,0.857666,FALSE,15,0,0,0,0,Free_Flow,7,1
5/18/2026 15:15,Rod El Farag Axis,"30.0881,31.2185",30.0881,31.2185,28,78,67,0.916698,FALSE,15,15,0,0,0,Moderate,13,2
5/18/2026 15:30,Ring Road - Marg,"30.1554,31.3323",30.1554,31.3323,34,73,42,0.857391,FALSE,15,30,0,0,0,Moderate,11,2
5/18/2026 15:45,Ring Road - Moneeb,"29.9881,31.2227",29.9881,31.2227,39,57,37,0.974265,FALSE,15,45,0,0,0,Moderate,12,2
5/18/2026 16:00,Gamaat El Dowal St,"30.0543,31.2005",30.0543,31.2005,14,67,44,0.883966,FALSE,16,0,0,0,1,Congested,6,0
5/18/2026 16:15,Faisal Street,"30.0051,31.1574",30.0051,31.1574,35,55,69,0.871084,FALSE,16,15,0,0,1,Moderate,4,2
5/18/2026 16:30,North 90th Street,"30.0308,31.4721",30.0308,31.4721,22,73,86,0.864833,FALSE,16,30,0,0,1,Moderate,8,2
5/18/2026 16:45,South 90th Street,"30.0195,31.4326",30.0195,31.4326,21,74,78,0.8844,FALSE,16,45,0,0,1,Moderate,15,2
5/18/2026 17:00,Ring Road - Maadi,"29.9544,31.2858",29.9544,31.2858,24,62,72,0.955295,FALSE,17,0,0,0,1,Moderate,10,2
5/18/2026 17:15,October Bridge,"30.0526,31.2372",30.0526,31.2372,17,58,92,0.964862,FALSE,17,15,0,0,1,Congested,9,0
5/18/2026 17:30,26th July Corridor,"30.0381,31.0264",30.0381,31.0264,15,77,104,0.929444,FALSE,17,30,0,0,1,Congested,0,0
5/18/2026 17:45,Abbas El Akkad,"30.0631,31.3341",30.0631,31.3341,17,68,109,0.996203,FALSE,17,45,0,0,1,Congested,1,0
5/18/2026 18:00,Galaa Square,"30.0398,31.2188",30.0398,31.2188,15,56,61,0.917107,FALSE,18,0,0,0,1,Congested,5,0
5/18/2026 18:15,Salah Salem,"30.0645,31.282",30.0645,31.282,15,64,115,0.909485,FALSE,18,15,0,0,1,Congested,14,0
5/18/2026 18:30,Autostrad - Sheraton,"30.1065,31.3711",30.1065,31.3711,34,63,100,0.908449,FALSE,18,30,0,0,1,Moderate,2,2
5/18/2026 18:45,Tahrir Square,"30.0444,31.2357",30.0444,31.2357,25,78,112,0.953004,FALSE,18,45,0,0,1,Moderate,16,2
5/18/2026 19:00,Corniche El Nil,"30.0263,31.2268",30.0263,31.2268,11,67,46,0.895199,FALSE,19,0,0,0,1,Congested,3,0
5/18/2026 19:15,Mosheer Tantawy Axis,"30.0242,31.3486",30.0242,31.3486,32,58,48,0.918701,FALSE,19,15,0,0,1,Moderate,7,2
5/18/2026 19:30,Rod El Farag Axis,"30.0881,31.2185",30.0881,31.2185,15,59,64,0.948754,FALSE,19,30,0,0,1,Congested,13,0
5/18/2026 19:45,Ring Road - Marg,"30.1554,31.3323",30.1554,31.3323,31,77,104,0.850449,FALSE,19,45,0,0,1,Moderate,11,2
5/18/2026 20:00,Ring Road - Moneeb,"29.9881,31.2227",29.9881,31.2227,30,65,106,0.985642,FALSE,20,0,0,0,0,Moderate,12,2
5/18/2026 20:15,Gamaat El Dowal St,"30.0543,31.2005",30.0543,31.2005,18,67,113,0.922805,FALSE,20,15,0,0,0,Congested,6,0
5/18/2026 20:30,Faisal Street,"30.0051,31.1574",30.0051,31.1574,18,57,91,0.952708,FALSE,20,30,0,0,0,Congested,4,0
5/18/2026 20:45,North 90th Street,"30.0308,31.4721",30.0308,31.4721,25,63,85,0.887025,FALSE,20,45,0,0,0,Moderate,8,2
5/18/2026 21:00,South 90th Street,"30.0195,31.4326",30.0195,31.4326,25,66,22,0.998899,FALSE,21,0,0,0,0,Moderate,15,2
5/18/2026 21:15,Ring Road - Maadi,"29.9544,31.2858",29.9544,31.2858,56,79,52,0.878831,FALSE,21,15,0,0,0,Free_Flow,10,1
5/18/2026 21:30,October Bridge,"30.0526,31.2372",30.0526,31.2372,39,72,36,0.910066,FALSE,21,30,0,0,0,Moderate,9,2
5/18/2026 21:45,26th July Corridor,"30.0381,31.0264",30.0381,31.0264,32,70,39,0.994851,FALSE,21,45,0,0,0,Moderate,0,2
5/18/2026 22:00,Abbas El Akkad,"30.0631,31.3341",30.0631,31.3341,42,61,21,0.903171,FALSE,22,0,0,0,0,Moderate,1,2
5/18/2026 22:15,Galaa Square,"30.0398,31.2188",30.0398,31.2188,53,76,79,0.998938,FALSE,22,15,0,0,0,Free_Flow,5,1
5/18/2026 22:30,Salah Salem,"30.0645,31.282",30.0645,31.282,63,72,73,0.91655,FALSE,22,30,0,0,0,Free_Flow,14,1
5/18/2026 22:45,Autostrad - Sheraton,"30.1065,31.3711",30.1065,31.3711,34,55,28,0.990653,FALSE,22,45,0,0,0,Moderate,2,2
5/18/2026 23:00,Tahrir Square,"30.0444,31.2357",30.0444,31.2357,49,61,11,0.990616,FALSE,23,0,0,0,0,Moderate,16,2
5/18/2026 23:15,Corniche El Nil,"30.0263,31.2268",30.0263,31.2268,26,74,42,0.929758,FALSE,23,15,0,0,0,Moderate,3,2
5/18/2026 23:30,Mosheer Tantawy Axis,"30.0242,31.3486",30.0242,31.3486,62,73,61,0.934222,FALSE,23,30,0,0,0,Free_Flow,7,1
5/18/2026 23:45,Rod El Farag Axis,"30.0881,31.2185",30.0881,31.2185,47,55,64,0.923131,FALSE,23,45,0,0,0,Moderate,13,2
5/19/2026 0:00,Ring Road - Marg,"30.1554,31.3323",30.1554,31.3323,25,75,65,0.911112,FALSE,0,0,1,0,0,Moderate,11,2
5/19/2026 0:15,Ring Road - Moneeb,"29.9881,31.2227",29.9881,31.2227,45,68,18,0.877917,FALSE,0,15,1,0,0,Moderate,12,2
5/19/2026 0:30,Gamaat El Dowal St,"30.0543,31.2005",30.0543,31.2005,62,69,45,0.950125,FALSE,0,30,1,0,0,Free_Flow,6,1
5/19/2026 0:45,Faisal Street,"30.0051,31.1574",30.0051,31.1574,36,56,39,0.90197,FALSE,0,45,1,0,0,Moderate,4,2
5/19/2026 1:00,North 90th Street,"30.0308,31.4721",30.0308,31.4721,46,67,68,0.974038,FALSE,1,0,1,0,0,Moderate,8,2
5/19/2026 1:15,South 90th Street,"30.0195,31.4326",30.0195,31.4326,53,76,69,0.863481,FALSE,1,15,1,0,0,Free_Flow,15,1
5/19/2026 1:30,Ring Road - Maadi,"29.9544,31.2858",29.9544,31.2858,28,69,42,0.987055,FALSE,1,30,1,0,0,Moderate,10,2
5/19/2026 1:45,October Bridge,"30.0526,31.2372",30.0526,31.2372,64,64,37,0.988433,FALSE,1,45,1,0,0,Free_Flow,9,1
5/19/2026 2:00,26th July Corridor,"30.0381,31.0264",30.0381,31.0264,37,61,20,0.877289,FALSE,2,0,1,0,0,Moderate,0,2
5/19/2026 2:15,Abbas El Akkad,"30.0631,31.3341",30.0631,31.3341,65,77,11,0.99076,FALSE,2,15,1,0,0,Free_Flow,1,1
5/19/2026 2:30,Galaa Square,"30.0398,31.2188",30.0398,31.2188,58,63,34,0.87874,FALSE,2,30,1,0,0,Free_Flow,5,1
5/19/2026 2:45,Salah Salem,"30.0645,31.282",30.0645,31.282,42,74,28,0.950844,FALSE,2,45,1,0,0,Moderate,14,2
5/19/2026 3:00,Autostrad - Sheraton,"30.1065,31.3711",30.1065,31.3711,51,71,62,0.931474,FALSE,3,0,1,0,0,Free_Flow,2,1
5/19/2026 3:15,Tahrir Square,"30.0444,31.2357",30.0444,31.2357,61,61,59,0.9617,FALSE,3,15,1,0,0,Free_Flow,16,1
5/19/2026 3:30,Corniche El Nil,"30.0263,31.2268",30.0263,31.2268,26,67,73,0.924319,FALSE,3,30,1,0,0,Moderate,3,2
5/19/2026 3:45,Mosheer Tantawy Axis,"30.0242,31.3486",30.0242,31.3486,65,69,70,0.86644,FALSE,3,45,1,0,0,Free_Flow,7,1
5/19/2026 4:00,Rod El Farag Axis,"30.0881,31.2185",30.0881,31.2185,58,73,19,0.955028,FALSE,4,0,1,0,0,Free_Flow,13,1
5/19/2026 4:15,Ring Road - Marg,"30.1554,31.3323",30.1554,31.3323,65,76,27,0.97396,FALSE,4,15,1,0,0,Free_Flow,11,1
5/19/2026 4:30,Ring Road - Moneeb,"29.9881,31.2227",29.9881,31.2227,42,58,42,0.960771,FALSE,4,30,1,0,0,Moderate,12,2
5/19/2026 4:45,Gamaat El Dowal St,"30.0543,31.2005",30.0543,31.2005,46,61,36,0.939009,FALSE,4,45,1,0,0,Moderate,6,2
5/19/2026 5:00,Faisal Street,"30.0051,31.1574",30.0051,31.1574,47,58,74,0.891278,FALSE,5,0,1,0,0,Moderate,4,2
5/19/2026 5:15,North 90th Street,"30.0308,31.4721",30.0308,31.4721,57,61,26,0.908407,FALSE,5,15,1,0,0,Free_Flow,8,1
5/19/2026 5:30,South 90th Street,"30.0195,31.4326",30.0195,31.4326,52,68,55,0.93052,FALSE,5,30,1,0,0,Free_Flow,15,1
5/19/2026 5:45,Ring Road - Maadi,"29.9544,31.2858",29.9544,31.2858,61,61,35,0.892987,FALSE,5,45,1,0,0,Free_Flow,10,1
5/19/2026 6:00,October Bridge,"30.0526,31.2372",30.0526,31.2372,25,73,56,0.882702,FALSE,6,0,1,0,0,Moderate,9,2
5/19/2026 6:15,26th July Corridor,"30.0381,31.0264",30.0381,31.0264,41,59,13,0.935457,FALSE,6,15,1,0,0,Moderate,0,2
5/19/2026 6:30,Abbas El Akkad,"30.0631,31.3341",30.0631,31.3341,51,55,62,0.862106,FALSE,6,30,1,0,0,Free_Flow,1,1
5/19/2026 6:45,Galaa Square,"30.0398,31.2188",30.0398,31.2188,51,57,23,0.866212,FALSE,6,45,1,0,0,Free_Flow,5,1
5/19/2026 7:00,Salah Salem,"30.0645,31.282",30.0645,31.282,31,68,57,0.977512,FALSE,7,0,1,0,1,Moderate,14,2
5/19/2026 7:15,Autostrad - Sheraton,"30.1065,31.3711",30.1065,31.3711,30,61,82,0.903448,FALSE,7,15,1,0,1,Moderate,2,2
5/19/2026 7:30,Tahrir Square,"30.0444,31.2357",30.0444,31.2357,35,78,93,0.964518,FALSE,7,30,1,0,1,Moderate,16,2
5/19/2026 7:45,Corniche El Nil,"30.0263,31.2268",30.0263,31.2268,18,73,74,0.870934,FALSE,7,45,1,0,1,Congested,3,0
5/19/2026 8:00,Mosheer Tantawy Axis,"30.0242,31.3486",30.0242,31.3486,33,78,82,0.903896,FALSE,8,0,1,0,1,Moderate,7,2
5/19/2026 8:15,Rod El Farag Axis,"30.0881,31.2185",30.0881,31.2185,29,57,118,0.966888,FALSE,8,15,1,0,1,Moderate,13,2
5/19/2026 8:30,Ring Road - Marg,"30.1554,31.3323",30.1554,31.3323,27,66,86,0.905621,FALSE,8,30,1,0,1,Moderate,11,2
5/19/2026 8:45,Ring Road - Moneeb,"29.9881,31.2227",29.9881,31.2227,21,68,110,0.928757,FALSE,8,45,1,0,1,Moderate,12,2
5/19/2026 9:00,Gamaat El Dowal St,"30.0543,31.2005",30.0543,31.2005,14,64,113,0.972338,FALSE,9,0,1,0,1,Congested,6,0
5/19/2026 9:15,Faisal Street,"30.0051,31.1574",30.0051,31.1574,17,60,43,0.995154,FALSE,9,15,1,0,1,Congested,4,0
5/19/2026 9:30,North 90th Street,"30.0308,31.4721",30.0308,31.4721,24,72,98,0.85356,FALSE,9,30,1,0,1,Moderate,8,2
5/19/2026 9:45,South 90th Street,"30.0195,31.4326",30.0195,31.4326,34,60,73,0.866827,FALSE,9,45,1,0,1,Moderate,15,2
5/19/2026 10:00,Ring Road - Maadi,"29.9544,31.2858",29.9544,31.2858,35,63,53,0.903822,FALSE,10,0,1,0,0,Moderate,10,2
5/19/2026 10:15,October Bridge,"30.0526,31.2372",30.0526,31.2372,29,61,45,0.978699,FALSE,10,15,1,0,0,Moderate,9,2
5/19/2026 10:30,26th July Corridor,"30.0381,31.0264",30.0381,31.0264,15,55,117,0.918645,FALSE,10,30,1,0,0,Congested,0,0
5/19/2026 10:45,Abbas El Akkad,"30.0631,31.3341",30.0631,31.3341,22,62,55,0.896273,FALSE,10,45,1,0,0,Moderate,1,2
5/19/2026 11:00,Galaa Square,"30.0398,31.2188",30.0398,31.2188,48,58,36,0.956911,FALSE,11,0,1,0,0,Moderate,5,2
5/19/2026 11:15,Salah Salem,"30.0645,31.282",30.0645,31.282,45,80,57,0.964715,FALSE,11,15,1,0,0,Moderate,14,2
5/19/2026 11:30,Autostrad - Sheraton,"30.1065,31.3711",30.1065,31.3711,52,56,39,0.892761,FALSE,11,30,1,0,0,Free_Flow,2,1
5/19/2026 11:45,Tahrir Square,"30.0444,31.2357",30.0444,31.2357,26,60,71,0.928536,FALSE,11,45,1,0,0,Moderate,16,2
5/19/2026 12:00,Corniche El Nil,"30.0263,31.2268",30.0263,31.2268,47,78,78,0.978182,FALSE,12,0,1,0,0,Moderate,3,2
5/19/2026 12:15,Mosheer Tantawy Axis,"30.0242,31.3486",30.0242,31.3486,57,57,35,0.87548,FALSE,12,15,1,0,0,Free_Flow,7,1
5/19/2026 12:30,Rod El Farag Axis,"30.0881,31.2185",30.0881,31.2185,53,62,59,0.980958,FALSE,12,30,1,0,0,Free_Flow,13,1
5/19/2026 12:45,Ring Road - Marg,"30.1554,31.3323",30.1554,31.3323,40,68,64,0.945973,FALSE,12,45,1,0,0,Moderate,11,2
5/19/2026 13:00,Ring Road - Moneeb,"29.9881,31.2227",29.9881,31.2227,56,73,78,0.873744,FALSE,13,0,1,0,0,Free_Flow,12,1
5/19/2026 13:15,Gamaat El Dowal St,"30.0543,31.2005",30.0543,31.2005,32,57,24,0.875889,FALSE,13,15,1,0,0,Moderate,6,2
5/19/2026 13:30,Faisal Street,"30.0051,31.1574",30.0051,31.1574,39,76,51,0.894634,FALSE,13,30,1,0,0,Moderate,4,2
5/19/2026 13:45,North 90th Street,"30.0308,31.4721",30.0308,31.4721,64,76,69,0.86439,FALSE,13,45,1,0,0,Free_Flow,8,1
5/19/2026 14:00,South 90th Street,"30.0195,31.4326",30.0195,31.4326,33,59,13,0.959382,FALSE,14,0,1,0,0,Moderate,15,2
5/19/2026 14:15,Ring Road - Maadi,"29.9544,31.2858",29.9544,31.2858,27,73,70,0.914382,FALSE,14,15,1,0,0,Moderate,10,2
5/19/2026 14:30,October Bridge,"30.0526,31.2372",30.0526,31.2372,40,68,78,0.901085,FALSE,14,30,1,0,0,Moderate,9,2
5/19/2026 14:45,26th July Corridor,"30.0381,31.0264",30.0381,31.0264,60,61,67,0.915076,FALSE,14,45,1,0,0,Free_Flow,0,1
5/19/2026 15:00,Abbas El Akkad,"30.0631,31.3341",30.0631,31.3341,60,77,30,0.89907,FALSE,15,0,1,0,0,Free_Flow,1,1
5/19/2026 15:15,Galaa Square,"30.0398,31.2188",30.0398,31.2188,28,58,10,0.982949,FALSE,15,15,1,0,0,Moderate,5,2
5/19/2026 15:30,Salah Salem,"30.0645,31.282",30.0645,31.282,55,62,13,0.865558,FALSE,15,30,1,0,0,Free_Flow,14,1
5/19/2026 15:45,Autostrad - Sheraton,"30.1065,31.3711",30.1065,31.3711,46,57,69,0.997363,FALSE,15,45,1,0,0,Moderate,2,2
5/19/2026 16:00,Tahrir Square,"30.0444,31.2357",30.0444,31.2357,35,78,110,0.865024,FALSE,16,0,1,0,1,Moderate,16,2
5/19/2026 16:15,Corniche El Nil,"30.0263,31.2268",30.0263,31.2268,27,68,86,0.981116,FALSE,16,15,1,0,1,Moderate,3,2
5/19/2026 16:30,Mosheer Tantawy Axis,"30.0242,31.3486",30.0242,31.3486,29,70,74,0.994947,FALSE,16,30,1,0,1,Moderate,7,2
5/19/2026 16:45,Rod El Farag Axis,"30.0881,31.2185",30.0881,31.2185,24,75,50,0.983517,FALSE,16,45,1,0,1,Moderate,13,2
5/19/2026 17:00,Ring Road - Marg,"30.1554,31.3323",30.1554,31.3323,20,59,49,0.888727,FALSE,17,0,1,0,1,Moderate,11,2
5/19/2026 17:15,Ring Road - Moneeb,"29.9881,31.2227",29.9881,31.2227,35,63,40,0.898774,FALSE,17,15,1,0,1,Moderate,12,2
5/19/2026 17:30,Gamaat El Dowal St,"30.0543,31.2005",30.0543,31.2005,10,78,58,0.858105,FALSE,17,30,1,0,1,Congested,6,0
5/19/2026 17:45,Faisal Street,"30.0051,31.1574",30.0051,31.1574,13,80,57,0.877883,FALSE,17,45,1,0,1,Congested,4,0
5/19/2026 18:00,North 90th Street,"30.0308,31.4721",30.0308,31.4721,28,58,64,0.894213,FALSE,18,0,1,0,1,Moderate,8,2
5/19/2026 18:15,South 90th Street,"30.0195,31.4326",30.0195,31.4326,22,60,113,0.869763,FALSE,18,15,1,0,1,Moderate,15,2
5/19/2026 18:30,Ring Road - Maadi,"29.9544,31.2858",29.9544,31.2858,18,74,79,0.963414,FALSE,18,30,1,0,1,Congested,10,0
5/19/2026 18:45,October Bridge,"30.0526,31.2372",30.0526,31.2372,35,57,41,0.885447,FALSE,18,45,1,0,1,Moderate,9,2
5/19/2026 19:00,26th July Corridor,"30.0381,31.0264",30.0381,31.0264,23,76,95,0.955499,FALSE,19,0,1,0,1,Moderate,0,2
5/19/2026 19:15,Abbas El Akkad,"30.0631,31.3341",30.0631,31.3341,28,70,63,0.952015,FALSE,19,15,1,0,1,Moderate,1,2
5/19/2026 19:30,Galaa Square,"30.0398,31.2188",30.0398,31.2188,30,66,54,0.854041,FALSE,19,30,1,0,1,Moderate,5,2
5/19/2026 19:45,Salah Salem,"30.0645,31.282",30.0645,31.282,33,69,87,0.864625,FALSE,19,45,1,0,1,Moderate,14,2
5/19/2026 20:00,Autostrad - Sheraton,"30.1065,31.3711",30.1065,31.3711,33,62,43,0.994247,FALSE,20,0,1,0,0,Moderate,2,2
5/19/2026 20:15,Tahrir Square,"30.0444,31.2357",30.0444,31.2357,12,58,46,0.860641,FALSE,20,15,1,0,0,Congested,16,0
5/19/2026 20:30,Corniche El Nil,"30.0263,31.2268",30.0263,31.2268,10,68,76,0.880848,FALSE,20,30,1,0,0,Congested,3,0
5/19/2026 20:45,Mosheer Tantawy Axis,"30.0242,31.3486",30.0242,31.3486,24,67,89,0.958288,FALSE,20,45,1,0,0,Moderate,7,2
5/19/2026 21:00,Rod El Farag Axis,"30.0881,31.2185",30.0881,31.2185,52,76,78,0.912803,FALSE,21,0,1,0,0,Free_Flow,13,1
5/19/2026 21:15,Ring Road - Marg,"30.1554,31.3323",30.1554,31.3323,54,78,64,0.944892,FALSE,21,15,1,0,0,Free_Flow,11,1
5/19/2026 21:30,Ring Road - Moneeb,"29.9881,31.2227",29.9881,31.2227,43,62,39,0.971318,FALSE,21,30,1,0,0,Moderate,12,2
5/19/2026 21:45,Gamaat El Dowal St,"30.0543,31.2005",30.0543,31.2005,41,76,19,0.94988,FALSE,21,45,1,0,0,Moderate,6,2
5/19/2026 22:00,Faisal Street,"30.0051,31.1574",30.0051,31.1574,25,64,27,0.876425,FALSE,22,0,1,0,0,Moderate,4,2
5/19/2026 22:15,North 90th Street,"30.0308,31.4721",30.0308,31.4721,56,69,31,0.975758,FALSE,22,15,1,0,0,Free_Flow,8,1
5/19/2026 22:30,South 90th Street,"30.0195,31.4326",30.0195,31.4326,58,58,25,0.952892,FALSE,22,30,1,0,0,Free_Flow,15,1
5/19/2026 22:45,Ring Road - Maadi,"29.9544,31.2858",29.9544,31.2858,63,68,37,0.913148,FALSE,22,45,1,0,0,Free_Flow,10,1
5/19/2026 23:00,October Bridge,"30.0526,31.2372",30.0526,31.2372,36,66,73,0.944886,FALSE,23,0,1,0,0,Moderate,9,2
5/19/2026 23:15,26th July Corridor,"30.0381,31.0264",30.0381,31.0264,63,78,21,0.896633,FALSE,23,15,1,0,0,Free_Flow,0,1
5/19/2026 23:30,Abbas El Akkad,"30.0631,31.3341",30.0631,31.3341,34,75,62,0.85297,FALSE,23,30,1,0,0,Moderate,1,2
5/19/2026 23:45,Galaa Square,"30.0398,31.2188",30.0398,31.2188,55,55,32,0.975728,FALSE,23,45,1,0,0,Free_Flow,5,1
5/20/2026 0:00,Salah Salem,"30.0645,31.282",30.0645,31.282,57,77,43,0.944009,FALSE,0,0,2,0,0,Free_Flow,14,1
5/20/2026 0:15,Autostrad - Sheraton,"30.1065,31.3711",30.1065,31.3711,56,58,79,0.940283,FALSE,0,15,2,0,0,Free_Flow,2,1
5/20/2026 0:30,Tahrir Square,"30.0444,31.2357",30.0444,31.2357,40,57,26,0.941042,FALSE,0,30,2,0,0,Moderate,16,2
5/20/2026 0:45,Corniche El Nil,"30.0263,31.2268",30.0263,31.2268,31,74,77,0.995757,FALSE,0,45,2,0,0,Moderate,3,2
5/20/2026 1:00,Mosheer Tantawy Axis,"30.0242,31.3486",30.0242,31.3486,37,79,25,0.856276,FALSE,1,0,2,0,0,Moderate,7,2
5/20/2026 1:15,Rod El Farag Axis,"30.0881,31.2185",30.0881,31.2185,33,72,49,0.99546,FALSE,1,15,2,0,0,Moderate,13,2
5/20/2026 1:30,Ring Road - Marg,"30.1554,31.3323",30.1554,31.3323,50,67,18,0.984355,FALSE,1,30,2,0,0,Free_Flow,11,1
5/20/2026 1:45,Ring Road - Moneeb,"29.9881,31.2227",29.9881,31.2227,36,62,61,0.978009,FALSE,1,45,2,0,0,Moderate,12,2
5/20/2026 2:00,Gamaat El Dowal St,"30.0543,31.2005",30.0543,31.2005,62,78,15,0.891926,FALSE,2,0,2,0,0,Free_Flow,6,1
5/20/2026 2:15,Faisal Street,"30.0051,31.1574",30.0051,31.1574,52,69,33,0.897547,FALSE,2,15,2,0,0,Free_Flow,4,1
5/20/2026 2:30,North 90th Street,"30.0308,31.4721",30.0308,31.4721,47,58,18,0.905451,FALSE,2,30,2,0,0,Moderate,8,2
5/20/2026 2:45,South 90th Street,"30.0195,31.4326",30.0195,31.4326,44,64,77,0.926666,FALSE,2,45,2,0,0,Moderate,15,2
5/20/2026 3:00,Ring Road - Maadi,"29.9544,31.2858",29.9544,31.2858,46,76,37,0.888564,FALSE,3,0,2,0,0,Moderate,10,2
5/20/2026 3:15,October Bridge,"30.0526,31.2372",30.0526,31.2372,34,68,74,0.960718,FALSE,3,15,2,0,0,Moderate,9,2
5/20/2026 3:30,26th July Corridor,"30.0381,31.0264",30.0381,31.0264,31,76,17,0.863492,FALSE,3,30,2,0,0,Moderate,0,2
5/20/2026 3:45,Abbas El Akkad,"30.0631,31.3341",30.0631,31.3341,49,55,41,0.976907,FALSE,3,45,2,0,0,Moderate,1,2
5/20/2026 4:00,Galaa Square,"30.0398,31.2188",30.0398,31.2188,46,57,55,0.908254,FALSE,4,0,2,0,0,Moderate,5,2
5/20/2026 4:15,Salah Salem,"30.0645,31.282",30.0645,31.282,65,68,32,0.913614,FALSE,4,15,2,0,0,Free_Flow,14,1
5/20/2026 4:30,Autostrad - Sheraton,"30.1065,31.3711",30.1065,31.3711,65,70,18,0.968136,FALSE,4,30,2,0,0,Free_Flow,2,1
5/20/2026 4:45,Tahrir Square,"30.0444,31.2357",30.0444,31.2357,53,66,80,0.997799,FALSE,4,45,2,0,0,Free_Flow,16,1
5/20/2026 5:00,Corniche El Nil,"30.0263,31.2268",30.0263,31.2268,25,55,35,0.915128,FALSE,5,0,2,0,0,Moderate,3,2
5/20/2026 5:15,Mosheer Tantawy Axis,"30.0242,31.3486",30.0242,31.3486,54,78,16,0.876758,FALSE,5,15,2,0,0,Free_Flow,7,1
5/20/2026 5:30,Rod El Farag Axis,"30.0881,31.2185",30.0881,31.2185,58,61,63,0.99764,FALSE,5,30,2,0,0,Free_Flow,13,1
5/20/2026 5:45,Ring Road - Marg,"30.1554,31.3323",30.1554,31.3323,45,76,46,0.870348,FALSE,5,45,2,0,0,Moderate,11,2
5/20/2026 6:00,Ring Road - Moneeb,"29.9881,31.2227",29.9881,31.2227,27,71,27,0.982075,FALSE,6,0,2,0,0,Moderate,12,2
5/20/2026 6:15,Gamaat El Dowal St,"30.0543,31.2005",30.0543,31.2005,25,60,33,0.961631,FALSE,6,15,2,0,0,Moderate,6,2
5/20/2026 6:30,Faisal Street,"30.0051,31.1574",30.0051,31.1574,52,65,68,0.876915,FALSE,6,30,2,0,0,Free_Flow,4,1
5/20/2026 6:45,North 90th Street,"30.0308,31.4721",30.0308,31.4721,29,55,78,0.992419,FALSE,6,45,2,0,0,Moderate,8,2
5/20/2026 7:00,South 90th Street,"30.0195,31.4326",30.0195,31.4326,22,75,72,0.973951,FALSE,7,0,2,0,1,Moderate,15,2
5/20/2026 7:15,Ring Road - Maadi,"29.9544,31.2858",29.9544,31.2858,26,76,68,0.877278,FALSE,7,15,2,0,1,Moderate,10,2
5/20/2026 7:30,October Bridge,"30.0526,31.2372",30.0526,31.2372,17,67,109,0.899964,FALSE,7,30,2,0,1,Congested,9,0
5/20/2026 7:45,26th July Corridor,"30.0381,31.0264",30.0381,31.0264,28,61,79,0.887246,FALSE,7,45,2,0,1,Moderate,0,2
5/20/2026 8:00,Abbas El Akkad,"30.0631,31.3341",30.0631,31.3341,30,59,92,0.936973,FALSE,8,0,2,0,1,Moderate,1,2
5/20/2026 8:15,Galaa Square,"30.0398,31.2188",30.0398,31.2188,25,55,48,0.876757,FALSE,8,15,2,0,1,Moderate,5,2
5/20/2026 8:30,Salah Salem,"30.0645,31.282",30.0645,31.282,12,78,103,0.852567,FALSE,8,30,2,0,1,Congested,14,0
5/20/2026 8:45,Autostrad - Sheraton,"30.1065,31.3711",30.1065,31.3711,21,72,90,0.878806,FALSE,8,45,2,0,1,Moderate,2,2
5/20/2026 9:00,Tahrir Square,"30.0444,31.2357",30.0444,31.2357,21,77,79,0.852122,FALSE,9,0,2,0,1,Moderate,16,2
5/20/2026 9:15,Corniche El Nil,"30.0263,31.2268",30.0263,31.2268,28,80,90,0.995513,FALSE,9,15,2,0,1,Moderate,3,2
5/20/2026 9:30,Mosheer Tantawy Axis,"30.0242,31.3486",30.0242,31.3486,22,71,60,0.937981,FALSE,9,30,2,0,1,Moderate,7,2
5/20/2026 9:45,Rod El Farag Axis,"30.0881,31.2185",30.0881,31.2185,33,63,82,0.878293,FALSE,9,45,2,0,1,Moderate,13,2
5/20/2026 10:00,Ring Road - Marg,"30.1554,31.3323",30.1554,31.3323,26,55,115,0.941603,FALSE,10,0,2,0,0,Moderate,11,2
5/20/2026 10:15,Ring Road - Moneeb,"29.9881,31.2227",29.9881,31.2227,30,67,102,0.944934,FALSE,10,15,2,0,0,Moderate,12,2
5/20/2026 10:30,Gamaat El Dowal St,"30.0543,31.2005",30.0543,31.2005,11,77,63,0.870372,FALSE,10,30,2,0,0,Congested,6,0
5/20/2026 10:45,Faisal Street,"30.0051,31.1574",30.0051,31.1574,34,62,119,0.867785,FALSE,10,45,2,0,0,Moderate,4,2
5/20/2026 11:00,North 90th Street,"30.0308,31.4721",30.0308,31.4721,27,72,62,0.944823,FALSE,11,0,2,0,0,Moderate,8,2
5/20/2026 11:15,South 90th Street,"30.0195,31.4326",30.0195,31.4326,56,70,65,0.997539,FALSE,11,15,2,0,0,Free_Flow,15,1
5/20/2026 11:30,Ring Road - Maadi,"29.9544,31.2858",29.9544,31.2858,29,74,19,0.940484,FALSE,11,30,2,0,0,Moderate,10,2
5/20/2026 11:45,October Bridge,"30.0526,31.2372",30.0526,31.2372,43,70,41,0.883572,FALSE,11,45,2,0,0,Moderate,9,2
5/20/2026 12:00,26th July Corridor,"30.0381,31.0264",30.0381,31.0264,42,60,11,0.900092,FALSE,12,0,2,0,0,Moderate,0,2
5/20/2026 12:15,Abbas El Akkad,"30.0631,31.3341",30.0631,31.3341,28,74,77,0.958663,FALSE,12,15,2,0,0,Moderate,1,2
5/20/2026 12:30,Galaa Square,"30.0398,31.2188",30.0398,31.2188,44,79,61,0.909642,FALSE,12,30,2,0,0,Moderate,5,2
5/20/2026 12:45,Salah Salem,"30.0645,31.282",30.0645,31.282,29,65,53,0.967343,FALSE,12,45,2,0,0,Moderate,14,2
5/20/2026 13:00,Autostrad - Sheraton,"30.1065,31.3711",30.1065,31.3711,65,72,55,0.889488,FALSE,13,0,2,0,0,Free_Flow,2,1
5/20/2026 13:15,Tahrir Square,"30.0444,31.2357",30.0444,31.2357,47,62,35,0.904992,FALSE,13,15,2,0,0,Moderate,16,2
5/20/2026 13:30,Corniche El Nil,"30.0263,31.2268",30.0263,31.2268,56,71,23,0.969048,FALSE,13,30,2,0,0,Free_Flow,3,1
5/20/2026 13:45,Mosheer Tantawy Axis,"30.0242,31.3486",30.0242,31.3486,36,70,55,0.869639,FALSE,13,45,2,0,0,Moderate,7,2
5/20/2026 14:00,Rod El Farag Axis,"30.0881,31.2185",30.0881,31.2185,64,64,50,0.939417,FALSE,14,0,2,0,0,Free_Flow,13,1
5/20/2026 14:15,Ring Road - Marg,"30.1554,31.3323",30.1554,31.3323,28,57,32,0.874002,FALSE,14,15,2,0,0,Moderate,11,2
5/20/2026 14:30,Ring Road - Moneeb,"29.9881,31.2227",29.9881,31.2227,59,59,37,0.951995,FALSE,14,30,2,0,0,Free_Flow,12,1
5/20/2026 14:45,Gamaat El Dowal St,"30.0543,31.2005",30.0543,31.2005,63,73,70,0.896014,FALSE,14,45,2,0,0,Free_Flow,6,1
5/20/2026 15:00,Faisal Street,"30.0051,31.1574",30.0051,31.1574,64,66,66,0.903093,FALSE,15,0,2,0,0,Free_Flow,4,1
5/20/2026 15:15,North 90th Street,"30.0308,31.4721",30.0308,31.4721,50,72,12,0.921844,FALSE,15,15,2,0,0,Free_Flow,8,1
5/20/2026 15:30,South 90th Street,"30.0195,31.4326",30.0195,31.4326,59,80,66,0.896483,FALSE,15,30,2,0,0,Free_Flow,15,1
5/20/2026 15:45,Ring Road - Maadi,"29.9544,31.2858",29.9544,31.2858,58,74,11,0.915711,FALSE,15,45,2,0,0,Free_Flow,10,1
5/20/2026 16:00,October Bridge,"30.0526,31.2372",30.0526,31.2372,23,64,83,0.945191,FALSE,16,0,2,0,1,Moderate,9,2
5/20/2026 16:15,26th July Corridor,"30.0381,31.0264",30.0381,31.0264,18,78,51,0.919115,FALSE,16,15,2,0,1,Congested,0,0
5/20/2026 16:30,Abbas El Akkad,"30.0631,31.3341",30.0631,31.3341,30,67,110,0.915609,FALSE,16,30,2,0,1,Moderate,1,2
5/20/2026 16:45,Galaa Square,"30.0398,31.2188",30.0398,31.2188,19,80,71,0.886718,FALSE,16,45,2,0,1,Congested,5,0
5/20/2026 17:00,Salah Salem,"30.0645,31.282",30.0645,31.282,24,56,103,0.943845,FALSE,17,0,2,0,1,Moderate,14,2
5/20/2026 17:15,Autostrad - Sheraton,"30.1065,31.3711",30.1065,31.3711,29,75,109,0.877474,FALSE,17,15,2,0,1,Moderate,2,2
5/20/2026 17:30,Tahrir Square,"30.0444,31.2357",30.0444,31.2357,23,65,111,0.942783,FALSE,17,30,2,0,1,Moderate,16,2
5/20/2026 17:45,Corniche El Nil,"30.0263,31.2268",30.0263,31.2268,10,76,60,0.944173,FALSE,17,45,2,0,1,Congested,3,0
5/20/2026 18:00,Mosheer Tantawy Axis,"30.0242,31.3486",30.0242,31.3486,27,74,67,0.986926,FALSE,18,0,2,0,1,Moderate,7,2
5/20/2026 18:15,Rod El Farag Axis,"30.0881,31.2185",30.0881,31.2185,27,59,44,0.921286,FALSE,18,15,2,0,1,Moderate,13,2
5/20/2026 18:30,Ring Road - Marg,"30.1554,31.3323",30.1554,31.3323,16,70,75,0.95824,FALSE,18,30,2,0,1,Congested,11,0
5/20/2026 18:45,Ring Road - Moneeb,"29.9881,31.2227",29.9881,31.2227,21,63,84,0.873119,FALSE,18,45,2,0,1,Moderate,12,2
5/20/2026 19:00,Gamaat El Dowal St,"30.0543,31.2005",30.0543,31.2005,35,67,102,0.853881,FALSE,19,0,2,0,1,Moderate,6,2
5/20/2026 19:15,Faisal Street,"30.0051,31.1574",30.0051,31.1574,33,66,59,0.934562,FALSE,19,15,2,0,1,Moderate,4,2
5/20/2026 19:30,North 90th Street,"30.0308,31.4721",30.0308,31.4721,33,68,109,0.979585,FALSE,19,30,2,0,1,Moderate,8,2
5/20/2026 19:45,South 90th Street,"30.0195,31.4326",30.0195,31.4326,34,70,109,0.869167,FALSE,19,45,2,0,1,Moderate,15,2
5/20/2026 20:00,Ring Road - Maadi,"29.9544,31.2858",29.9544,31.2858,11,57,110,0.995636,FALSE,20,0,2,0,0,Congested,10,0
5/20/2026 20:15,October Bridge,"30.0526,31.2372",30.0526,31.2372,34,66,94,0.89062,FALSE,20,15,2,0,0,Moderate,9,2
5/20/2026 20:30,26th July Corridor,"30.0381,31.0264",30.0381,31.0264,30,79,70,0.936752,FALSE,20,30,2,0,0,Moderate,0,2
5/20/2026 20:45,Abbas El Akkad,"30.0631,31.3341",30.0631,31.3341,31,58,81,0.875788,FALSE,20,45,2,0,0,Moderate,1,2
5/20/2026 21:00,Galaa Square,"30.0398,31.2188",30.0398,31.2188,65,65,65,0.943503,FALSE,21,0,2,0,0,Free_Flow,5,1
5/20/2026 21:15,Salah Salem,"30.0645,31.282",30.0645,31.282,41,79,27,0.879101,FALSE,21,15,2,0,0,Moderate,14,2
5/20/2026 21:30,Autostrad - Sheraton,"30.1065,31.3711",30.1065,31.3711,32,78,68,0.989429,FALSE,21,30,2,0,0,Moderate,2,2
5/20/2026 21:45,Tahrir Square,"30.0444,31.2357",30.0444,31.2357,60,75,13,0.934972,FALSE,21,45,2,0,0,Free_Flow,16,1
5/20/2026 22:00,Corniche El Nil,"30.0263,31.2268",30.0263,31.2268,45,72,60,0.99987,FALSE,22,0,2,0,0,Moderate,3,2
5/20/2026 22:15,Mosheer Tantawy Axis,"30.0242,31.3486",30.0242,31.3486,28,77,51,0.967896,FALSE,22,15,2,0,0,Moderate,7,2
5/20/2026 22:30,Rod El Farag Axis,"30.0881,31.2185",30.0881,31.2185,56,77,16,0.926697,FALSE,22,30,2,0,0,Free_Flow,13,1
5/20/2026 22:45,Ring Road - Marg,"30.1554,31.3323",30.1554,31.3323,40,72,58,0.958552,FALSE,22,45,2,0,0,Moderate,11,2
5/20/2026 23:00,Ring Road - Moneeb,"29.9881,31.2227",29.9881,31.2227,60,76,78,0.899994,FALSE,23,0,2,0,0,Free_Flow,12,1
5/20/2026 23:15,Gamaat El Dowal St,"30.0543,31.2005",30.0543,31.2005,63,63,13,0.874607,FALSE,23,15,2,0,0,Free_Flow,6,1
5/20/2026 23:30,Faisal Street,"30.0051,31.1574",30.0051,31.1574,47,65,69,0.894651,FALSE,23,30,2,0,0,Moderate,4,2
5/20/2026 23:45,North 90th Street,"30.0308,31.4721",30.0308,31.4721,55,55,49,0.990916,FALSE,23,45,2,0,0,Free_Flow,8,1
5/21/2026 0:00,South 90th Street,"30.0195,31.4326",30.0195,31.4326,31,76,69,0.919032,FALSE,0,0,3,0,0,Moderate,15,2
5/21/2026 0:15,Ring Road - Maadi,"29.9544,31.2858",29.9544,31.2858,41,78,69,0.945063,FALSE,0,15,3,0,0,Moderate,10,2
5/21/2026 0:30,October Bridge,"30.0526,31.2372",30.0526,31.2372,30,65,47,0.857694,FALSE,0,30,3,0,0,Moderate,9,2
5/21/2026 0:45,26th July Corridor,"30.0381,31.0264",30.0381,31.0264,50,69,59,0.919389,FALSE,0,45,3,0,0,Free_Flow,0,1
5/21/2026 1:00,Abbas El Akkad,"30.0631,31.3341",30.0631,31.3341,57,74,23,0.903875,FALSE,1,0,3,0,0,Free_Flow,1,1
5/21/2026 1:15,Galaa Square,"30.0398,31.2188",30.0398,31.2188,26,59,38,0.983386,FALSE,1,15,3,0,0,Moderate,5,2
5/21/2026 1:30,Salah Salem,"30.0645,31.282",30.0645,31.282,54,78,16,0.993276,FALSE,1,30,3,0,0,Free_Flow,14,1
5/21/2026 1:45,Autostrad - Sheraton,"30.1065,31.3711",30.1065,31.3711,34,59,26,0.984241,FALSE,1,45,3,0,0,Moderate,2,2
5/21/2026 2:00,Tahrir Square,"30.0444,31.2357",30.0444,31.2357,65,65,63,0.967822,FALSE,2,0,3,0,0,Free_Flow,16,1
5/21/2026 2:15,Corniche El Nil,"30.0263,31.2268",30.0263,31.2268,27,69,61,0.999262,FALSE,2,15,3,0,0,Moderate,3,2
5/21/2026 2:30,Mosheer Tantawy Axis,"30.0242,31.3486",30.0242,31.3486,49,79,76,0.962463,FALSE,2,30,3,0,0,Moderate,7,2
5/21/2026 2:45,Rod El Farag Axis,"30.0881,31.2185",30.0881,31.2185,34,78,17,0.971684,FALSE,2,45,3,0,0,Moderate,13,2
5/21/2026 3:00,Ring Road - Marg,"30.1554,31.3323",30.1554,31.3323,43,73,56,0.877791,FALSE,3,0,3,0,0,Moderate,11,2
5/21/2026 3:15,Ring Road - Moneeb,"29.9881,31.2227",29.9881,31.2227,65,65,59,0.895607,FALSE,3,15,3,0,0,Free_Flow,12,1
5/21/2026 3:30,Gamaat El Dowal St,"30.0543,31.2005",30.0543,31.2005,55,60,60,0.914051,FALSE,3,30,3,0,0,Free_Flow,6,1
5/21/2026 3:45,Faisal Street,"30.0051,31.1574",30.0051,31.1574,54,72,68,0.940929,FALSE,3,45,3,0,0,Free_Flow,4,1
5/21/2026 4:00,North 90th Street,"30.0308,31.4721",30.0308,31.4721,46,57,46,0.948363,FALSE,4,0,3,0,0,Moderate,8,2
5/21/2026 4:15,South 90th Street,"30.0195,31.4326",30.0195,31.4326,59,80,49,0.91304,FALSE,4,15,3,0,0,Free_Flow,15,1
5/21/2026 4:30,Ring Road - Maadi,"29.9544,31.2858",29.9544,31.2858,28,60,40,0.879797,FALSE,4,30,3,0,0,Moderate,10,2
5/21/2026 4:45,October Bridge,"30.0526,31.2372",30.0526,31.2372,61,61,38,0.979192,FALSE,4,45,3,0,0,Free_Flow,9,1
5/21/2026 5:00,26th July Corridor,"30.0381,31.0264",30.0381,31.0264,61,61,10,0.854604,FALSE,5,0,3,0,0,Free_Flow,0,1
5/21/2026 5:15,Abbas El Akkad,"30.0631,31.3341",30.0631,31.3341,50,61,33,0.891524,FALSE,5,15,3,0,0,Free_Flow,1,1
5/21/2026 5:30,Galaa Square,"30.0398,31.2188",30.0398,31.2188,34,63,10,0.945128,FALSE,5,30,3,0,0,Moderate,5,2
5/21/2026 5:45,Salah Salem,"30.0645,31.282",30.0645,31.282,28,77,13,0.909796,FALSE,5,45,3,0,0,Moderate,14,2
5/21/2026 6:00,Autostrad - Sheraton,"30.1065,31.3711",30.1065,31.3711,48,76,77,0.890205,FALSE,6,0,3,0,0,Moderate,2,2
5/21/2026 6:15,Tahrir Square,"30.0444,31.2357",30.0444,31.2357,25,59,14,0.969708,FALSE,6,15,3,0,0,Moderate,16,2
5/21/2026 6:30,Corniche El Nil,"30.0263,31.2268",30.0263,31.2268,31,63,36,0.896789,FALSE,6,30,3,0,0,Moderate,3,2
5/21/2026 6:45,Mosheer Tantawy Axis,"30.0242,31.3486",30.0242,31.3486,63,68,47,0.946283,FALSE,6,45,3,0,0,Free_Flow,7,1
5/21/2026 7:00,Rod El Farag Axis,"30.0881,31.2185",30.0881,31.2185,28,71,115,0.913819,FALSE,7,0,3,0,1,Moderate,13,2
5/21/2026 7:15,Ring Road - Marg,"30.1554,31.3323",30.1554,31.3323,23,80,80,0.912643,FALSE,7,15,3,0,1,Moderate,11,2
5/21/2026 7:30,Ring Road - Moneeb,"29.9881,31.2227",29.9881,31.2227,12,72,61,0.852983,FALSE,7,30,3,0,1,Congested,12,0
5/21/2026 7:45,Gamaat El Dowal St,"30.0543,31.2005",30.0543,31.2005,34,73,54,0.931349,FALSE,7,45,3,0,1,Moderate,6,2
5/21/2026 8:00,Faisal Street,"30.0051,31.1574",30.0051,31.1574,18,58,101,0.997516,FALSE,8,0,3,0,1,Congested,4,0
5/21/2026 8:15,North 90th Street,"30.0308,31.4721",30.0308,31.4721,10,77,119,0.926009,FALSE,8,15,3,0,1,Congested,8,0
5/21/2026 8:30,South 90th Street,"30.0195,31.4326",30.0195,31.4326,30,55,86,0.850522,FALSE,8,30,3,0,1,Moderate,15,2
5/21/2026 8:45,Ring Road - Maadi,"29.9544,31.2858",29.9544,31.2858,29,62,71,0.852087,FALSE,8,45,3,0,1,Moderate,10,2
5/21/2026 9:00,October Bridge,"30.0526,31.2372",30.0526,31.2372,22,62,54,0.872574,FALSE,9,0,3,0,1,Moderate,9,2
5/21/2026 9:15,26th July Corridor,"30.0381,31.0264",30.0381,31.0264,20,62,112,0.877961,FALSE,9,15,3,0,1,Moderate,0,2
5/21/2026 9:30,Abbas El Akkad,"30.0631,31.3341",30.0631,31.3341,21,68,51,0.918116,FALSE,9,30,3,0,1,Moderate,1,2
5/21/2026 9:45,Galaa Square,"30.0398,31.2188",30.0398,31.2188,31,59,118,0.864857,FALSE,9,45,3,0,1,Moderate,5,2
5/21/2026 10:00,Salah Salem,"30.0645,31.282",30.0645,31.282,19,68,111,0.920464,FALSE,10,0,3,0,0,Congested,14,0
5/21/2026 10:15,Autostrad - Sheraton,"30.1065,31.3711",30.1065,31.3711,30,67,42,0.964656,FALSE,10,15,3,0,0,Moderate,2,2
5/21/2026 10:30,Tahrir Square,"30.0444,31.2357",30.0444,31.2357,13,73,114,0.978397,FALSE,10,30,3,0,0,Congested,16,0
5/21/2026 10:45,Corniche El Nil,"30.0263,31.2268",30.0263,31.2268,24,68,119,0.928752,FALSE,10,45,3,0,0,Moderate,3,2
5/21/2026 11:00,Mosheer Tantawy Axis,"30.0242,31.3486",30.0242,31.3486,37,55,76,0.958962,FALSE,11,0,3,0,0,Moderate,7,2
5/21/2026 11:15,Rod El Farag Axis,"30.0881,31.2185",30.0881,31.2185,52,56,19,0.931125,FALSE,11,15,3,0,0,Free_Flow,13,1
5/21/2026 11:30,Ring Road - Marg,"30.1554,31.3323",30.1554,31.3323,56,72,71,0.945537,FALSE,11,30,3,0,0,Free_Flow,11,1
5/21/2026 11:45,Ring Road - Moneeb,"29.9881,31.2227",29.9881,31.2227,35,55,36,0.851866,FALSE,11,45,3,0,0,Moderate,12,2
5/21/2026 12:00,Gamaat El Dowal St,"30.0543,31.2005",30.0543,31.2005,38,60,37,0.894163,FALSE,12,0,3,0,0,Moderate,6,2
5/21/2026 12:15,Faisal Street,"30.0051,31.1574",30.0051,31.1574,61,79,67,0.933979,FALSE,12,15,3,0,0,Free_Flow,4,1
5/21/2026 12:30,North 90th Street,"30.0308,31.4721",30.0308,31.4721,48,80,19,0.865084,FALSE,12,30,3,0,0,Moderate,8,2
5/21/2026 12:45,South 90th Street,"30.0195,31.4326",30.0195,31.4326,58,79,79,0.875749,FALSE,12,45,3,0,0,Free_Flow,15,1
5/21/2026 13:00,Ring Road - Maadi,"29.9544,31.2858",29.9544,31.2858,32,69,54,0.877453,FALSE,13,0,3,0,0,Moderate,10,2
5/21/2026 13:15,October Bridge,"30.0526,31.2372",30.0526,31.2372,51,59,32,0.95088,FALSE,13,15,3,0,0,Free_Flow,9,1
5/21/2026 13:30,26th July Corridor,"30.0381,31.0264",30.0381,31.0264,31,71,29,0.940639,FALSE,13,30,3,0,0,Moderate,0,2
5/21/2026 13:45,Abbas El Akkad,"30.0631,31.3341",30.0631,31.3341,27,68,17,0.928194,FALSE,13,45,3,0,0,Moderate,1,2
5/21/2026 14:00,Galaa Square,"30.0398,31.2188",30.0398,31.2188,44,71,54,0.961039,FALSE,14,0,3,0,0,Moderate,5,2
5/21/2026 14:15,Salah Salem,"30.0645,31.282",30.0645,31.282,50,77,33,0.852351,FALSE,14,15,3,0,0,Free_Flow,14,1
5/21/2026 14:30,Autostrad - Sheraton,"30.1065,31.3711",30.1065,31.3711,39,78,65,0.902225,FALSE,14,30,3,0,0,Moderate,2,2
5/21/2026 14:45,Tahrir Square,"30.0444,31.2357",30.0444,31.2357,63,67,58,0.949893,FALSE,14,45,3,0,0,Free_Flow,16,1
5/21/2026 15:00,Corniche El Nil,"30.0263,31.2268",30.0263,31.2268,27,79,27,0.871783,FALSE,15,0,3,0,0,Moderate,3,2
5/21/2026 15:15,Mosheer Tantawy Axis,"30.0242,31.3486",30.0242,31.3486,44,55,33,0.928499,FALSE,15,15,3,0,0,Moderate,7,2
5/21/2026 15:30,Rod El Farag Axis,"30.0881,31.2185",30.0881,31.2185,29,65,47,0.994683,FALSE,15,30,3,0,0,Moderate,13,2
5/21/2026 15:45,Ring Road - Marg,"30.1554,31.3323",30.1554,31.3323,62,69,80,0.983103,FALSE,15,45,3,0,0,Free_Flow,11,1
5/21/2026 16:00,Ring Road - Moneeb,"29.9881,31.2227",29.9881,31.2227,26,74,43,0.87074,FALSE,16,0,3,0,1,Moderate,12,2
5/21/2026 16:15,Gamaat El Dowal St,"30.0543,31.2005",30.0543,31.2005,34,74,118,0.88256,FALSE,16,15,3,0,1,Moderate,6,2
5/21/2026 16:30,Faisal Street,"30.0051,31.1574",30.0051,31.1574,35,65,105,0.988218,FALSE,16,30,3,0,1,Moderate,4,2
5/21/2026 16:45,North 90th Street,"30.0308,31.4721",30.0308,31.4721,21,63,66,0.921386,FALSE,16,45,3,0,1,Moderate,8,2
5/21/2026 17:00,South 90th Street,"30.0195,31.4326",30.0195,31.4326,13,74,70,0.933202,FALSE,17,0,3,0,1,Congested,15,0
5/21/2026 17:15,Ring Road - Maadi,"29.9544,31.2858",29.9544,31.2858,18,79,66,0.900259,FALSE,17,15,3,0,1,Congested,10,0
5/21/2026 17:30,October Bridge,"30.0526,31.2372",30.0526,31.2372,32,71,53,0.886443,FALSE,17,30,3,0,1,Moderate,9,2
5/21/2026 17:45,26th July Corridor,"30.0381,31.0264",30.0381,31.0264,20,61,51,0.914605,FALSE,17,45,3,0,1,Moderate,0,2
5/21/2026 18:00,Abbas El Akkad,"30.0631,31.3341",30.0631,31.3341,12,78,71,0.965889,FALSE,18,0,3,0,1,Congested,1,0
5/21/2026 18:15,Galaa Square,"30.0398,31.2188",30.0398,31.2188,16,58,56,0.900241,FALSE,18,15,3,0,1,Congested,5,0
5/21/2026 18:30,Salah Salem,"30.0645,31.282",30.0645,31.282,27,71,67,0.991806,FALSE,18,30,3,0,1,Moderate,14,2
5/21/2026 18:45,Autostrad - Sheraton,"30.1065,31.3711",30.1065,31.3711,13,78,43,0.945916,FALSE,18,45,3,0,1,Congested,2,0
5/21/2026 19:00,Tahrir Square,"30.0444,31.2357",30.0444,31.2357,28,61,120,0.993313,FALSE,19,0,3,0,1,Moderate,16,2
5/21/2026 19:15,Corniche El Nil,"30.0263,31.2268",30.0263,31.2268,20,68,91,0.860618,FALSE,19,15,3,0,1,Moderate,3,2
5/21/2026 19:30,Mosheer Tantawy Axis,"30.0242,31.3486",30.0242,31.3486,14,65,48,0.925518,FALSE,19,30,3,0,1,Congested,7,0
5/21/2026 19:45,Rod El Farag Axis,"30.0881,31.2185",30.0881,31.2185,26,68,93,0.973922,FALSE,19,45,3,0,1,Moderate,13,2
5/21/2026 20:00,Ring Road - Marg,"30.1554,31.3323",30.1554,31.3323,26,64,56,0.908299,FALSE,20,0,3,0,0,Moderate,11,2
5/21/2026 20:15,Ring Road - Moneeb,"29.9881,31.2227",29.9881,31.2227,32,59,49,0.942852,FALSE,20,15,3,0,0,Moderate,12,2
5/21/2026 20:30,Gamaat El Dowal St,"30.0543,31.2005",30.0543,31.2005,14,79,63,0.949649,FALSE,20,30,3,0,0,Congested,6,0
5/21/2026 20:45,Faisal Street,"30.0051,31.1574",30.0051,31.1574,18,65,47,0.915628,FALSE,20,45,3,0,0,Congested,4,0
5/21/2026 21:00,North 90th Street,"30.0308,31.4721",30.0308,31.4721,44,71,79,0.947732,FALSE,21,0,3,0,0,Moderate,8,2
5/21/2026 21:15,South 90th Street,"30.0195,31.4326",30.0195,31.4326,42,55,75,0.969651,FALSE,21,15,3,0,0,Moderate,15,2
5/21/2026 21:30,Ring Road - Maadi,"29.9544,31.2858",29.9544,31.2858,33,62,78,0.867732,FALSE,21,30,3,0,0,Moderate,10,2
5/21/2026 21:45,October Bridge,"30.0526,31.2372",30.0526,31.2372,35,73,52,0.969549,FALSE,21,45,3,0,0,Moderate,9,2
5/21/2026 22:00,26th July Corridor,"30.0381,31.0264",30.0381,31.0264,36,56,33,0.938398,FALSE,22,0,3,0,0,Moderate,0,2
5/21/2026 22:15,Abbas El Akkad,"30.0631,31.3341",30.0631,31.3341,49,75,17,0.989611,FALSE,22,15,3,0,0,Moderate,1,2
5/21/2026 22:30,Galaa Square,"30.0398,31.2188",30.0398,31.2188,35,72,24,0.852072,FALSE,22,30,3,0,0,Moderate,5,2
5/21/2026 22:45,Salah Salem,"30.0645,31.282",30.0645,31.282,60,60,43,0.908692,FALSE,22,45,3,0,0,Free_Flow,14,1
5/21/2026 23:00,Autostrad - Sheraton,"30.1065,31.3711",30.1065,31.3711,40,59,27,0.921323,FALSE,23,0,3,0,0,Moderate,2,2
5/21/2026 23:15,Tahrir Square,"30.0444,31.2357",30.0444,31.2357,25,59,44,0.971399,FALSE,23,15,3,0,0,Moderate,16,2
5/21/2026 23:30,Corniche El Nil,"30.0263,31.2268",30.0263,31.2268,49,69,66,0.879917,FALSE,23,30,3,0,0,Moderate,3,2
5/21/2026 23:45,Mosheer Tantawy Axis,"30.0242,31.3486",30.0242,31.3486,48,79,59,0.888015,FALSE,23,45,3,0,0,Moderate,7,2
5/22/2026 0:00,Rod El Farag Axis,"30.0881,31.2185",30.0881,31.2185,36,75,13,0.944202,FALSE,0,0,4,0,0,Moderate,13,2
5/22/2026 0:15,Ring Road - Marg,"30.1554,31.3323",30.1554,31.3323,45,71,41,0.882292,FALSE,0,15,4,0,0,Moderate,11,2
5/22/2026 0:30,Ring Road - Moneeb,"29.9881,31.2227",29.9881,31.2227,67,74,8,0.926092,FALSE,0,30,4,0,0,Free_Flow,12,1
5/22/2026 0:45,Gamaat El Dowal St,"30.0543,31.2005",30.0543,31.2005,57,68,17,0.973296,FALSE,0,45,4,0,0,Free_Flow,6,1
5/22/2026 1:00,Faisal Street,"30.0051,31.1574",30.0051,31.1574,48,62,31,0.944358,FALSE,1,0,4,0,0,Moderate,4,2
5/22/2026 1:15,North 90th Street,"30.0308,31.4721",30.0308,31.4721,73,73,11,0.929973,FALSE,1,15,4,0,0,Free_Flow,8,1
5/22/2026 1:30,South 90th Street,"30.0195,31.4326",30.0195,31.4326,44,64,9,0.933396,FALSE,1,30,4,0,0,Moderate,15,2
5/22/2026 1:45,Ring Road - Maadi,"29.9544,31.2858",29.9544,31.2858,60,69,10,0.963318,FALSE,1,45,4,0,0,Free_Flow,10,1
5/22/2026 2:00,October Bridge,"30.0526,31.2372",30.0526,31.2372,49,64,12,0.967969,FALSE,2,0,4,0,0,Moderate,9,2
5/22/2026 2:15,26th July Corridor,"30.0381,31.0264",30.0381,31.0264,67,79,30,0.940802,FALSE,2,15,4,0,0,Free_Flow,0,1
5/22/2026 2:30,Abbas El Akkad,"30.0631,31.3341",30.0631,31.3341,75,75,46,0.992215,FALSE,2,30,4,0,0,Free_Flow,1,1
5/22/2026 2:45,Galaa Square,"30.0398,31.2188",30.0398,31.2188,75,75,10,0.856559,FALSE,2,45,4,0,0,Free_Flow,5,1
5/22/2026 3:00,Salah Salem,"30.0645,31.282",30.0645,31.282,58,58,47,0.908925,FALSE,3,0,4,0,0,Free_Flow,14,1
5/22/2026 3:15,Autostrad - Sheraton,"30.1065,31.3711",30.1065,31.3711,38,60,25,0.963486,FALSE,3,15,4,0,0,Moderate,2,2
5/22/2026 3:30,Tahrir Square,"30.0444,31.2357",30.0444,31.2357,57,70,27,0.989738,FALSE,3,30,4,0,0,Free_Flow,16,1
5/22/2026 3:45,Corniche El Nil,"30.0263,31.2268",30.0263,31.2268,54,55,27,0.928588,FALSE,3,45,4,0,0,Free_Flow,3,1
5/22/2026 4:00,Mosheer Tantawy Axis,"30.0242,31.3486",30.0242,31.3486,56,71,31,0.895799,FALSE,4,0,4,0,0,Free_Flow,7,1
5/22/2026 4:15,Rod El Farag Axis,"30.0881,31.2185",30.0881,31.2185,68,68,35,0.864416,FALSE,4,15,4,0,0,Free_Flow,13,1
5/22/2026 4:30,Ring Road - Marg,"30.1554,31.3323",30.1554,31.3323,70,70,24,0.87044,FALSE,4,30,4,0,0,Free_Flow,11,1
5/22/2026 4:45,Ring Road - Moneeb,"29.9881,31.2227",29.9881,31.2227,42,70,20,0.857714,FALSE,4,45,4,0,0,Moderate,12,2
5/22/2026 5:00,Gamaat El Dowal St,"30.0543,31.2005",30.0543,31.2005,42,59,38,0.941661,FALSE,5,0,4,0,0,Moderate,6,2
5/22/2026 5:15,Faisal Street,"30.0051,31.1574",30.0051,31.1574,61,69,49,0.899411,FALSE,5,15,4,0,0,Free_Flow,4,1
5/22/2026 5:30,North 90th Street,"30.0308,31.4721",30.0308,31.4721,50,67,37,0.893017,FALSE,5,30,4,0,0,Free_Flow,8,1
5/22/2026 5:45,South 90th Street,"30.0195,31.4326",30.0195,31.4326,39,60,41,0.917236,FALSE,5,45,4,0,0,Moderate,15,2
5/22/2026 6:00,Ring Road - Maadi,"29.9544,31.2858",29.9544,31.2858,66,66,33,0.977416,FALSE,6,0,4,0,0,Free_Flow,10,1
5/22/2026 6:15,October Bridge,"30.0526,31.2372",30.0526,31.2372,46,66,16,0.880125,FALSE,6,15,4,0,0,Moderate,9,2
5/22/2026 6:30,26th July Corridor,"30.0381,31.0264",30.0381,31.0264,57,69,42,0.876022,FALSE,6,30,4,0,0,Free_Flow,0,1
5/22/2026 6:45,Abbas El Akkad,"30.0631,31.3341",30.0631,31.3341,36,77,18,0.92021,FALSE,6,45,4,0,0,Moderate,1,2
5/22/2026 7:00,Galaa Square,"30.0398,31.2188",30.0398,31.2188,58,59,34,0.977991,FALSE,7,0,4,0,1,Free_Flow,5,1
5/22/2026 7:15,Salah Salem,"30.0645,31.282",30.0645,31.282,38,78,27,0.897969,FALSE,7,15,4,0,1,Moderate,14,2
5/22/2026 7:30,Autostrad - Sheraton,"30.1065,31.3711",30.1065,31.3711,44,66,20,0.912315,FALSE,7,30,4,0,1,Moderate,2,2
5/22/2026 7:45,Tahrir Square,"30.0444,31.2357",30.0444,31.2357,63,72,22,0.873962,FALSE,7,45,4,0,1,Free_Flow,16,1
5/22/2026 8:00,Corniche El Nil,"30.0263,31.2268",30.0263,31.2268,68,72,32,0.978092,FALSE,8,0,4,0,1,Free_Flow,3,1
5/22/2026 8:15,Mosheer Tantawy Axis,"30.0242,31.3486",30.0242,31.3486,63,69,41,0.990734,FALSE,8,15,4,0,1,Free_Flow,7,1
5/22/2026 8:30,Rod El Farag Axis,"30.0881,31.2185",30.0881,31.2185,60,60,38,0.982166,FALSE,8,30,4,0,1,Free_Flow,13,1
5/22/2026 8:45,Ring Road - Marg,"30.1554,31.3323",30.1554,31.3323,54,63,13,0.973299,FALSE,8,45,4,0,1,Free_Flow,11,1
5/22/2026 9:00,Ring Road - Moneeb,"29.9881,31.2227",29.9881,31.2227,35,63,42,0.884722,FALSE,9,0,4,0,1,Moderate,12,2
5/22/2026 9:15,Gamaat El Dowal St,"30.0543,31.2005",30.0543,31.2005,42,58,32,0.899315,FALSE,9,15,4,0,1,Moderate,6,2
5/22/2026 9:30,Faisal Street,"30.0051,31.1574",30.0051,31.1574,63,73,27,0.937323,FALSE,9,30,4,0,1,Free_Flow,4,1
5/22/2026 9:45,North 90th Street,"30.0308,31.4721",30.0308,31.4721,63,70,48,0.956079,FALSE,9,45,4,0,1,Free_Flow,8,1
5/22/2026 10:00,South 90th Street,"30.0195,31.4326",30.0195,31.4326,38,73,31,0.948873,FALSE,10,0,4,0,0,Moderate,15,2
5/22/2026 10:15,Ring Road - Maadi,"29.9544,31.2858",29.9544,31.2858,58,72,11,0.884925,FALSE,10,15,4,0,0,Free_Flow,10,1
5/22/2026 10:30,October Bridge,"30.0526,31.2372",30.0526,31.2372,69,74,27,0.862089,FALSE,10,30,4,0,0,Free_Flow,9,1
5/22/2026 10:45,26th July Corridor,"30.0381,31.0264",30.0381,31.0264,75,75,34,0.996575,FALSE,10,45,4,0,0,Free_Flow,0,1
5/22/2026 11:00,Abbas El Akkad,"30.0631,31.3341",30.0631,31.3341,36,67,49,0.989636,FALSE,11,0,4,0,0,Moderate,1,2
5/22/2026 11:15,Galaa Square,"30.0398,31.2188",30.0398,31.2188,36,58,49,0.930889,FALSE,11,15,4,0,0,Moderate,5,2
5/22/2026 11:30,Salah Salem,"30.0645,31.282",30.0645,31.282,69,69,25,0.970975,FALSE,11,30,4,0,0,Free_Flow,14,1
5/22/2026 11:45,Autostrad - Sheraton,"30.1065,31.3711",30.1065,31.3711,58,62,13,0.957191,FALSE,11,45,4,0,0,Free_Flow,2,1
5/22/2026 12:00,Tahrir Square,"30.0444,31.2357",30.0444,31.2357,60,60,43,0.895413,FALSE,12,0,4,0,0,Free_Flow,16,1
5/22/2026 12:15,Corniche El Nil,"30.0263,31.2268",30.0263,31.2268,65,71,42,0.925892,FALSE,12,15,4,0,0,Free_Flow,3,1
5/22/2026 12:30,Mosheer Tantawy Axis,"30.0242,31.3486",30.0242,31.3486,47,77,46,0.958896,FALSE,12,30,4,0,0,Moderate,7,2
5/22/2026 12:45,Rod El Farag Axis,"30.0881,31.2185",30.0881,31.2185,48,61,40,0.977931,FALSE,12,45,4,0,0,Moderate,13,2
5/22/2026 13:00,Ring Road - Marg,"30.1554,31.3323",30.1554,31.3323,68,68,7,0.865882,FALSE,13,0,4,0,0,Free_Flow,11,1
5/22/2026 13:15,Ring Road - Moneeb,"29.9881,31.2227",29.9881,31.2227,42,72,9,0.939335,FALSE,13,15,4,0,0,Moderate,12,2
5/22/2026 13:30,Gamaat El Dowal St,"30.0543,31.2005",30.0543,31.2005,65,65,7,0.978436,FALSE,13,30,4,0,0,Free_Flow,6,1
5/22/2026 13:45,Faisal Street,"30.0051,31.1574",30.0051,31.1574,43,64,9,0.851938,FALSE,13,45,4,0,0,Moderate,4,2
5/22/2026 14:00,North 90th Street,"30.0308,31.4721",30.0308,31.4721,54,57,43,0.966308,FALSE,14,0,4,0,0,Free_Flow,8,1
5/22/2026 14:15,South 90th Street,"30.0195,31.4326",30.0195,31.4326,65,66,24,0.93258,FALSE,14,15,4,0,0,Free_Flow,15,1
5/22/2026 14:30,Ring Road - Maadi,"29.9544,31.2858",29.9544,31.2858,52,69,13,0.870653,FALSE,14,30,4,0,0,Free_Flow,10,1
5/22/2026 14:45,October Bridge,"30.0526,31.2372",30.0526,31.2372,56,79,44,0.891287,FALSE,14,45,4,0,0,Free_Flow,9,1
5/22/2026 15:00,26th July Corridor,"30.0381,31.0264",30.0381,31.0264,39,57,36,0.94418,FALSE,15,0,4,0,0,Moderate,0,2
5/22/2026 15:15,Abbas El Akkad,"30.0631,31.3341",30.0631,31.3341,53,70,31,0.998094,FALSE,15,15,4,0,0,Free_Flow,1,1
5/22/2026 15:30,Galaa Square,"30.0398,31.2188",30.0398,31.2188,39,74,49,0.867469,FALSE,15,30,4,0,0,Moderate,5,2
5/22/2026 15:45,Salah Salem,"30.0645,31.282",30.0645,31.282,60,63,35,0.961207,FALSE,15,45,4,0,0,Free_Flow,14,1
5/22/2026 16:00,Autostrad - Sheraton,"30.1065,31.3711",30.1065,31.3711,51,72,44,0.910949,FALSE,16,0,4,0,1,Free_Flow,2,1
5/22/2026 16:15,Tahrir Square,"30.0444,31.2357",30.0444,31.2357,36,58,25,0.952703,FALSE,16,15,4,0,1,Moderate,16,2
5/22/2026 16:30,Corniche El Nil,"30.0263,31.2268",30.0263,31.2268,38,79,24,0.908745,FALSE,16,30,4,0,1,Moderate,3,2
5/22/2026 16:45,Mosheer Tantawy Axis,"30.0242,31.3486",30.0242,31.3486,39,62,6,0.927101,FALSE,16,45,4,0,1,Moderate,7,2
5/22/2026 17:00,Rod El Farag Axis,"30.0881,31.2185",30.0881,31.2185,50,72,20,0.904488,FALSE,17,0,4,0,1,Free_Flow,13,1
5/22/2026 17:15,Ring Road - Marg,"30.1554,31.3323",30.1554,31.3323,45,62,22,0.886065,FALSE,17,15,4,0,1,Moderate,11,2
5/22/2026 17:30,Ring Road - Moneeb,"29.9881,31.2227",29.9881,31.2227,42,60,41,0.862078,FALSE,17,30,4,0,1,Moderate,12,2
5/22/2026 17:45,Gamaat El Dowal St,"30.0543,31.2005",30.0543,31.2005,60,62,35,0.980175,FALSE,17,45,4,0,1,Free_Flow,6,1
5/22/2026 18:00,Faisal Street,"30.0051,31.1574",30.0051,31.1574,70,72,20,0.985554,FALSE,18,0,4,0,1,Free_Flow,4,1
5/22/2026 18:15,North 90th Street,"30.0308,31.4721",30.0308,31.4721,49,60,44,0.984426,FALSE,18,15,4,0,1,Moderate,8,2
5/22/2026 18:30,South 90th Street,"30.0195,31.4326",30.0195,31.4326,52,60,41,0.998254,FALSE,18,30,4,0,1,Free_Flow,15,1
5/22/2026 18:45,Ring Road - Maadi,"29.9544,31.2858",29.9544,31.2858,68,68,40,0.909985,FALSE,18,45,4,0,1,Free_Flow,10,1
5/22/2026 19:00,October Bridge,"30.0526,31.2372",30.0526,31.2372,58,76,47,0.945084,FALSE,19,0,4,0,1,Free_Flow,9,1
5/22/2026 19:15,26th July Corridor,"30.0381,31.0264",30.0381,31.0264,48,65,25,0.873884,FALSE,19,15,4,0,1,Moderate,0,2
5/22/2026 19:30,Abbas El Akkad,"30.0631,31.3341",30.0631,31.3341,65,69,47,0.996786,FALSE,19,30,4,0,1,Free_Flow,1,1
5/22/2026 19:45,Galaa Square,"30.0398,31.2188",30.0398,31.2188,60,79,11,0.941919,FALSE,19,45,4,0,1,Free_Flow,5,1
5/22/2026 20:00,Salah Salem,"30.0645,31.282",30.0645,31.282,62,67,46,0.91014,FALSE,20,0,4,0,0,Free_Flow,14,1
5/22/2026 20:15,Autostrad - Sheraton,"30.1065,31.3711",30.1065,31.3711,45,63,9,0.97624,FALSE,20,15,4,0,0,Moderate,2,2
5/22/2026 20:30,Tahrir Square,"30.0444,31.2357",30.0444,31.2357,61,61,21,0.902493,FALSE,20,30,4,0,0,Free_Flow,16,1
5/22/2026 20:45,Corniche El Nil,"30.0263,31.2268",30.0263,31.2268,39,62,44,0.946205,FALSE,20,45,4,0,0,Moderate,3,2
5/22/2026 21:00,Mosheer Tantawy Axis,"30.0242,31.3486",30.0242,31.3486,46,70,30,0.973387,FALSE,21,0,4,0,0,Moderate,7,2
5/22/2026 21:15,Rod El Farag Axis,"30.0881,31.2185",30.0881,31.2185,44,61,10,0.964112,FALSE,21,15,4,0,0,Moderate,13,2
5/22/2026 21:30,Ring Road - Marg,"30.1554,31.3323",30.1554,31.3323,68,68,17,0.858458,FALSE,21,30,4,0,0,Free_Flow,11,1
5/22/2026 21:45,Ring Road - Moneeb,"29.9881,31.2227",29.9881,31.2227,69,71,38,0.982027,FALSE,21,45,4,0,0,Free_Flow,12,1
5/22/2026 22:00,Gamaat El Dowal St,"30.0543,31.2005",30.0543,31.2005,67,67,5,0.939699,FALSE,22,0,4,0,0,Free_Flow,6,1
5/22/2026 22:15,Faisal Street,"30.0051,31.1574",30.0051,31.1574,46,78,47,0.983634,FALSE,22,15,4,0,0,Moderate,4,2
5/22/2026 22:30,North 90th Street,"30.0308,31.4721",30.0308,31.4721,64,64,10,0.963547,FALSE,22,30,4,0,0,Free_Flow,8,1
5/22/2026 22:45,South 90th Street,"30.0195,31.4326",30.0195,31.4326,37,75,23,0.901486,FALSE,22,45,4,0,0,Moderate,15,2
5/22/2026 23:00,Ring Road - Maadi,"29.9544,31.2858",29.9544,31.2858,45,78,8,0.95731,FALSE,23,0,4,0,0,Moderate,10,2
5/22/2026 23:15,October Bridge,"30.0526,31.2372",30.0526,31.2372,42,74,15,0.980362,FALSE,23,15,4,0,0,Moderate,9,2
5/22/2026 23:30,26th July Corridor,"30.0381,31.0264",30.0381,31.0264,46,62,36,0.898597,FALSE,23,30,4,0,0,Moderate,0,2
5/22/2026 23:45,Abbas El Akkad,"30.0631,31.3341",30.0631,31.3341,38,74,14,0.954699,FALSE,23,45,4,0,0,Moderate,1,2
5/23/2026 0:00,Galaa Square,"30.0398,31.2188",30.0398,31.2188,52,72,32,0.912956,FALSE,0,0,5,1,0,Free_Flow,5,1
5/23/2026 0:15,Salah Salem,"30.0645,31.282",30.0645,31.282,73,73,14,0.978957,FALSE,0,15,5,1,0,Free_Flow,14,1
5/23/2026 0:30,Autostrad - Sheraton,"30.1065,31.3711",30.1065,31.3711,69,69,18,0.909131,FALSE,0,30,5,1,0,Free_Flow,2,1
5/23/2026 0:45,Tahrir Square,"30.0444,31.2357",30.0444,31.2357,52,65,35,0.91018,FALSE,0,45,5,1,0,Free_Flow,16,1
5/23/2026 1:00,Corniche El Nil,"30.0263,31.2268",30.0263,31.2268,42,74,8,0.965757,FALSE,1,0,5,1,0,Moderate,3,2
5/23/2026 1:15,Mosheer Tantawy Axis,"30.0242,31.3486",30.0242,31.3486,68,68,18,0.867359,FALSE,1,15,5,1,0,Free_Flow,7,1
5/23/2026 1:30,Rod El Farag Axis,"30.0881,31.2185",30.0881,31.2185,41,60,13,0.857263,FALSE,1,30,5,1,0,Moderate,13,2
5/23/2026 1:45,Ring Road - Marg,"30.1554,31.3323",30.1554,31.3323,60,68,42,0.86434,FALSE,1,45,5,1,0,Free_Flow,11,1
5/23/2026 2:00,Ring Road - Moneeb,"29.9881,31.2227",29.9881,31.2227,53,79,29,0.888786,FALSE,2,0,5,1,0,Free_Flow,12,1
5/23/2026 2:15,Gamaat El Dowal St,"30.0543,31.2005",30.0543,31.2005,38,77,25,0.984923,FALSE,2,15,5,1,0,Moderate,6,2
5/23/2026 2:30,Faisal Street,"30.0051,31.1574",30.0051,31.1574,59,62,32,0.859331,FALSE,2,30,5,1,0,Free_Flow,4,1
5/23/2026 2:45,North 90th Street,"30.0308,31.4721",30.0308,31.4721,63,68,23,0.859951,FALSE,2,45,5,1,0,Free_Flow,8,1
5/23/2026 3:00,South 90th Street,"30.0195,31.4326",30.0195,31.4326,52,74,26,0.896627,FALSE,3,0,5,1,0,Free_Flow,15,1
5/23/2026 3:15,Ring Road - Maadi,"29.9544,31.2858",29.9544,31.2858,41,67,37,0.891371,FALSE,3,15,5,1,0,Moderate,10,2
5/23/2026 3:30,October Bridge,"30.0526,31.2372",30.0526,31.2372,46,58,50,0.999465,FALSE,3,30,5,1,0,Moderate,9,2
5/23/2026 3:45,26th July Corridor,"30.0381,31.0264",30.0381,31.0264,47,74,13,0.926024,FALSE,3,45,5,1,0,Moderate,0,2
5/23/2026 4:00,Abbas El Akkad,"30.0631,31.3341",30.0631,31.3341,38,64,30,0.954857,FALSE,4,0,5,1,0,Moderate,1,2
5/23/2026 4:15,Galaa Square,"30.0398,31.2188",30.0398,31.2188,70,70,14,0.893324,FALSE,4,15,5,1,0,Free_Flow,5,1
5/23/2026 4:30,Salah Salem,"30.0645,31.282",30.0645,31.282,63,71,26,0.940963,FALSE,4,30,5,1,0,Free_Flow,14,1
5/23/2026 4:45,Autostrad - Sheraton,"30.1065,31.3711",30.1065,31.3711,39,67,12,0.92459,FALSE,4,45,5,1,0,Moderate,2,2
5/23/2026 5:00,Tahrir Square,"30.0444,31.2357",30.0444,31.2357,39,58,43,0.858558,FALSE,5,0,5,1,0,Moderate,16,2
5/23/2026 5:15,Corniche El Nil,"30.0263,31.2268",30.0263,31.2268,62,76,18,0.941378,FALSE,5,15,5,1,0,Free_Flow,3,1
5/23/2026 5:30,Mosheer Tantawy Axis,"30.0242,31.3486",30.0242,31.3486,45,78,33,0.883899,FALSE,5,30,5,1,0,Moderate,7,2
5/23/2026 5:45,Rod El Farag Axis,"30.0881,31.2185",30.0881,31.2185,68,68,18,0.987864,FALSE,5,45,5,1,0,Free_Flow,13,1
5/23/2026 6:00,Ring Road - Marg,"30.1554,31.3323",30.1554,31.3323,75,75,18,0.95203,FALSE,6,0,5,1,0,Free_Flow,11,1
5/23/2026 6:15,Ring Road - Moneeb,"29.9881,31.2227",29.9881,31.2227,49,67,41,0.915014,FALSE,6,15,5,1,0,Moderate,12,2
5/23/2026 6:30,Gamaat El Dowal St,"30.0543,31.2005",30.0543,31.2005,68,68,46,0.968779,FALSE,6,30,5,1,0,Free_Flow,6,1
5/23/2026 6:45,Faisal Street,"30.0051,31.1574",30.0051,31.1574,45,61,10,0.898679,FALSE,6,45,5,1,0,Moderate,4,2
5/23/2026 7:00,North 90th Street,"30.0308,31.4721",30.0308,31.4721,71,71,23,0.963662,FALSE,7,0,5,1,1,Free_Flow,8,1
5/23/2026 7:15,South 90th Street,"30.0195,31.4326",30.0195,31.4326,37,62,47,0.967404,FALSE,7,15,5,1,1,Moderate,15,2
5/23/2026 7:30,Ring Road - Maadi,"29.9544,31.2858",29.9544,31.2858,48,74,20,0.99005,FALSE,7,30,5,1,1,Moderate,10,2
5/23/2026 7:45,October Bridge,"30.0526,31.2372",30.0526,31.2372,54,80,29,0.949797,FALSE,7,45,5,1,1,Free_Flow,9,1
5/23/2026 8:00,26th July Corridor,"30.0381,31.0264",30.0381,31.0264,46,71,36,0.886116,FALSE,8,0,5,1,1,Moderate,0,2
5/23/2026 8:15,Abbas El Akkad,"30.0631,31.3341",30.0631,31.3341,70,70,26,0.912374,FALSE,8,15,5,1,1,Free_Flow,1,1
5/23/2026 8:30,Galaa Square,"30.0398,31.2188",30.0398,31.2188,65,65,17,0.850373,FALSE,8,30,5,1,1,Free_Flow,5,1
5/23/2026 8:45,Salah Salem,"30.0645,31.282",30.0645,31.282,36,74,43,0.937099,FALSE,8,45,5,1,1,Moderate,14,2
5/23/2026 9:00,Autostrad - Sheraton,"30.1065,31.3711",30.1065,31.3711,58,58,25,0.936713,FALSE,9,0,5,1,1,Free_Flow,2,1
5/23/2026 9:15,Tahrir Square,"30.0444,31.2357",30.0444,31.2357,44,78,43,0.974302,FALSE,9,15,5,1,1,Moderate,16,2
5/23/2026 9:30,Corniche El Nil,"30.0263,31.2268",30.0263,31.2268,51,79,23,0.957413,FALSE,9,30,5,1,1,Free_Flow,3,1
5/23/2026 9:45,Mosheer Tantawy Axis,"30.0242,31.3486",30.0242,31.3486,41,63,34,0.99115,FALSE,9,45,5,1,1,Moderate,7,2
5/23/2026 10:00,Rod El Farag Axis,"30.0881,31.2185",30.0881,31.2185,37,66,32,0.96728,FALSE,10,0,5,1,0,Moderate,13,2
5/23/2026 10:15,Ring Road - Marg,"30.1554,31.3323",30.1554,31.3323,39,66,43,0.966801,FALSE,10,15,5,1,0,Moderate,11,2
5/23/2026 10:30,Ring Road - Moneeb,"29.9881,31.2227",29.9881,31.2227,56,61,42,0.925157,FALSE,10,30,5,1,0,Free_Flow,12,1
5/23/2026 10:45,Gamaat El Dowal St,"30.0543,31.2005",30.0543,31.2005,54,61,28,0.870819,FALSE,10,45,5,1,0,Free_Flow,6,1
5/23/2026 11:00,Faisal Street,"30.0051,31.1574",30.0051,31.1574,46,59,48,0.888479,FALSE,11,0,5,1,0,Moderate,4,2
5/23/2026 11:15,North 90th Street,"30.0308,31.4721",30.0308,31.4721,69,69,13,0.930096,FALSE,11,15,5,1,0,Free_Flow,8,1
5/23/2026 11:30,South 90th Street,"30.0195,31.4326",30.0195,31.4326,59,59,21,0.94928,FALSE,11,30,5,1,0,Free_Flow,15,1
5/23/2026 11:45,Ring Road - Maadi,"29.9544,31.2858",29.9544,31.2858,63,70,45,0.86254,FALSE,11,45,5,1,0,Free_Flow,10,1
5/23/2026 12:00,October Bridge,"30.0526,31.2372",30.0526,31.2372,42,77,32,0.859258,FALSE,12,0,5,1,0,Moderate,9,2
5/23/2026 12:15,26th July Corridor,"30.0381,31.0264",30.0381,31.0264,62,62,25,0.989004,FALSE,12,15,5,1,0,Free_Flow,0,1
5/23/2026 12:30,Abbas El Akkad,"30.0631,31.3341",30.0631,31.3341,54,75,11,0.931119,FALSE,12,30,5,1,0,Free_Flow,1,1
5/23/2026 12:45,Galaa Square,"30.0398,31.2188",30.0398,31.2188,35,71,31,0.876064,FALSE,12,45,5,1,0,Moderate,5,2
5/23/2026 13:00,Salah Salem,"30.0645,31.282",30.0645,31.282,63,78,38,0.887442,FALSE,13,0,5,1,0,Free_Flow,14,1
5/23/2026 13:15,Autostrad - Sheraton,"30.1065,31.3711",30.1065,31.3711,68,68,34,0.890202,FALSE,13,15,5,1,0,Free_Flow,2,1
5/23/2026 13:30,Tahrir Square,"30.0444,31.2357",30.0444,31.2357,38,73,43,0.969772,FALSE,13,30,5,1,0,Moderate,16,2
5/23/2026 13:45,Corniche El Nil,"30.0263,31.2268",30.0263,31.2268,35,64,12,0.972952,FALSE,13,45,5,1,0,Moderate,3,2
5/23/2026 14:00,Mosheer Tantawy Axis,"30.0242,31.3486",30.0242,31.3486,71,71,13,0.914511,FALSE,14,0,5,1,0,Free_Flow,7,1
5/23/2026 14:15,Rod El Farag Axis,"30.0881,31.2185",30.0881,31.2185,65,77,8,0.889544,FALSE,14,15,5,1,0,Free_Flow,13,1
5/23/2026 14:30,Ring Road - Marg,"30.1554,31.3323",30.1554,31.3323,53,64,14,0.950483,FALSE,14,30,5,1,0,Free_Flow,11,1
5/23/2026 14:45,Ring Road - Moneeb,"29.9881,31.2227",29.9881,31.2227,43,64,6,0.911066,FALSE,14,45,5,1,0,Moderate,12,2
5/23/2026 15:00,Gamaat El Dowal St,"30.0543,31.2005",30.0543,31.2005,53,68,32,0.916976,FALSE,15,0,5,1,0,Free_Flow,6,1
5/23/2026 15:15,Faisal Street,"30.0051,31.1574",30.0051,31.1574,44,72,7,0.87814,FALSE,15,15,5,1,0,Moderate,4,2
5/23/2026 15:30,North 90th Street,"30.0308,31.4721",30.0308,31.4721,67,67,12,0.922297,FALSE,15,30,5,1,0,Free_Flow,8,1
5/23/2026 15:45,South 90th Street,"30.0195,31.4326",30.0195,31.4326,47,75,49,0.992359,FALSE,15,45,5,1,0,Moderate,15,2
5/23/2026 16:00,Ring Road - Maadi,"29.9544,31.2858",29.9544,31.2858,54,66,27,0.979158,FALSE,16,0,5,1,1,Free_Flow,10,1
5/23/2026 16:15,October Bridge,"30.0526,31.2372",30.0526,31.2372,60,66,12,0.898559,FALSE,16,15,5,1,1,Free_Flow,9,1
5/23/2026 16:30,26th July Corridor,"30.0381,31.0264",30.0381,31.0264,59,66,27,0.87647,FALSE,16,30,5,1,1,Free_Flow,0,1
5/23/2026 16:45,Abbas El Akkad,"30.0631,31.3341",30.0631,31.3341,35,71,32,0.886593,FALSE,16,45,5,1,1,Moderate,1,2
5/23/2026 17:00,Galaa Square,"30.0398,31.2188",30.0398,31.2188,68,78,34,0.850176,FALSE,17,0,5,1,1,Free_Flow,5,1
5/23/2026 17:15,Salah Salem,"30.0645,31.282",30.0645,31.282,70,70,21,0.947349,FALSE,17,15,5,1,1,Free_Flow,14,1
5/23/2026 17:30,Autostrad - Sheraton,"30.1065,31.3711",30.1065,31.3711,72,72,17,0.926164,FALSE,17,30,5,1,1,Free_Flow,2,1
5/23/2026 17:45,Tahrir Square,"30.0444,31.2357",30.0444,31.2357,38,66,42,0.966396,FALSE,17,45,5,1,1,Moderate,16,2
5/23/2026 18:00,Corniche El Nil,"30.0263,31.2268",30.0263,31.2268,74,74,43,0.915618,FALSE,18,0,5,1,1,Free_Flow,3,1
5/23/2026 18:15,Mosheer Tantawy Axis,"30.0242,31.3486",30.0242,31.3486,75,75,7,0.91672,FALSE,18,15,5,1,1,Free_Flow,7,1
5/23/2026 18:30,Rod El Farag Axis,"30.0881,31.2185",30.0881,31.2185,75,75,49,0.915109,FALSE,18,30,5,1,1,Free_Flow,13,1
5/23/2026 18:45,Ring Road - Marg,"30.1554,31.3323",30.1554,31.3323,58,60,31,0.882975,FALSE,18,45,5,1,1,Free_Flow,11,1
5/23/2026 19:00,Ring Road - Moneeb,"29.9881,31.2227",29.9881,31.2227,63,63,28,0.886155,FALSE,19,0,5,1,1,Free_Flow,12,1
5/23/2026 19:15,Gamaat El Dowal St,"30.0543,31.2005",30.0543,31.2005,65,76,35,0.951603,FALSE,19,15,5,1,1,Free_Flow,6,1
5/23/2026 19:30,Faisal Street,"30.0051,31.1574",30.0051,31.1574,40,67,13,0.928072,FALSE,19,30,5,1,1,Moderate,4,2
5/23/2026 19:45,North 90th Street,"30.0308,31.4721",30.0308,31.4721,58,58,50,0.923729,FALSE,19,45,5,1,1,Free_Flow,8,1
5/23/2026 20:00,South 90th Street,"30.0195,31.4326",30.0195,31.4326,68,68,27,0.944006,FALSE,20,0,5,1,0,Free_Flow,15,1
5/23/2026 20:15,Ring Road - Maadi,"29.9544,31.2858",29.9544,31.2858,62,62,41,0.88344,FALSE,20,15,5,1,0,Free_Flow,10,1
5/23/2026 20:30,October Bridge,"30.0526,31.2372",30.0526,31.2372,53,69,26,0.982751,FALSE,20,30,5,1,0,Free_Flow,9,1
5/23/2026 20:45,26th July Corridor,"30.0381,31.0264",30.0381,31.0264,68,68,29,0.928133,FALSE,20,45,5,1,0,Free_Flow,0,1
5/23/2026 21:00,Abbas El Akkad,"30.0631,31.3341",30.0631,31.3341,39,77,31,0.990103,FALSE,21,0,5,1,0,Moderate,1,2
5/23/2026 21:15,Galaa Square,"30.0398,31.2188",30.0398,31.2188,65,66,8,0.957685,FALSE,21,15,5,1,0,Free_Flow,5,1
5/23/2026 21:30,Salah Salem,"30.0645,31.282",30.0645,31.282,43,56,8,0.874101,FALSE,21,30,5,1,0,Moderate,14,2
5/23/2026 21:45,Autostrad - Sheraton,"30.1065,31.3711",30.1065,31.3711,74,74,20,0.946988,FALSE,21,45,5,1,0,Free_Flow,2,1
5/23/2026 22:00,Tahrir Square,"30.0444,31.2357",30.0444,31.2357,62,70,11,0.986969,FALSE,22,0,5,1,0,Free_Flow,16,1
5/23/2026 22:15,Corniche El Nil,"30.0263,31.2268",30.0263,31.2268,50,74,19,0.852821,FALSE,22,15,5,1,0,Free_Flow,3,1
5/23/2026 22:30,Mosheer Tantawy Axis,"30.0242,31.3486",30.0242,31.3486,44,80,11,0.962758,FALSE,22,30,5,1,0,Moderate,7,2
5/23/2026 22:45,Rod El Farag Axis,"30.0881,31.2185",30.0881,31.2185,41,72,5,0.916486,FALSE,22,45,5,1,0,Moderate,13,2
5/23/2026 23:00,Ring Road - Marg,"30.1554,31.3323",30.1554,31.3323,57,69,29,0.911586,FALSE,23,0,5,1,0,Free_Flow,11,1
5/23/2026 23:15,Ring Road - Moneeb,"29.9881,31.2227",29.9881,31.2227,71,71,15,0.964448,FALSE,23,15,5,1,0,Free_Flow,12,1
5/23/2026 23:30,Gamaat El Dowal St,"30.0543,31.2005",30.0543,31.2005,40,64,9,0.905692,FALSE,23,30,5,1,0,Moderate,6,2
5/23/2026 23:45,Faisal Street,"30.0051,31.1574",30.0051,31.1574,45,77,42,0.886796,FALSE,23,45,5,1,0,Moderate,4,2
5/24/2026 0:00,North 90th Street,"30.0308,31.4721",30.0308,31.4721,35,78,65,0.887769,FALSE,0,0,6,1,0,Moderate,8,2
5/24/2026 0:15,South 90th Street,"30.0195,31.4326",30.0195,31.4326,45,59,51,0.850652,FALSE,0,15,6,1,0,Moderate,15,2
5/24/2026 0:30,Ring Road - Maadi,"29.9544,31.2858",29.9544,31.2858,52,57,45,0.927168,FALSE,0,30,6,1,0,Free_Flow,10,1
5/24/2026 0:45,October Bridge,"30.0526,31.2372",30.0526,31.2372,52,62,23,0.933314,FALSE,0,45,6,1,0,Free_Flow,9,1
5/24/2026 1:00,26th July Corridor,"30.0381,31.0264",30.0381,31.0264,41,66,29,0.994819,FALSE,1,0,6,1,0,Moderate,0,2
5/24/2026 1:15,Abbas El Akkad,"30.0631,31.3341",30.0631,31.3341,26,70,74,0.980335,FALSE,1,15,6,1,0,Moderate,1,2
5/24/2026 1:30,Galaa Square,"30.0398,31.2188",30.0398,31.2188,26,64,37,0.984139,FALSE,1,30,6,1,0,Moderate,5,2
5/24/2026 1:45,Salah Salem,"30.0645,31.282",30.0645,31.282,57,63,80,0.963435,FALSE,1,45,6,1,0,Free_Flow,14,1
5/24/2026 2:00,Autostrad - Sheraton,"30.1065,31.3711",30.1065,31.3711,65,65,78,0.936107,FALSE,2,0,6,1,0,Free_Flow,2,1
5/24/2026 2:15,Tahrir Square,"30.0444,31.2357",30.0444,31.2357,55,72,39,0.963558,FALSE,2,15,6,1,0,Free_Flow,16,1
5/24/2026 2:30,Corniche El Nil,"30.0263,31.2268",30.0263,31.2268,52,62,75,0.859338,FALSE,2,30,6,1,0,Free_Flow,3,1
5/24/2026 2:45,Mosheer Tantawy Axis,"30.0242,31.3486",30.0242,31.3486,63,63,51,0.973194,FALSE,2,45,6,1,0,Free_Flow,7,1
5/24/2026 3:00,Rod El Farag Axis,"30.0881,31.2185",30.0881,31.2185,65,65,47,0.970138,FALSE,3,0,6,1,0,Free_Flow,13,1
5/24/2026 3:15,Ring Road - Marg,"30.1554,31.3323",30.1554,31.3323,64,65,54,0.921152,FALSE,3,15,6,1,0,Free_Flow,11,1
5/24/2026 3:30,Ring Road - Moneeb,"29.9881,31.2227",29.9881,31.2227,53,77,14,0.996118,FALSE,3,30,6,1,0,Free_Flow,12,1
5/24/2026 3:45,Gamaat El Dowal St,"30.0543,31.2005",30.0543,31.2005,58,79,76,0.860939,FALSE,3,45,6,1,0,Free_Flow,6,1
5/24/2026 4:00,Faisal Street,"30.0051,31.1574",30.0051,31.1574,45,57,31,0.90459,FALSE,4,0,6,1,0,Moderate,4,2
5/24/2026 4:15,North 90th Street,"30.0308,31.4721",30.0308,31.4721,47,69,77,0.877969,FALSE,4,15,6,1,0,Moderate,8,2
5/24/2026 4:30,South 90th Street,"30.0195,31.4326",30.0195,31.4326,25,70,67,0.907472,FALSE,4,30,6,1,0,Moderate,15,2
5/24/2026 4:45,Ring Road - Maadi,"29.9544,31.2858",29.9544,31.2858,29,56,72,0.986556,FALSE,4,45,6,1,0,Moderate,10,2
5/24/2026 5:00,October Bridge,"30.0526,31.2372",30.0526,31.2372,64,76,48,0.968591,FALSE,5,0,6,1,0,Free_Flow,9,1
5/24/2026 5:15,26th July Corridor,"30.0381,31.0264",30.0381,31.0264,60,60,35,0.951935,FALSE,5,15,6,1,0,Free_Flow,0,1
5/24/2026 5:30,Abbas El Akkad,"30.0631,31.3341",30.0631,31.3341,45,67,27,0.970263,FALSE,5,30,6,1,0,Moderate,1,2
5/24/2026 5:45,Galaa Square,"30.0398,31.2188",30.0398,31.2188,38,79,34,0.870608,FALSE,5,45,6,1,0,Moderate,5,2
5/24/2026 6:00,Salah Salem,"30.0645,31.282",30.0645,31.282,28,71,20,0.977599,FALSE,6,0,6,1,0,Moderate,14,2
5/24/2026 6:15,Autostrad - Sheraton,"30.1065,31.3711",30.1065,31.3711,26,59,27,0.896913,FALSE,6,15,6,1,0,Moderate,2,2
5/24/2026 6:30,Tahrir Square,"30.0444,31.2357",30.0444,31.2357,36,56,36,0.911485,FALSE,6,30,6,1,0,Moderate,16,2
5/24/2026 6:45,Corniche El Nil,"30.0263,31.2268",30.0263,31.2268,55,56,44,0.965035,FALSE,6,45,6,1,0,Free_Flow,3,1
5/24/2026 7:00,Mosheer Tantawy Axis,"30.0242,31.3486",30.0242,31.3486,18,58,88,0.895698,FALSE,7,0,6,1,1,Congested,7,0
5/24/2026 7:15,Rod El Farag Axis,"30.0881,31.2185",30.0881,31.2185,34,58,106,0.86264,FALSE,7,15,6,1,1,Moderate,13,2
5/24/2026 7:30,Ring Road - Marg,"30.1554,31.3323",30.1554,31.3323,29,67,78,0.914741,FALSE,7,30,6,1,1,Moderate,11,2
5/24/2026 7:45,Ring Road - Moneeb,"29.9881,31.2227",29.9881,31.2227,10,70,82,0.942675,FALSE,7,45,6,1,1,Congested,12,0
5/24/2026 8:00,Gamaat El Dowal St,"30.0543,31.2005",30.0543,31.2005,32,80,113,0.877068,FALSE,8,0,6,1,1,Moderate,6,2
5/24/2026 8:15,Faisal Street,"30.0051,31.1574",30.0051,31.1574,12,77,113,0.877937,FALSE,8,15,6,1,1,Congested,4,0
5/24/2026 8:30,North 90th Street,"30.0308,31.4721",30.0308,31.4721,14,55,112,0.893688,FALSE,8,30,6,1,1,Congested,8,0
5/24/2026 8:45,South 90th Street,"30.0195,31.4326",30.0195,31.4326,34,77,67,0.995439,FALSE,8,45,6,1,1,Moderate,15,2
5/24/2026 9:00,Ring Road - Maadi,"29.9544,31.2858",29.9544,31.2858,12,69,113,0.911647,FALSE,9,0,6,1,1,Congested,10,0
5/24/2026 9:15,October Bridge,"30.0526,31.2372",30.0526,31.2372,29,80,103,0.876901,FALSE,9,15,6,1,1,Moderate,9,2
5/24/2026 9:30,26th July Corridor,"30.0381,31.0264",30.0381,31.0264,27,68,49,0.9335,FALSE,9,30,6,1,1,Moderate,0,2
5/24/2026 9:45,Abbas El Akkad,"30.0631,31.3341",30.0631,31.3341,19,60,46,0.867804,FALSE,9,45,6,1,1,Congested,1,0
5/24/2026 10:00,Galaa Square,"30.0398,31.2188",30.0398,31.2188,13,75,96,0.974401,FALSE,10,0,6,1,0,Congested,5,0
5/24/2026 10:15,Salah Salem,"30.0645,31.282",30.0645,31.282,19,74,77,0.901304,FALSE,10,15,6,1,0,Congested,14,0
5/24/2026 10:30,Autostrad - Sheraton,"30.1065,31.3711",30.1065,31.3711,14,55,98,0.93977,FALSE,10,30,6,1,0,Congested,2,0
5/24/2026 10:45,Tahrir Square,"30.0444,31.2357",30.0444,31.2357,11,66,87,0.905293,FALSE,10,45,6,1,0,Congested,16,0
5/24/2026 11:00,Corniche El Nil,"30.0263,31.2268",30.0263,31.2268,57,64,29,0.95947,FALSE,11,0,6,1,0,Free_Flow,3,1
5/24/2026 11:15,Mosheer Tantawy Axis,"30.0242,31.3486",30.0242,31.3486,36,74,42,0.932088,FALSE,11,15,6,1,0,Moderate,7,2
5/24/2026 11:30,Rod El Farag Axis,"30.0881,31.2185",30.0881,31.2185,65,67,30,0.856363,FALSE,11,30,6,1,0,Free_Flow,13,1
5/24/2026 11:45,Ring Road - Marg,"30.1554,31.3323",30.1554,31.3323,41,74,37,0.961434,FALSE,11,45,6,1,0,Moderate,11,2
5/24/2026 12:00,Ring Road - Moneeb,"29.9881,31.2227",29.9881,31.2227,42,56,26,0.940237,FALSE,12,0,6,1,0,Moderate,12,2
5/24/2026 12:15,Gamaat El Dowal St,"30.0543,31.2005",30.0543,31.2005,47,75,24,0.850428,FALSE,12,15,6,1,0,Moderate,6,2
5/24/2026 12:30,Faisal Street,"30.0051,31.1574",30.0051,31.1574,58,58,43,0.887904,FALSE,12,30,6,1,0,Free_Flow,4,1
5/24/2026 12:45,North 90th Street,"30.0308,31.4721",30.0308,31.4721,36,57,62,0.857954,FALSE,12,45,6,1,0,Moderate,8,2
5/24/2026 13:00,South 90th Street,"30.0195,31.4326",30.0195,31.4326,52,68,16,0.866351,FALSE,13,0,6,1,0,Free_Flow,15,1
5/24/2026 13:15,Ring Road - Maadi,"29.9544,31.2858",29.9544,31.2858,44,79,24,0.85939,FALSE,13,15,6,1,0,Moderate,10,2
5/24/2026 13:30,October Bridge,"30.0526,31.2372",30.0526,31.2372,59,72,58,0.959124,FALSE,13,30,6,1,0,Free_Flow,9,1
5/24/2026 13:45,26th July Corridor,"30.0381,31.0264",30.0381,31.0264,43,77,40,0.869897,FALSE,13,45,6,1,0,Moderate,0,2
5/24/2026 14:00,Abbas El Akkad,"30.0631,31.3341",30.0631,31.3341,37,79,22,0.900688,FALSE,14,0,6,1,0,Moderate,1,2
5/24/2026 14:15,Galaa Square,"30.0398,31.2188",30.0398,31.2188,65,65,65,0.879898,FALSE,14,15,6,1,0,Free_Flow,5,1
5/24/2026 14:30,Salah Salem,"30.0645,31.282",30.0645,31.282,59,79,68,0.882864,FALSE,14,30,6,1,0,Free_Flow,14,1
5/24/2026 14:45,Autostrad - Sheraton,"30.1065,31.3711",30.1065,31.3711,45,77,59,0.90636,FALSE,14,45,6,1,0,Moderate,2,2
5/24/2026 15:00,Tahrir Square,"30.0444,31.2357",30.0444,31.2357,45,65,63,0.880644,FALSE,15,0,6,1,0,Moderate,16,2
5/24/2026 15:15,Corniche El Nil,"30.0263,31.2268",30.0263,31.2268,51,67,80,0.91046,FALSE,15,15,6,1,0,Free_Flow,3,1
5/24/2026 15:30,Mosheer Tantawy Axis,"30.0242,31.3486",30.0242,31.3486,44,80,53,0.891423,FALSE,15,30,6,1,0,Moderate,7,2
5/24/2026 15:45,Rod El Farag Axis,"30.0881,31.2185",30.0881,31.2185,38,78,55,0.948262,FALSE,15,45,6,1,0,Moderate,13,2
5/24/2026 16:00,Ring Road - Marg,"30.1554,31.3323",30.1554,31.3323,34,76,88,0.898,FALSE,16,0,6,1,1,Moderate,11,2
5/24/2026 16:15,Ring Road - Moneeb,"29.9881,31.2227",29.9881,31.2227,20,72,110,0.938052,FALSE,16,15,6,1,1,Moderate,12,2
5/24/2026 16:30,Gamaat El Dowal St,"30.0543,31.2005",30.0543,31.2005,16,59,45,0.876557,FALSE,16,30,6,1,1,Congested,6,0
5/24/2026 16:45,Faisal Street,"30.0051,31.1574",30.0051,31.1574,13,68,109,0.942844,FALSE,16,45,6,1,1,Congested,4,0
5/24/2026 17:00,North 90th Street,"30.0308,31.4721",30.0308,31.4721,12,67,47,0.999958,FALSE,17,0,6,1,1,Congested,8,0
5/24/2026 17:15,South 90th Street,"30.0195,31.4326",30.0195,31.4326,29,63,102,0.965482,FALSE,17,15,6,1,1,Moderate,15,2
5/24/2026 17:30,Ring Road - Maadi,"29.9544,31.2858",29.9544,31.2858,30,61,55,0.985627,FALSE,17,30,6,1,1,Moderate,10,2
5/24/2026 17:45,October Bridge,"30.0526,31.2372",30.0526,31.2372,35,62,86,0.992562,FALSE,17,45,6,1,1,Moderate,9,2
5/24/2026 18:00,26th July Corridor,"30.0381,31.0264",30.0381,31.0264,23,65,79,0.897838,FALSE,18,0,6,1,1,Moderate,0,2
5/24/2026 18:15,Abbas El Akkad,"30.0631,31.3341",30.0631,31.3341,21,74,44,0.991222,FALSE,18,15,6,1,1,Moderate,1,2
5/24/2026 18:30,Galaa Square,"30.0398,31.2188",30.0398,31.2188,21,57,96,0.961174,FALSE,18,30,6,1,1,Moderate,5,2
5/24/2026 18:45,Salah Salem,"30.0645,31.282",30.0645,31.282,35,67,88,0.994929,FALSE,18,45,6,1,1,Moderate,14,2
5/24/2026 19:00,Autostrad - Sheraton,"30.1065,31.3711",30.1065,31.3711,22,61,68,0.894689,FALSE,19,0,6,1,1,Moderate,2,2
5/24/2026 19:15,Tahrir Square,"30.0444,31.2357",30.0444,31.2357,29,72,46,0.935978,FALSE,19,15,6,1,1,Moderate,16,2
5/24/2026 19:30,Corniche El Nil,"30.0263,31.2268",30.0263,31.2268,30,57,48,0.880151,FALSE,19,30,6,1,1,Moderate,3,2
5/24/2026 19:45,Mosheer Tantawy Axis,"30.0242,31.3486",30.0242,31.3486,35,75,59,0.886312,FALSE,19,45,6,1,1,Moderate,7,2
5/24/2026 20:00,Rod El Farag Axis,"30.0881,31.2185",30.0881,31.2185,28,63,64,0.853398,FALSE,20,0,6,1,0,Moderate,13,2
5/24/2026 20:15,Ring Road - Marg,"30.1554,31.3323",30.1554,31.3323,23,61,63,0.984181,FALSE,20,15,6,1,0,Moderate,11,2
5/24/2026 20:30,Ring Road - Moneeb,"29.9881,31.2227",29.9881,31.2227,32,74,119,0.907308,FALSE,20,30,6,1,0,Moderate,12,2
5/24/2026 20:45,Gamaat El Dowal St,"30.0543,31.2005",30.0543,31.2005,11,58,77,0.936527,FALSE,20,45,6,1,0,Congested,6,0
5/24/2026 21:00,Faisal Street,"30.0051,31.1574",30.0051,31.1574,50,68,75,0.901507,FALSE,21,0,6,1,0,Free_Flow,4,1
5/24/2026 21:15,North 90th Street,"30.0308,31.4721",30.0308,31.4721,61,65,23,0.969223,FALSE,21,15,6,1,0,Free_Flow,8,1
5/24/2026 21:30,South 90th Street,"30.0195,31.4326",30.0195,31.4326,56,69,76,0.960082,FALSE,21,30,6,1,0,Free_Flow,15,1
5/24/2026 21:45,Ring Road - Maadi,"29.9544,31.2858",29.9544,31.2858,62,62,24,0.939242,FALSE,21,45,6,1,0,Free_Flow,10,1
5/24/2026 22:00,October Bridge,"30.0526,31.2372",30.0526,31.2372,32,59,48,0.853717,FALSE,22,0,6,1,0,Moderate,9,2
5/24/2026 22:15,26th July Corridor,"30.0381,31.0264",30.0381,31.0264,36,70,14,0.88542,FALSE,22,15,6,1,0,Moderate,0,2
5/24/2026 22:30,Abbas El Akkad,"30.0631,31.3341",30.0631,31.3341,51,56,17,0.971265,FALSE,22,30,6,1,0,Free_Flow,1,1
5/24/2026 22:45,Galaa Square,"30.0398,31.2188",30.0398,31.2188,63,63,67,0.908258,FALSE,22,45,6,1,0,Free_Flow,5,1
5/24/2026 23:00,Salah Salem,"30.0645,31.282",30.0645,31.282,44,58,15,0.949629,FALSE,23,0,6,1,0,Moderate,14,2
5/24/2026 23:15,Autostrad - Sheraton,"30.1065,31.3711",30.1065,31.3711,28,64,42,0.976532,FALSE,23,15,6,1,0,Moderate,2,2
5/24/2026 23:30,Tahrir Square,"30.0444,31.2357",30.0444,31.2357,59,80,72,0.868613,FALSE,23,30,6,1,0,Free_Flow,16,1
5/24/2026 23:45,Corniche El Nil,"30.0263,31.2268",30.0263,31.2268,36,68,74,0.918333,FALSE,23,45,6,1,0,Moderate,3,2
5/25/2026 0:00,Mosheer Tantawy Axis,"30.0242,31.3486",30.0242,31.3486,44,56,24,0.91015,FALSE,0,0,0,0,0,Moderate,7,2
5/25/2026 0:15,Rod El Farag Axis,"30.0881,31.2185",30.0881,31.2185,36,60,10,0.909073,FALSE,0,15,0,0,0,Moderate,13,2
5/25/2026 0:30,Ring Road - Marg,"30.1554,31.3323",30.1554,31.3323,30,57,52,0.946437,FALSE,0,30,0,0,0,Moderate,11,2
5/25/2026 0:45,Ring Road - Moneeb,"29.9881,31.2227",29.9881,31.2227,43,64,64,0.936281,FALSE,0,45,0,0,0,Moderate,12,2
5/25/2026 1:00,Gamaat El Dowal St,"30.0543,31.2005",30.0543,31.2005,57,70,69,0.937995,FALSE,1,0,0,0,0,Free_Flow,6,1
5/25/2026 1:15,Faisal Street,"30.0051,31.1574",30.0051,31.1574,45,68,54,0.872088,FALSE,1,15,0,0,0,Moderate,4,2
5/25/2026 1:30,North 90th Street,"30.0308,31.4721",30.0308,31.4721,27,55,43,0.878821,FALSE,1,30,0,0,0,Moderate,8,2
5/25/2026 1:45,South 90th Street,"30.0195,31.4326",30.0195,31.4326,54,66,19,0.863391,FALSE,1,45,0,0,0,Free_Flow,15,1
5/25/2026 2:00,Ring Road - Maadi,"29.9544,31.2858",29.9544,31.2858,28,80,18,0.944214,FALSE,2,0,0,0,0,Moderate,10,2
5/25/2026 2:15,October Bridge,"30.0526,31.2372",30.0526,31.2372,47,60,51,0.916405,FALSE,2,15,0,0,0,Moderate,9,2
5/25/2026 2:30,26th July Corridor,"30.0381,31.0264",30.0381,31.0264,34,73,78,0.857575,FALSE,2,30,0,0,0,Moderate,0,2
5/25/2026 2:45,Abbas El Akkad,"30.0631,31.3341",30.0631,31.3341,41,68,37,0.940863,FALSE,2,45,0,0,0,Moderate,1,2
5/25/2026 3:00,Galaa Square,"30.0398,31.2188",30.0398,31.2188,29,62,59,0.858382,FALSE,3,0,0,0,0,Moderate,5,2
5/25/2026 3:15,Salah Salem,"30.0645,31.282",30.0645,31.282,33,58,79,0.944469,FALSE,3,15,0,0,0,Moderate,14,2
5/25/2026 3:30,Autostrad - Sheraton,"30.1065,31.3711",30.1065,31.3711,37,56,43,0.944739,FALSE,3,30,0,0,0,Moderate,2,2
5/25/2026 3:45,Tahrir Square,"30.0444,31.2357",30.0444,31.2357,26,74,16,0.907065,FALSE,3,45,0,0,0,Moderate,16,2
5/25/2026 4:00,Corniche El Nil,"30.0263,31.2268",30.0263,31.2268,31,76,75,0.85303,FALSE,4,0,0,0,0,Moderate,3,2
5/25/2026 4:15,Mosheer Tantawy Axis,"30.0242,31.3486",30.0242,31.3486,34,74,45,0.903948,FALSE,4,15,0,0,0,Moderate,7,2
5/25/2026 4:30,Rod El Farag Axis,"30.0881,31.2185",30.0881,31.2185,62,62,11,0.954676,FALSE,4,30,0,0,0,Free_Flow,13,1
5/25/2026 4:45,Ring Road - Marg,"30.1554,31.3323",30.1554,31.3323,53,62,36,0.987911,FALSE,4,45,0,0,0,Free_Flow,11,1
5/25/2026 5:00,Ring Road - Moneeb,"29.9881,31.2227",29.9881,31.2227,50,78,69,0.948005,FALSE,5,0,0,0,0,Free_Flow,12,1
5/25/2026 5:15,Gamaat El Dowal St,"30.0543,31.2005",30.0543,31.2005,62,62,18,0.888632,FALSE,5,15,0,0,0,Free_Flow,6,1
5/25/2026 5:30,Faisal Street,"30.0051,31.1574",30.0051,31.1574,57,61,47,0.92881,FALSE,5,30,0,0,0,Free_Flow,4,1
5/25/2026 5:45,North 90th Street,"30.0308,31.4721",30.0308,31.4721,44,69,78,0.933286,FALSE,5,45,0,0,0,Moderate,8,2
5/25/2026 6:00,South 90th Street,"30.0195,31.4326",30.0195,31.4326,28,72,70,0.945271,FALSE,6,0,0,0,0,Moderate,15,2
5/25/2026 6:15,Ring Road - Maadi,"29.9544,31.2858",29.9544,31.2858,41,78,54,0.912208,FALSE,6,15,0,0,0,Moderate,10,2
5/25/2026 6:30,October Bridge,"30.0526,31.2372",30.0526,31.2372,49,63,62,0.871876,FALSE,6,30,0,0,0,Moderate,9,2
5/25/2026 6:45,26th July Corridor,"30.0381,31.0264",30.0381,31.0264,27,56,14,0.947423,FALSE,6,45,0,0,0,Moderate,0,2
5/25/2026 7:00,Abbas El Akkad,"30.0631,31.3341",30.0631,31.3341,23,80,70,0.869954,FALSE,7,0,0,0,1,Moderate,1,2
5/25/2026 7:15,Galaa Square,"30.0398,31.2188",30.0398,31.2188,33,66,91,0.85104,FALSE,7,15,0,0,1,Moderate,5,2
5/25/2026 7:30,Salah Salem,"30.0645,31.282",30.0645,31.282,16,71,96,0.862935,FALSE,7,30,0,0,1,Congested,14,0
5/25/2026 7:45,Autostrad - Sheraton,"30.1065,31.3711",30.1065,31.3711,13,73,100,0.923763,FALSE,7,45,0,0,1,Congested,2,0
5/25/2026 8:00,Tahrir Square,"30.0444,31.2357",30.0444,31.2357,30,56,79,0.993873,FALSE,8,0,0,0,1,Moderate,16,2
5/25/2026 8:15,Corniche El Nil,"30.0263,31.2268",30.0263,31.2268,30,72,72,0.873987,FALSE,8,15,0,0,1,Moderate,3,2
5/25/2026 8:30,Mosheer Tantawy Axis,"30.0242,31.3486",30.0242,31.3486,26,69,93,0.9433,FALSE,8,30,0,0,1,Moderate,7,2
5/25/2026 8:45,Rod El Farag Axis,"30.0881,31.2185",30.0881,31.2185,15,63,67,0.899912,FALSE,8,45,0,0,1,Congested,13,0
5/25/2026 9:00,Ring Road - Marg,"30.1554,31.3323",30.1554,31.3323,20,76,57,0.900772,FALSE,9,0,0,0,1,Moderate,11,2
5/25/2026 9:15,Ring Road - Moneeb,"29.9881,31.2227",29.9881,31.2227,31,72,106,0.901292,FALSE,9,15,0,0,1,Moderate,12,2
5/25/2026 9:30,Gamaat El Dowal St,"30.0543,31.2005",30.0543,31.2005,27,79,77,0.984751,FALSE,9,30,0,0,1,Moderate,6,2
5/25/2026 9:45,Faisal Street,"30.0051,31.1574",30.0051,31.1574,15,66,51,0.923843,FALSE,9,45,0,0,1,Congested,4,0
5/25/2026 10:00,North 90th Street,"30.0308,31.4721",30.0308,31.4721,19,70,117,0.90739,FALSE,10,0,0,0,0,Congested,8,0
5/25/2026 10:15,South 90th Street,"30.0195,31.4326",30.0195,31.4326,33,69,99,0.8942,FALSE,10,15,0,0,0,Moderate,15,2
5/25/2026 10:30,Ring Road - Maadi,"29.9544,31.2858",29.9544,31.2858,27,57,79,0.8731,FALSE,10,30,0,0,0,Moderate,10,2
5/25/2026 10:45,October Bridge,"30.0526,31.2372",30.0526,31.2372,10,58,86,0.927362,FALSE,10,45,0,0,0,Congested,9,0
5/25/2026 11:00,26th July Corridor,"30.0381,31.0264",30.0381,31.0264,31,75,31,0.952211,FALSE,11,0,0,0,0,Moderate,0,2
5/25/2026 11:15,Abbas El Akkad,"30.0631,31.3341",30.0631,31.3341,36,66,30,0.892116,FALSE,11,15,0,0,0,Moderate,1,2
5/25/2026 11:30,Galaa Square,"30.0398,31.2188",30.0398,31.2188,40,55,64,0.921685,FALSE,11,30,0,0,0,Moderate,5,2
5/25/2026 11:45,Salah Salem,"30.0645,31.282",30.0645,31.282,53,80,42,0.96985,FALSE,11,45,0,0,0,Free_Flow,14,1
5/25/2026 12:00,Autostrad - Sheraton,"30.1065,31.3711",30.1065,31.3711,34,56,62,0.883269,FALSE,12,0,0,0,0,Moderate,2,2
5/25/2026 12:15,Tahrir Square,"30.0444,31.2357",30.0444,31.2357,40,68,73,0.854701,FALSE,12,15,0,0,0,Moderate,16,2
5/25/2026 12:30,Corniche El Nil,"30.0263,31.2268",30.0263,31.2268,37,79,23,0.858819,FALSE,12,30,0,0,0,Moderate,3,2
5/25/2026 12:45,Mosheer Tantawy Axis,"30.0242,31.3486",30.0242,31.3486,40,72,50,0.878473,FALSE,12,45,0,0,0,Moderate,7,2
5/25/2026 13:00,Rod El Farag Axis,"30.0881,31.2185",30.0881,31.2185,26,56,46,0.991869,FALSE,13,0,0,0,0,Moderate,13,2
5/25/2026 13:15,Ring Road - Marg,"30.1554,31.3323",30.1554,31.3323,31,70,29,0.958482,FALSE,13,15,0,0,0,Moderate,11,2
5/25/2026 13:30,Ring Road - Moneeb,"29.9881,31.2227",29.9881,31.2227,31,64,32,0.983148,FALSE,13,30,0,0,0,Moderate,12,2
5/25/2026 13:45,Gamaat El Dowal St,"30.0543,31.2005",30.0543,31.2005,41,74,40,0.892471,FALSE,13,45,0,0,0,Moderate,6,2
5/25/2026 14:00,Faisal Street,"30.0051,31.1574",30.0051,31.1574,30,72,52,0.949958,FALSE,14,0,0,0,0,Moderate,4,2
5/25/2026 14:15,North 90th Street,"30.0308,31.4721",30.0308,31.4721,53,55,65,0.979792,FALSE,14,15,0,0,0,Free_Flow,8,1
5/25/2026 14:30,South 90th Street,"30.0195,31.4326",30.0195,31.4326,52,74,10,0.892662,FALSE,14,30,0,0,0,Free_Flow,15,1
5/25/2026 14:45,Ring Road - Maadi,"29.9544,31.2858",29.9544,31.2858,36,75,59,0.854191,FALSE,14,45,0,0,0,Moderate,10,2
5/25/2026 15:00,October Bridge,"30.0526,31.2372",30.0526,31.2372,63,63,23,0.902884,FALSE,15,0,0,0,0,Free_Flow,9,1
5/25/2026 15:15,26th July Corridor,"30.0381,31.0264",30.0381,31.0264,26,58,20,0.924361,FALSE,15,15,0,0,0,Moderate,0,2
5/25/2026 15:30,Abbas El Akkad,"30.0631,31.3341",30.0631,31.3341,65,65,56,0.927272,FALSE,15,30,0,0,0,Free_Flow,1,1
5/25/2026 15:45,Galaa Square,"30.0398,31.2188",30.0398,31.2188,55,78,30,0.968896,FALSE,15,45,0,0,0,Free_Flow,5,1
5/25/2026 16:00,Salah Salem,"30.0645,31.282",30.0645,31.282,31,74,82,0.956836,FALSE,16,0,0,0,1,Moderate,14,2
5/25/2026 16:15,Autostrad - Sheraton,"30.1065,31.3711",30.1065,31.3711,15,58,99,0.872835,FALSE,16,15,0,0,1,Congested,2,0
5/25/2026 16:30,Tahrir Square,"30.0444,31.2357",30.0444,31.2357,24,72,65,0.877707,FALSE,16,30,0,0,1,Moderate,16,2
5/25/2026 16:45,Corniche El Nil,"30.0263,31.2268",30.0263,31.2268,16,56,100,0.898455,FALSE,16,45,0,0,1,Congested,3,0
5/25/2026 17:00,Mosheer Tantawy Axis,"30.0242,31.3486",30.0242,31.3486,31,70,52,0.971226,FALSE,17,0,0,0,1,Moderate,7,2
5/25/2026 17:15,Rod El Farag Axis,"30.0881,31.2185",30.0881,31.2185,35,69,81,0.953834,FALSE,17,15,0,0,1,Moderate,13,2
5/25/2026 17:30,Ring Road - Marg,"30.1554,31.3323",30.1554,31.3323,33,61,104,0.993554,FALSE,17,30,0,0,1,Moderate,11,2
5/25/2026 17:45,Ring Road - Moneeb,"29.9881,31.2227",29.9881,31.2227,33,76,110,0.943722,FALSE,17,45,0,0,1,Moderate,12,2
5/25/2026 18:00,Gamaat El Dowal St,"30.0543,31.2005",30.0543,31.2005,29,63,88,0.935573,FALSE,18,0,0,0,1,Moderate,6,2
5/25/2026 18:15,Faisal Street,"30.0051,31.1574",30.0051,31.1574,30,78,49,0.983982,FALSE,18,15,0,0,1,Moderate,4,2
5/25/2026 18:30,North 90th Street,"30.0308,31.4721",30.0308,31.4721,34,79,55,0.904712,FALSE,18,30,0,0,1,Moderate,8,2
5/25/2026 18:45,South 90th Street,"30.0195,31.4326",30.0195,31.4326,29,71,95,0.981093,FALSE,18,45,0,0,1,Moderate,15,2
5/25/2026 19:00,Ring Road - Maadi,"29.9544,31.2858",29.9544,31.2858,19,67,108,0.859361,FALSE,19,0,0,0,1,Congested,10,0
5/25/2026 19:15,October Bridge,"30.0526,31.2372",30.0526,31.2372,23,73,60,0.9885,FALSE,19,15,0,0,1,Moderate,9,2
5/25/2026 19:30,26th July Corridor,"30.0381,31.0264",30.0381,31.0264,15,71,84,0.864526,FALSE,19,30,0,0,1,Congested,0,0
5/25/2026 19:45,Abbas El Akkad,"30.0631,31.3341",30.0631,31.3341,17,60,117,0.914872,FALSE,19,45,0,0,1,Congested,1,0
5/25/2026 20:00,Galaa Square,"30.0398,31.2188",30.0398,31.2188,15,60,69,0.948744,FALSE,20,0,0,0,0,Congested,5,0
5/25/2026 20:15,Salah Salem,"30.0645,31.282",30.0645,31.282,35,79,57,0.864837,FALSE,20,15,0,0,0,Moderate,14,2
5/25/2026 20:30,Autostrad - Sheraton,"30.1065,31.3711",30.1065,31.3711,34,55,79,0.918862,FALSE,20,30,0,0,0,Moderate,2,2
5/25/2026 20:45,Tahrir Square,"30.0444,31.2357",30.0444,31.2357,20,59,110,0.947065,FALSE,20,45,0,0,0,Moderate,16,2
5/25/2026 21:00,Corniche El Nil,"30.0263,31.2268",30.0263,31.2268,27,61,74,0.89719,FALSE,21,0,0,0,0,Moderate,3,2
5/25/2026 21:15,Mosheer Tantawy Axis,"30.0242,31.3486",30.0242,31.3486,51,73,42,0.974107,FALSE,21,15,0,0,0,Free_Flow,7,1
5/25/2026 21:30,Rod El Farag Axis,"30.0881,31.2185",30.0881,31.2185,52,56,56,0.889316,FALSE,21,30,0,0,0,Free_Flow,13,1
5/25/2026 21:45,Ring Road - Marg,"30.1554,31.3323",30.1554,31.3323,60,64,21,0.875798,FALSE,21,45,0,0,0,Free_Flow,11,1
5/25/2026 22:00,Ring Road - Moneeb,"29.9881,31.2227",29.9881,31.2227,31,68,59,0.858883,FALSE,22,0,0,0,0,Moderate,12,2
5/25/2026 22:15,Gamaat El Dowal St,"30.0543,31.2005",30.0543,31.2005,28,80,77,0.863862,FALSE,22,15,0,0,0,Moderate,6,2
5/25/2026 22:30,Faisal Street,"30.0051,31.1574",30.0051,31.1574,57,69,68,0.905481,FALSE,22,30,0,0,0,Free_Flow,4,1
5/25/2026 22:45,North 90th Street,"30.0308,31.4721",30.0308,31.4721,53,70,50,0.927966,FALSE,22,45,0,0,0,Free_Flow,8,1
5/25/2026 23:00,South 90th Street,"30.0195,31.4326",30.0195,31.4326,37,67,80,0.940423,FALSE,23,0,0,0,0,Moderate,15,2
5/25/2026 23:15,Ring Road - Maadi,"29.9544,31.2858",29.9544,31.2858,56,71,74,0.930976,FALSE,23,15,0,0,0,Free_Flow,10,1
5/25/2026 23:30,October Bridge,"30.0526,31.2372",30.0526,31.2372,43,57,71,0.890187,FALSE,23,30,0,0,0,Moderate,9,2
5/25/2026 23:45,26th July Corridor,"30.0381,31.0264",30.0381,31.0264,46,76,72,0.854973,FALSE,23,45,0,0,0,Moderate,0,2
5/26/2026 0:00,Abbas El Akkad,"30.0631,31.3341",30.0631,31.3341,59,63,80,0.893735,FALSE,0,0,1,0,0,Free_Flow,1,1
5/26/2026 0:15,Galaa Square,"30.0398,31.2188",30.0398,31.2188,30,56,19,0.935758,FALSE,0,15,1,0,0,Moderate,5,2
5/26/2026 0:30,Salah Salem,"30.0645,31.282",30.0645,31.282,37,79,55,0.892875,FALSE,0,30,1,0,0,Moderate,14,2
5/26/2026 0:45,Autostrad - Sheraton,"30.1065,31.3711",30.1065,31.3711,50,59,69,0.903235,FALSE,0,45,1,0,0,Free_Flow,2,1
5/26/2026 1:00,Tahrir Square,"30.0444,31.2357",30.0444,31.2357,53,73,24,0.874168,FALSE,1,0,1,0,0,Free_Flow,16,1
5/26/2026 1:15,Corniche El Nil,"30.0263,31.2268",30.0263,31.2268,40,77,54,0.924339,FALSE,1,15,1,0,0,Moderate,3,2
5/26/2026 1:30,Mosheer Tantawy Axis,"30.0242,31.3486",30.0242,31.3486,29,62,47,0.96109,FALSE,1,30,1,0,0,Moderate,7,2
5/26/2026 1:45,Rod El Farag Axis,"30.0881,31.2185",30.0881,31.2185,48,56,19,0.939179,FALSE,1,45,1,0,0,Moderate,13,2
5/26/2026 2:00,Ring Road - Marg,"30.1554,31.3323",30.1554,31.3323,38,75,44,0.85899,FALSE,2,0,1,0,0,Moderate,11,2
5/26/2026 2:15,Ring Road - Moneeb,"29.9881,31.2227",29.9881,31.2227,43,58,46,0.926124,FALSE,2,15,1,0,0,Moderate,12,2
5/26/2026 2:30,Gamaat El Dowal St,"30.0543,31.2005",30.0543,31.2005,37,80,13,0.947465,FALSE,2,30,1,0,0,Moderate,6,2
5/26/2026 2:45,Faisal Street,"30.0051,31.1574",30.0051,31.1574,31,64,43,0.895841,FALSE,2,45,1,0,0,Moderate,4,2
5/26/2026 3:00,North 90th Street,"30.0308,31.4721",30.0308,31.4721,25,68,29,0.87922,FALSE,3,0,1,0,0,Moderate,8,2
5/26/2026 3:15,South 90th Street,"30.0195,31.4326",30.0195,31.4326,60,67,12,0.86599,FALSE,3,15,1,0,0,Free_Flow,15,1
5/26/2026 3:30,Ring Road - Maadi,"29.9544,31.2858",29.9544,31.2858,26,65,59,0.903505,FALSE,3,30,1,0,0,Moderate,10,2
5/26/2026 3:45,October Bridge,"30.0526,31.2372",30.0526,31.2372,42,62,24,0.880965,FALSE,3,45,1,0,0,Moderate,9,2
5/26/2026 4:00,26th July Corridor,"30.0381,31.0264",30.0381,31.0264,65,67,76,0.9502,FALSE,4,0,1,0,0,Free_Flow,0,1
5/26/2026 4:15,Abbas El Akkad,"30.0631,31.3341",30.0631,31.3341,58,73,30,0.972148,FALSE,4,15,1,0,0,Free_Flow,1,1
5/26/2026 4:30,Galaa Square,"30.0398,31.2188",30.0398,31.2188,46,62,15,0.925082,FALSE,4,30,1,0,0,Moderate,5,2
5/26/2026 4:45,Salah Salem,"30.0645,31.282",30.0645,31.282,56,79,21,0.862207,FALSE,4,45,1,0,0,Free_Flow,14,1
5/26/2026 5:00,Autostrad - Sheraton,"30.1065,31.3711",30.1065,31.3711,56,75,55,0.890974,FALSE,5,0,1,0,0,Free_Flow,2,1
5/26/2026 5:15,Tahrir Square,"30.0444,31.2357",30.0444,31.2357,25,65,74,0.903462,FALSE,5,15,1,0,0,Moderate,16,2
5/26/2026 5:30,Corniche El Nil,"30.0263,31.2268",30.0263,31.2268,64,72,32,0.851699,FALSE,5,30,1,0,0,Free_Flow,3,1
5/26/2026 5:45,Mosheer Tantawy Axis,"30.0242,31.3486",30.0242,31.3486,37,78,32,0.860232,FALSE,5,45,1,0,0,Moderate,7,2
5/26/2026 6:00,Rod El Farag Axis,"30.0881,31.2185",30.0881,31.2185,51,59,76,0.884652,FALSE,6,0,1,0,0,Free_Flow,13,1
5/26/2026 6:15,Ring Road - Marg,"30.1554,31.3323",30.1554,31.3323,59,63,62,0.977804,FALSE,6,15,1,0,0,Free_Flow,11,1
5/26/2026 6:30,Ring Road - Moneeb,"29.9881,31.2227",29.9881,31.2227,50,75,11,0.881997,FALSE,6,30,1,0,0,Free_Flow,12,1
5/26/2026 6:45,Gamaat El Dowal St,"30.0543,31.2005",30.0543,31.2005,39,58,66,0.930073,FALSE,6,45,1,0,0,Moderate,6,2
5/26/2026 7:00,Faisal Street,"30.0051,31.1574",30.0051,31.1574,13,68,81,0.966023,FALSE,7,0,1,0,1,Congested,4,0
5/26/2026 7:15,North 90th Street,"30.0308,31.4721",30.0308,31.4721,16,73,71,0.898637,FALSE,7,15,1,0,1,Congested,8,0
5/26/2026 7:30,South 90th Street,"30.0195,31.4326",30.0195,31.4326,17,55,105,0.993265,FALSE,7,30,1,0,1,Congested,15,0
5/26/2026 7:45,Ring Road - Maadi,"29.9544,31.2858",29.9544,31.2858,34,64,117,0.863263,FALSE,7,45,1,0,1,Moderate,10,2
5/26/2026 8:00,October Bridge,"30.0526,31.2372",30.0526,31.2372,30,63,42,0.965841,FALSE,8,0,1,0,1,Moderate,9,2
5/26/2026 8:15,26th July Corridor,"30.0381,31.0264",30.0381,31.0264,22,72,99,0.875901,FALSE,8,15,1,0,1,Moderate,0,2
5/26/2026 8:30,Abbas El Akkad,"30.0631,31.3341",30.0631,31.3341,33,62,89,0.90418,FALSE,8,30,1,0,1,Moderate,1,2
5/26/2026 8:45,Galaa Square,"30.0398,31.2188",30.0398,31.2188,21,67,96,0.860018,FALSE,8,45,1,0,1,Moderate,5,2
5/26/2026 9:00,Salah Salem,"30.0645,31.282",30.0645,31.282,12,79,84,0.979511,FALSE,9,0,1,0,1,Congested,14,0
5/26/2026 9:15,Autostrad - Sheraton,"30.1065,31.3711",30.1065,31.3711,10,61,53,0.919469,FALSE,9,15,1,0,1,Congested,2,0
5/26/2026 9:30,Tahrir Square,"30.0444,31.2357",30.0444,31.2357,29,57,104,0.90181,FALSE,9,30,1,0,1,Moderate,16,2
5/26/2026 9:45,Corniche El Nil,"30.0263,31.2268",30.0263,31.2268,23,58,65,0.871248,FALSE,9,45,1,0,1,Moderate,3,2
5/26/2026 10:00,Mosheer Tantawy Axis,"30.0242,31.3486",30.0242,31.3486,19,62,55,0.987359,FALSE,10,0,1,0,0,Congested,7,0
5/26/2026 10:15,Rod El Farag Axis,"30.0881,31.2185",30.0881,31.2185,28,65,113,0.9614,FALSE,10,15,1,0,0,Moderate,13,2
5/26/2026 10:30,Ring Road - Marg,"30.1554,31.3323",30.1554,31.3323,33,56,118,0.876786,FALSE,10,30,1,0,0,Moderate,11,2
5/26/2026 10:45,Ring Road - Moneeb,"29.9881,31.2227",29.9881,31.2227,11,69,72,0.867858,FALSE,10,45,1,0,0,Congested,12,0
5/26/2026 11:00,Gamaat El Dowal St,"30.0543,31.2005",30.0543,31.2005,35,55,63,0.951069,FALSE,11,0,1,0,0,Moderate,6,2
5/26/2026 11:15,Faisal Street,"30.0051,31.1574",30.0051,31.1574,63,75,15,0.880873,FALSE,11,15,1,0,0,Free_Flow,4,1
5/26/2026 11:30,North 90th Street,"30.0308,31.4721",30.0308,31.4721,25,64,42,0.991533,FALSE,11,30,1,0,0,Moderate,8,2
5/26/2026 11:45,South 90th Street,"30.0195,31.4326",30.0195,31.4326,55,78,23,0.981874,FALSE,11,45,1,0,0,Free_Flow,15,1
5/26/2026 12:00,Ring Road - Maadi,"29.9544,31.2858",29.9544,31.2858,47,62,14,0.940878,FALSE,12,0,1,0,0,Moderate,10,2
5/26/2026 12:15,October Bridge,"30.0526,31.2372",30.0526,31.2372,37,64,34,0.858957,FALSE,12,15,1,0,0,Moderate,9,2
5/26/2026 12:30,26th July Corridor,"30.0381,31.0264",30.0381,31.0264,65,67,55,0.965254,FALSE,12,30,1,0,0,Free_Flow,0,1
5/26/2026 12:45,Abbas El Akkad,"30.0631,31.3341",30.0631,31.3341,38,79,62,0.878107,FALSE,12,45,1,0,0,Moderate,1,2
5/26/2026 13:00,Galaa Square,"30.0398,31.2188",30.0398,31.2188,47,68,68,0.990166,FALSE,13,0,1,0,0,Moderate,5,2
5/26/2026 13:15,Salah Salem,"30.0645,31.282",30.0645,31.282,36,67,62,0.958121,FALSE,13,15,1,0,0,Moderate,14,2
5/26/2026 13:30,Autostrad - Sheraton,"30.1065,31.3711",30.1065,31.3711,60,70,27,0.969015,FALSE,13,30,1,0,0,Free_Flow,2,1
5/26/2026 13:45,Tahrir Square,"30.0444,31.2357",30.0444,31.2357,57,73,39,0.980831,FALSE,13,45,1,0,0,Free_Flow,16,1
5/26/2026 14:00,Corniche El Nil,"30.0263,31.2268",30.0263,31.2268,45,71,67,0.913452,FALSE,14,0,1,0,0,Moderate,3,2
5/26/2026 14:15,Mosheer Tantawy Axis,"30.0242,31.3486",30.0242,31.3486,58,64,61,0.983717,FALSE,14,15,1,0,0,Free_Flow,7,1
5/26/2026 14:30,Rod El Farag Axis,"30.0881,31.2185",30.0881,31.2185,63,63,29,0.917788,FALSE,14,30,1,0,0,Free_Flow,13,1
5/26/2026 14:45,Ring Road - Marg,"30.1554,31.3323",30.1554,31.3323,63,66,72,0.883637,FALSE,14,45,1,0,0,Free_Flow,11,1
5/26/2026 15:00,Ring Road - Moneeb,"29.9881,31.2227",29.9881,31.2227,32,60,23,0.965226,FALSE,15,0,1,0,0,Moderate,12,2
5/26/2026 15:15,Gamaat El Dowal St,"30.0543,31.2005",30.0543,31.2005,28,68,56,0.884338,FALSE,15,15,1,0,0,Moderate,6,2
5/26/2026 15:30,Faisal Street,"30.0051,31.1574",30.0051,31.1574,53,69,58,0.904963,FALSE,15,30,1,0,0,Free_Flow,4,1
5/26/2026 15:45,North 90th Street,"30.0308,31.4721",30.0308,31.4721,42,74,62,0.969112,FALSE,15,45,1,0,0,Moderate,8,2
5/26/2026 16:00,South 90th Street,"30.0195,31.4326",30.0195,31.4326,16,60,43,0.965313,FALSE,16,0,1,0,1,Congested,15,0
5/26/2026 16:15,Ring Road - Maadi,"29.9544,31.2858",29.9544,31.2858,31,60,90,0.941791,FALSE,16,15,1,0,1,Moderate,10,2
5/26/2026 16:30,October Bridge,"30.0526,31.2372",30.0526,31.2372,19,80,113,0.879571,FALSE,16,30,1,0,1,Congested,9,0
5/26/2026 16:45,26th July Corridor,"30.0381,31.0264",30.0381,31.0264,28,64,45,0.959063,FALSE,16,45,1,0,1,Moderate,0,2
5/26/2026 17:00,Abbas El Akkad,"30.0631,31.3341",30.0631,31.3341,24,79,58,0.877914,FALSE,17,0,1,0,1,Moderate,1,2
5/26/2026 17:15,Galaa Square,"30.0398,31.2188",30.0398,31.2188,12,77,94,0.936856,FALSE,17,15,1,0,1,Congested,5,0
5/26/2026 17:30,Salah Salem,"30.0645,31.282",30.0645,31.282,28,80,94,0.892628,FALSE,17,30,1,0,1,Moderate,14,2
5/26/2026 17:45,Autostrad - Sheraton,"30.1065,31.3711",30.1065,31.3711,30,67,47,0.972277,FALSE,17,45,1,0,1,Moderate,2,2
5/26/2026 18:00,Tahrir Square,"30.0444,31.2357",30.0444,31.2357,34,77,90,0.908429,FALSE,18,0,1,0,1,Moderate,16,2
5/26/2026 18:15,Corniche El Nil,"30.0263,31.2268",30.0263,31.2268,10,68,98,0.948371,FALSE,18,15,1,0,1,Congested,3,0
5/26/2026 18:30,Mosheer Tantawy Axis,"30.0242,31.3486",30.0242,31.3486,13,69,65,0.938109,FALSE,18,30,1,0,1,Congested,7,0
5/26/2026 18:45,Rod El Farag Axis,"30.0881,31.2185",30.0881,31.2185,11,79,78,0.853249,FALSE,18,45,1,0,1,Congested,13,0
5/26/2026 19:00,Ring Road - Marg,"30.1554,31.3323",30.1554,31.3323,34,71,111,0.87052,FALSE,19,0,1,0,1,Moderate,11,2
5/26/2026 19:15,Ring Road - Moneeb,"29.9881,31.2227",29.9881,31.2227,32,66,55,0.872027,FALSE,19,15,1,0,1,Moderate,12,2
5/26/2026 19:30,Gamaat El Dowal St,"30.0543,31.2005",30.0543,31.2005,35,65,60,0.917786,FALSE,19,30,1,0,1,Moderate,6,2
5/26/2026 19:45,Faisal Street,"30.0051,31.1574",30.0051,31.1574,35,79,98,0.881647,FALSE,19,45,1,0,1,Moderate,4,2
5/26/2026 20:00,North 90th Street,"30.0308,31.4721",30.0308,31.4721,25,57,71,0.867039,FALSE,20,0,1,0,0,Moderate,8,2
5/26/2026 20:15,South 90th Street,"30.0195,31.4326",30.0195,31.4326,27,60,66,0.968784,FALSE,20,15,1,0,0,Moderate,15,2
5/26/2026 20:30,Ring Road - Maadi,"29.9544,31.2858",29.9544,31.2858,28,63,63,0.984359,FALSE,20,30,1,0,0,Moderate,10,2
5/26/2026 20:45,October Bridge,"30.0526,31.2372",30.0526,31.2372,22,56,99,0.87132,FALSE,20,45,1,0,0,Moderate,9,2
5/26/2026 21:00,26th July Corridor,"30.0381,31.0264",30.0381,31.0264,26,63,63,0.919792,FALSE,21,0,1,0,0,Moderate,0,2
5/26/2026 21:15,Abbas El Akkad,"30.0631,31.3341",30.0631,31.3341,53,64,45,0.982343,FALSE,21,15,1,0,0,Free_Flow,1,1
5/26/2026 21:30,Galaa Square,"30.0398,31.2188",30.0398,31.2188,53,60,11,0.954799,FALSE,21,30,1,0,0,Free_Flow,5,1
5/26/2026 21:45,Salah Salem,"30.0645,31.282",30.0645,31.282,35,67,42,0.881816,FALSE,21,45,1,0,0,Moderate,14,2
5/26/2026 22:00,Autostrad - Sheraton,"30.1065,31.3711",30.1065,31.3711,25,66,58,0.924571,FALSE,22,0,1,0,0,Moderate,2,2
5/26/2026 22:15,Tahrir Square,"30.0444,31.2357",30.0444,31.2357,29,74,76,0.963915,FALSE,22,15,1,0,0,Moderate,16,2
5/26/2026 22:30,Corniche El Nil,"30.0263,31.2268",30.0263,31.2268,44,80,42,0.906521,FALSE,22,30,1,0,0,Moderate,3,2
5/26/2026 22:45,Mosheer Tantawy Axis,"30.0242,31.3486",30.0242,31.3486,31,75,25,0.92332,FALSE,22,45,1,0,0,Moderate,7,2
5/26/2026 23:00,Rod El Farag Axis,"30.0881,31.2185",30.0881,31.2185,56,74,24,0.890197,FALSE,23,0,1,0,0,Free_Flow,13,1
5/26/2026 23:15,Ring Road - Marg,"30.1554,31.3323",30.1554,31.3323,31,68,48,0.858294,FALSE,23,15,1,0,0,Moderate,11,2
5/26/2026 23:30,Ring Road - Moneeb,"29.9881,31.2227",29.9881,31.2227,43,70,30,0.874622,FALSE,23,30,1,0,0,Moderate,12,2
5/26/2026 23:45,Gamaat El Dowal St,"30.0543,31.2005",30.0543,31.2005,43,62,63,0.887546,FALSE,23,45,1,0,0,Moderate,6,2
5/27/2026 0:00,Faisal Street,"30.0051,31.1574",30.0051,31.1574,32,76,43,0.901649,FALSE,0,0,2,0,0,Moderate,4,2
5/27/2026 0:15,North 90th Street,"30.0308,31.4721",30.0308,31.4721,47,77,70,0.883219,FALSE,0,15,2,0,0,Moderate,8,2
5/27/2026 0:30,South 90th Street,"30.0195,31.4326",30.0195,31.4326,52,71,80,0.936998,FALSE,0,30,2,0,0,Free_Flow,15,1
5/27/2026 0:45,Ring Road - Maadi,"29.9544,31.2858",29.9544,31.2858,43,55,39,0.855293,FALSE,0,45,2,0,0,Moderate,10,2
5/27/2026 1:00,October Bridge,"30.0526,31.2372",30.0526,31.2372,42,77,57,0.960902,FALSE,1,0,2,0,0,Moderate,9,2
5/27/2026 1:15,26th July Corridor,"30.0381,31.0264",30.0381,31.0264,30,62,79,0.86791,FALSE,1,15,2,0,0,Moderate,0,2
5/27/2026 1:30,Abbas El Akkad,"30.0631,31.3341",30.0631,31.3341,27,73,42,0.924652,FALSE,1,30,2,0,0,Moderate,1,2
5/27/2026 1:45,Galaa Square,"30.0398,31.2188",30.0398,31.2188,52,60,28,0.881892,FALSE,1,45,2,0,0,Free_Flow,5,1
5/27/2026 2:00,Salah Salem,"30.0645,31.282",30.0645,31.282,59,64,30,0.923457,FALSE,2,0,2,0,0,Free_Flow,14,1
5/27/2026 2:15,Autostrad - Sheraton,"30.1065,31.3711",30.1065,31.3711,61,62,26,0.98461,FALSE,2,15,2,0,0,Free_Flow,2,1
5/27/2026 2:30,Tahrir Square,"30.0444,31.2357",30.0444,31.2357,38,74,73,0.897782,FALSE,2,30,2,0,0,Moderate,16,2
5/27/2026 2:45,Corniche El Nil,"30.0263,31.2268",30.0263,31.2268,45,55,30,0.921673,FALSE,2,45,2,0,0,Moderate,3,2
5/27/2026 3:00,Mosheer Tantawy Axis,"30.0242,31.3486",30.0242,31.3486,39,74,31,0.900092,FALSE,3,0,2,0,0,Moderate,7,2
5/27/2026 3:15,Rod El Farag Axis,"30.0881,31.2185",30.0881,31.2185,50,62,39,0.921496,FALSE,3,15,2,0,0,Free_Flow,13,1
5/27/2026 3:30,Ring Road - Marg,"30.1554,31.3323",30.1554,31.3323,27,73,77,0.978351,FALSE,3,30,2,0,0,Moderate,11,2
5/27/2026 3:45,Ring Road - Moneeb,"29.9881,31.2227",29.9881,31.2227,53,64,26,0.859754,FALSE,3,45,2,0,0,Free_Flow,12,1
5/27/2026 4:00,Gamaat El Dowal St,"30.0543,31.2005",30.0543,31.2005,38,62,48,0.932919,FALSE,4,0,2,0,0,Moderate,6,2
5/27/2026 4:15,Faisal Street,"30.0051,31.1574",30.0051,31.1574,47,62,23,0.996444,FALSE,4,15,2,0,0,Moderate,4,2
5/27/2026 4:30,North 90th Street,"30.0308,31.4721",30.0308,31.4721,44,72,15,0.872477,FALSE,4,30,2,0,0,Moderate,8,2
5/27/2026 4:45,South 90th Street,"30.0195,31.4326",30.0195,31.4326,61,69,60,0.919152,FALSE,4,45,2,0,0,Free_Flow,15,1
5/27/2026 5:00,Ring Road - Maadi,"29.9544,31.2858",29.9544,31.2858,52,62,51,0.945289,FALSE,5,0,2,0,0,Free_Flow,10,1
5/27/2026 5:15,October Bridge,"30.0526,31.2372",30.0526,31.2372,61,68,67,0.86967,FALSE,5,15,2,0,0,Free_Flow,9,1
5/27/2026 5:30,26th July Corridor,"30.0381,31.0264",30.0381,31.0264,56,69,63,0.965956,FALSE,5,30,2,0,0,Free_Flow,0,1
5/27/2026 5:45,Abbas El Akkad,"30.0631,31.3341",30.0631,31.3341,56,76,57,0.9864,FALSE,5,45,2,0,0,Free_Flow,1,1
5/27/2026 6:00,Galaa Square,"30.0398,31.2188",30.0398,31.2188,38,56,76,0.929308,FALSE,6,0,2,0,0,Moderate,5,2
5/27/2026 6:15,Salah Salem,"30.0645,31.282",30.0645,31.282,48,78,71,0.991877,FALSE,6,15,2,0,0,Moderate,14,2
5/27/2026 6:30,Autostrad - Sheraton,"30.1065,31.3711",30.1065,31.3711,37,67,70,0.908616,FALSE,6,30,2,0,0,Moderate,2,2
5/27/2026 6:45,Tahrir Square,"30.0444,31.2357",30.0444,31.2357,43,69,24,0.88183,FALSE,6,45,2,0,0,Moderate,16,2
5/27/2026 7:00,Corniche El Nil,"30.0263,31.2268",30.0263,31.2268,35,77,63,0.985141,FALSE,7,0,2,0,1,Moderate,3,2
5/27/2026 7:15,Mosheer Tantawy Axis,"30.0242,31.3486",30.0242,31.3486,30,58,46,0.901403,FALSE,7,15,2,0,1,Moderate,7,2
5/27/2026 7:30,Rod El Farag Axis,"30.0881,31.2185",30.0881,31.2185,14,55,89,0.988064,FALSE,7,30,2,0,1,Congested,13,0
5/27/2026 7:45,Ring Road - Marg,"30.1554,31.3323",30.1554,31.3323,20,58,68,0.946481,FALSE,7,45,2,0,1,Moderate,11,2
5/27/2026 8:00,Ring Road - Moneeb,"29.9881,31.2227",29.9881,31.2227,23,68,120,0.857315,FALSE,8,0,2,0,1,Moderate,12,2
5/27/2026 8:15,Gamaat El Dowal St,"30.0543,31.2005",30.0543,31.2005,28,64,81,0.858143,FALSE,8,15,2,0,1,Moderate,6,2
5/27/2026 8:30,Faisal Street,"30.0051,31.1574",30.0051,31.1574,15,67,116,0.970277,FALSE,8,30,2,0,1,Congested,4,0
5/27/2026 8:45,North 90th Street,"30.0308,31.4721",30.0308,31.4721,34,72,61,0.899674,FALSE,8,45,2,0,1,Moderate,8,2
5/27/2026 9:00,South 90th Street,"30.0195,31.4326",30.0195,31.4326,11,57,65,0.930934,FALSE,9,0,2,0,1,Congested,15,0
5/27/2026 9:15,Ring Road - Maadi,"29.9544,31.2858",29.9544,31.2858,27,72,90,0.930155,FALSE,9,15,2,0,1,Moderate,10,2
5/27/2026 9:30,October Bridge,"30.0526,31.2372",30.0526,31.2372,32,73,55,0.992643,FALSE,9,30,2,0,1,Moderate,9,2
5/27/2026 9:45,26th July Corridor,"30.0381,31.0264",30.0381,31.0264,26,73,45,0.956274,FALSE,9,45,2,0,1,Moderate,0,2
5/27/2026 10:00,Abbas El Akkad,"30.0631,31.3341",30.0631,31.3341,13,59,119,0.982765,FALSE,10,0,2,0,0,Congested,1,0
5/27/2026 10:15,Galaa Square,"30.0398,31.2188",30.0398,31.2188,17,59,109,0.96804,FALSE,10,15,2,0,0,Congested,5,0
5/27/2026 10:30,Salah Salem,"30.0645,31.282",30.0645,31.282,10,76,43,0.949784,FALSE,10,30,2,0,0,Congested,14,0
5/27/2026 10:45,Autostrad - Sheraton,"30.1065,31.3711",30.1065,31.3711,14,61,57,0.995331,FALSE,10,45,2,0,0,Congested,2,0
5/27/2026 11:00,Tahrir Square,"30.0444,31.2357",30.0444,31.2357,29,59,17,0.854783,FALSE,11,0,2,0,0,Moderate,16,2
5/27/2026 11:15,Corniche El Nil,"30.0263,31.2268",30.0263,31.2268,38,64,77,0.921433,FALSE,11,15,2,0,0,Moderate,3,2
5/27/2026 11:30,Mosheer Tantawy Axis,"30.0242,31.3486",30.0242,31.3486,60,77,27,0.917696,FALSE,11,30,2,0,0,Free_Flow,7,1
5/27/2026 11:45,Rod El Farag Axis,"30.0881,31.2185",30.0881,31.2185,27,67,43,0.967299,FALSE,11,45,2,0,0,Moderate,13,2
5/27/2026 12:00,Ring Road - Marg,"30.1554,31.3323",30.1554,31.3323,48,55,31,0.857254,FALSE,12,0,2,0,0,Moderate,11,2
5/27/2026 12:15,Ring Road - Moneeb,"29.9881,31.2227",29.9881,31.2227,65,65,66,0.96038,FALSE,12,15,2,0,0,Free_Flow,12,1
5/27/2026 12:30,Gamaat El Dowal St,"30.0543,31.2005",30.0543,31.2005,58,72,70,0.880483,FALSE,12,30,2,0,0,Free_Flow,6,1
5/27/2026 12:45,Faisal Street,"30.0051,31.1574",30.0051,31.1574,46,58,34,0.860263,FALSE,12,45,2,0,0,Moderate,4,2
5/27/2026 13:00,North 90th Street,"30.0308,31.4721",30.0308,31.4721,32,77,60,0.973027,FALSE,13,0,2,0,0,Moderate,8,2
5/27/2026 13:15,South 90th Street,"30.0195,31.4326",30.0195,31.4326,48,69,59,0.87984,FALSE,13,15,2,0,0,Moderate,15,2
5/27/2026 13:30,Ring Road - Maadi,"29.9544,31.2858",29.9544,31.2858,38,67,49,0.936467,FALSE,13,30,2,0,0,Moderate,10,2
5/27/2026 13:45,October Bridge,"30.0526,31.2372",30.0526,31.2372,29,59,76,0.904637,FALSE,13,45,2,0,0,Moderate,9,2
5/27/2026 14:00,26th July Corridor,"30.0381,31.0264",30.0381,31.0264,44,66,71,0.955749,FALSE,14,0,2,0,0,Moderate,0,2
5/27/2026 14:15,Abbas El Akkad,"30.0631,31.3341",30.0631,31.3341,59,66,58,0.870035,FALSE,14,15,2,0,0,Free_Flow,1,1
5/27/2026 14:30,Galaa Square,"30.0398,31.2188",30.0398,31.2188,39,78,17,0.958968,FALSE,14,30,2,0,0,Moderate,5,2
5/27/2026 14:45,Salah Salem,"30.0645,31.282",30.0645,31.282,29,76,34,0.899526,FALSE,14,45,2,0,0,Moderate,14,2
5/27/2026 15:00,Autostrad - Sheraton,"30.1065,31.3711",30.1065,31.3711,49,61,70,0.890675,FALSE,15,0,2,0,0,Moderate,2,2
5/27/2026 15:15,Tahrir Square,"30.0444,31.2357",30.0444,31.2357,37,64,59,0.977069,FALSE,15,15,2,0,0,Moderate,16,2
5/27/2026 15:30,Corniche El Nil,"30.0263,31.2268",30.0263,31.2268,59,70,23,0.932477,FALSE,15,30,2,0,0,Free_Flow,3,1
5/27/2026 15:45,Mosheer Tantawy Axis,"30.0242,31.3486",30.0242,31.3486,55,62,38,0.852166,FALSE,15,45,2,0,0,Free_Flow,7,1
5/27/2026 16:00,Rod El Farag Axis,"30.0881,31.2185",30.0881,31.2185,33,61,96,0.938019,FALSE,16,0,2,0,1,Moderate,13,2
5/27/2026 16:15,Ring Road - Marg,"30.1554,31.3323",30.1554,31.3323,35,61,114,0.992024,FALSE,16,15,2,0,1,Moderate,11,2
5/27/2026 16:30,Ring Road - Moneeb,"29.9881,31.2227",29.9881,31.2227,35,77,59,0.879937,FALSE,16,30,2,0,1,Moderate,12,2
5/27/2026 16:45,Gamaat El Dowal St,"30.0543,31.2005",30.0543,31.2005,34,67,116,0.946352,FALSE,16,45,2,0,1,Moderate,6,2
5/27/2026 17:00,Faisal Street,"30.0051,31.1574",30.0051,31.1574,28,65,56,0.962744,FALSE,17,0,2,0,1,Moderate,4,2
5/27/2026 17:15,North 90th Street,"30.0308,31.4721",30.0308,31.4721,26,58,116,0.929886,FALSE,17,15,2,0,1,Moderate,8,2
5/27/2026 17:30,South 90th Street,"30.0195,31.4326",30.0195,31.4326,15,70,117,0.949182,FALSE,17,30,2,0,1,Congested,15,0
5/27/2026 17:45,Ring Road - Maadi,"29.9544,31.2858",29.9544,31.2858,23,55,72,0.924531,FALSE,17,45,2,0,1,Moderate,10,2
5/27/2026 18:00,October Bridge,"30.0526,31.2372",30.0526,31.2372,23,64,81,0.947401,FALSE,18,0,2,0,1,Moderate,9,2
5/27/2026 18:15,26th July Corridor,"30.0381,31.0264",30.0381,31.0264,24,69,47,0.963631,FALSE,18,15,2,0,1,Moderate,0,2
5/27/2026 18:30,Abbas El Akkad,"30.0631,31.3341",30.0631,31.3341,11,75,113,0.866794,FALSE,18,30,2,0,1,Congested,1,0
5/27/2026 18:45,Galaa Square,"30.0398,31.2188",30.0398,31.2188,18,80,96,0.956787,FALSE,18,45,2,0,1,Congested,5,0
5/27/2026 19:00,Salah Salem,"30.0645,31.282",30.0645,31.282,16,75,76,0.950871,FALSE,19,0,2,0,1,Congested,14,0
5/27/2026 19:15,Autostrad - Sheraton,"30.1065,31.3711",30.1065,31.3711,21,73,74,0.91598,FALSE,19,15,2,0,1,Moderate,2,2
5/27/2026 19:30,Tahrir Square,"30.0444,31.2357",30.0444,31.2357,32,68,97,0.988657,FALSE,19,30,2,0,1,Moderate,16,2
5/27/2026 19:45,Corniche El Nil,"30.0263,31.2268",30.0263,31.2268,13,60,71,0.888478,FALSE,19,45,2,0,1,Congested,3,0
5/27/2026 20:00,Mosheer Tantawy Axis,"30.0242,31.3486",30.0242,31.3486,28,71,80,0.861927,FALSE,20,0,2,0,0,Moderate,7,2
5/27/2026 20:15,Rod El Farag Axis,"30.0881,31.2185",30.0881,31.2185,17,75,82,0.94949,FALSE,20,15,2,0,0,Congested,13,0
5/27/2026 20:30,Ring Road - Marg,"30.1554,31.3323",30.1554,31.3323,12,73,113,0.983211,FALSE,20,30,2,0,0,Congested,11,0
5/27/2026 20:45,Ring Road - Moneeb,"29.9881,31.2227",29.9881,31.2227,12,76,58,0.854546,FALSE,20,45,2,0,0,Congested,12,0
5/27/2026 21:00,Gamaat El Dowal St,"30.0543,31.2005",30.0543,31.2005,58,58,41,0.859619,FALSE,21,0,2,0,0,Free_Flow,6,1
5/27/2026 21:15,Faisal Street,"30.0051,31.1574",30.0051,31.1574,60,79,33,0.967864,FALSE,21,15,2,0,0,Free_Flow,4,1
5/27/2026 21:30,North 90th Street,"30.0308,31.4721",30.0308,31.4721,62,72,53,0.954345,FALSE,21,30,2,0,0,Free_Flow,8,1
5/27/2026 21:45,South 90th Street,"30.0195,31.4326",30.0195,31.4326,54,67,74,0.964434,FALSE,21,45,2,0,0,Free_Flow,15,1
5/27/2026 22:00,Ring Road - Maadi,"29.9544,31.2858",29.9544,31.2858,49,58,79,0.996423,FALSE,22,0,2,0,0,Moderate,10,2
5/27/2026 22:15,October Bridge,"30.0526,31.2372",30.0526,31.2372,51,55,55,0.851444,FALSE,22,15,2,0,0,Free_Flow,9,1
5/27/2026 22:30,26th July Corridor,"30.0381,31.0264",30.0381,31.0264,52,60,40,0.889848,FALSE,22,30,2,0,0,Free_Flow,0,1
5/27/2026 22:45,Abbas El Akkad,"30.0631,31.3341",30.0631,31.3341,51,62,29,0.943955,FALSE,22,45,2,0,0,Free_Flow,1,1
5/27/2026 23:00,Galaa Square,"30.0398,31.2188",30.0398,31.2188,51,63,79,0.875303,FALSE,23,0,2,0,0,Free_Flow,5,1
5/27/2026 23:15,Salah Salem,"30.0645,31.282",30.0645,31.282,60,63,45,0.911366,FALSE,23,15,2,0,0,Free_Flow,14,1
5/27/2026 23:30,Autostrad - Sheraton,"30.1065,31.3711",30.1065,31.3711,28,73,36,0.919001,FALSE,23,30,2,0,0,Moderate,2,2
5/27/2026 23:45,Tahrir Square,"30.0444,31.2357",30.0444,31.2357,26,70,64,0.881508,FALSE,23,45,2,0,0,Moderate,16,2
5/28/2026 0:00,Corniche El Nil,"30.0263,31.2268",30.0263,31.2268,36,79,30,0.880854,FALSE,0,0,3,0,0,Moderate,3,2
5/28/2026 0:15,Mosheer Tantawy Axis,"30.0242,31.3486",30.0242,31.3486,35,57,46,0.977307,FALSE,0,15,3,0,0,Moderate,7,2
5/28/2026 0:30,Rod El Farag Axis,"30.0881,31.2185",30.0881,31.2185,33,59,73,0.979186,FALSE,0,30,3,0,0,Moderate,13,2
5/28/2026 0:45,Ring Road - Marg,"30.1554,31.3323",30.1554,31.3323,28,79,15,0.92261,FALSE,0,45,3,0,0,Moderate,11,2
5/28/2026 1:00,Ring Road - Moneeb,"29.9881,31.2227",29.9881,31.2227,54,66,56,0.852761,FALSE,1,0,3,0,0,Free_Flow,12,1
5/28/2026 1:15,Gamaat El Dowal St,"30.0543,31.2005",30.0543,31.2005,62,62,51,0.995284,FALSE,1,15,3,0,0,Free_Flow,6,1
5/28/2026 1:30,Faisal Street,"30.0051,31.1574",30.0051,31.1574,29,71,29,0.964919,FALSE,1,30,3,0,0,Moderate,4,2
5/28/2026 1:45,North 90th Street,"30.0308,31.4721",30.0308,31.4721,37,74,45,0.979339,FALSE,1,45,3,0,0,Moderate,8,2
5/28/2026 2:00,South 90th Street,"30.0195,31.4326",30.0195,31.4326,39,72,69,0.934913,FALSE,2,0,3,0,0,Moderate,15,2
5/28/2026 2:15,Ring Road - Maadi,"29.9544,31.2858",29.9544,31.2858,55,76,28,0.992303,FALSE,2,15,3,0,0,Free_Flow,10,1
5/28/2026 2:30,October Bridge,"30.0526,31.2372",30.0526,31.2372,60,69,79,0.948357,FALSE,2,30,3,0,0,Free_Flow,9,1
5/28/2026 2:45,26th July Corridor,"30.0381,31.0264",30.0381,31.0264,36,71,71,0.975864,FALSE,2,45,3,0,0,Moderate,0,2
5/28/2026 3:00,Abbas El Akkad,"30.0631,31.3341",30.0631,31.3341,28,62,74,0.922111,FALSE,3,0,3,0,0,Moderate,1,2
5/28/2026 3:15,Galaa Square,"30.0398,31.2188",30.0398,31.2188,31,78,37,0.92637,FALSE,3,15,3,0,0,Moderate,5,2
5/28/2026 3:30,Salah Salem,"30.0645,31.282",30.0645,31.282,32,55,26,0.934626,FALSE,3,30,3,0,0,Moderate,14,2
5/28/2026 3:45,Autostrad - Sheraton,"30.1065,31.3711",30.1065,31.3711,33,63,74,0.902088,FALSE,3,45,3,0,0,Moderate,2,2
5/28/2026 4:00,Tahrir Square,"30.0444,31.2357",30.0444,31.2357,42,69,55,0.881166,FALSE,4,0,3,0,0,Moderate,16,2
5/28/2026 4:15,Corniche El Nil,"30.0263,31.2268",30.0263,31.2268,29,68,74,0.939671,FALSE,4,15,3,0,0,Moderate,3,2
5/28/2026 4:30,Mosheer Tantawy Axis,"30.0242,31.3486",30.0242,31.3486,29,76,16,0.895744,FALSE,4,30,3,0,0,Moderate,7,2
5/28/2026 4:45,Rod El Farag Axis,"30.0881,31.2185",30.0881,31.2185,27,74,29,0.932879,FALSE,4,45,3,0,0,Moderate,13,2
5/28/2026 5:00,Ring Road - Marg,"30.1554,31.3323",30.1554,31.3323,55,55,80,0.879442,FALSE,5,0,3,0,0,Free_Flow,11,1
5/28/2026 5:15,Ring Road - Moneeb,"29.9881,31.2227",29.9881,31.2227,44,70,60,0.860153,FALSE,5,15,3,0,0,Moderate,12,2
5/28/2026 5:30,Gamaat El Dowal St,"30.0543,31.2005",30.0543,31.2005,52,79,53,0.922697,FALSE,5,30,3,0,0,Free_Flow,6,1
5/28/2026 5:45,Faisal Street,"30.0051,31.1574",30.0051,31.1574,44,66,12,0.942319,FALSE,5,45,3,0,0,Moderate,4,2
5/28/2026 6:00,North 90th Street,"30.0308,31.4721",30.0308,31.4721,56,71,48,0.882142,FALSE,6,0,3,0,0,Free_Flow,8,1
5/28/2026 6:15,South 90th Street,"30.0195,31.4326",30.0195,31.4326,64,80,37,0.936073,FALSE,6,15,3,0,0,Free_Flow,15,1
5/28/2026 6:30,Ring Road - Maadi,"29.9544,31.2858",29.9544,31.2858,25,65,43,0.940563,FALSE,6,30,3,0,0,Moderate,10,2
5/28/2026 6:45,October Bridge,"30.0526,31.2372",30.0526,31.2372,64,70,26,0.996893,FALSE,6,45,3,0,0,Free_Flow,9,1
5/28/2026 7:00,26th July Corridor,"30.0381,31.0264",30.0381,31.0264,26,57,58,0.88031,FALSE,7,0,3,0,1,Moderate,0,2
5/28/2026 7:15,Abbas El Akkad,"30.0631,31.3341",30.0631,31.3341,26,75,91,0.918384,FALSE,7,15,3,0,1,Moderate,1,2
5/28/2026 7:30,Galaa Square,"30.0398,31.2188",30.0398,31.2188,10,78,120,0.931976,FALSE,7,30,3,0,1,Congested,5,0
5/28/2026 7:45,Salah Salem,"30.0645,31.282",30.0645,31.282,35,60,67,0.978769,FALSE,7,45,3,0,1,Moderate,14,2
5/28/2026 8:00,Autostrad - Sheraton,"30.1065,31.3711",30.1065,31.3711,12,57,113,0.871982,FALSE,8,0,3,0,1,Congested,2,0
5/28/2026 8:15,Tahrir Square,"30.0444,31.2357",30.0444,31.2357,15,68,42,0.944493,FALSE,8,15,3,0,1,Congested,16,0
5/28/2026 8:30,Corniche El Nil,"30.0263,31.2268",30.0263,31.2268,16,70,111,0.948766,FALSE,8,30,3,0,1,Congested,3,0
5/28/2026 8:45,Mosheer Tantawy Axis,"30.0242,31.3486",30.0242,31.3486,20,58,94,0.930743,FALSE,8,45,3,0,1,Moderate,7,2
5/28/2026 9:00,Rod El Farag Axis,"30.0881,31.2185",30.0881,31.2185,12,66,82,0.985272,FALSE,9,0,3,0,1,Congested,13,0
5/28/2026 9:15,Ring Road - Marg,"30.1554,31.3323",30.1554,31.3323,35,73,91,0.942031,FALSE,9,15,3,0,1,Moderate,11,2
5/28/2026 9:30,Ring Road - Moneeb,"29.9881,31.2227",29.9881,31.2227,31,69,41,0.959982,FALSE,9,30,3,0,1,Moderate,12,2
5/28/2026 9:45,Gamaat El Dowal St,"30.0543,31.2005",30.0543,31.2005,29,57,59,0.901616,FALSE,9,45,3,0,1,Moderate,6,2
5/28/2026 10:00,Faisal Street,"30.0051,31.1574",30.0051,31.1574,18,73,119,0.979263,FALSE,10,0,3,0,0,Congested,4,0
5/28/2026 10:15,North 90th Street,"30.0308,31.4721",30.0308,31.4721,12,68,63,0.933147,FALSE,10,15,3,0,0,Congested,8,0
5/28/2026 10:30,South 90th Street,"30.0195,31.4326",30.0195,31.4326,17,75,110,0.854541,FALSE,10,30,3,0,0,Congested,15,0
5/28/2026 10:45,Ring Road - Maadi,"29.9544,31.2858",29.9544,31.2858,30,73,74,0.991235,FALSE,10,45,3,0,0,Moderate,10,2
5/28/2026 11:00,October Bridge,"30.0526,31.2372",30.0526,31.2372,65,77,49,0.932006,FALSE,11,0,3,0,0,Free_Flow,9,1
5/28/2026 11:15,26th July Corridor,"30.0381,31.0264",30.0381,31.0264,59,59,79,0.9044,FALSE,11,15,3,0,0,Free_Flow,0,1
5/28/2026 11:30,Abbas El Akkad,"30.0631,31.3341",30.0631,31.3341,42,55,16,0.97898,FALSE,11,30,3,0,0,Moderate,1,2
5/28/2026 11:45,Galaa Square,"30.0398,31.2188",30.0398,31.2188,25,59,55,0.961408,FALSE,11,45,3,0,0,Moderate,5,2
5/28/2026 12:00,Salah Salem,"30.0645,31.282",30.0645,31.282,52,79,79,0.961281,FALSE,12,0,3,0,0,Free_Flow,14,1
5/28/2026 12:15,Autostrad - Sheraton,"30.1065,31.3711",30.1065,31.3711,63,77,42,0.943532,FALSE,12,15,3,0,0,Free_Flow,2,1
5/28/2026 12:30,Tahrir Square,"30.0444,31.2357",30.0444,31.2357,37,73,26,0.956682,FALSE,12,30,3,0,0,Moderate,16,2
5/28/2026 12:45,Corniche El Nil,"30.0263,31.2268",30.0263,31.2268,62,62,20,0.924002,FALSE,12,45,3,0,0,Free_Flow,3,1
5/28/2026 13:00,Mosheer Tantawy Axis,"30.0242,31.3486",30.0242,31.3486,40,76,73,0.887667,FALSE,13,0,3,0,0,Moderate,7,2
5/28/2026 13:15,Rod El Farag Axis,"30.0881,31.2185",30.0881,31.2185,40,72,58,0.988546,FALSE,13,15,3,0,0,Moderate,13,2
5/28/2026 13:30,Ring Road - Marg,"30.1554,31.3323",30.1554,31.3323,55,76,14,0.86247,FALSE,13,30,3,0,0,Free_Flow,11,1
5/28/2026 13:45,Ring Road - Moneeb,"29.9881,31.2227",29.9881,31.2227,65,65,72,0.857492,FALSE,13,45,3,0,0,Free_Flow,12,1
5/28/2026 14:00,Gamaat El Dowal St,"30.0543,31.2005",30.0543,31.2005,40,69,79,0.949262,FALSE,14,0,3,0,0,Moderate,6,2
5/28/2026 14:15,Faisal Street,"30.0051,31.1574",30.0051,31.1574,38,56,18,0.870824,FALSE,14,15,3,0,0,Moderate,4,2
5/28/2026 14:30,North 90th Street,"30.0308,31.4721",30.0308,31.4721,37,64,79,0.875341,FALSE,14,30,3,0,0,Moderate,8,2
5/28/2026 14:45,South 90th Street,"30.0195,31.4326",30.0195,31.4326,26,56,48,0.917384,FALSE,14,45,3,0,0,Moderate,15,2
5/28/2026 15:00,Ring Road - Maadi,"29.9544,31.2858",29.9544,31.2858,45,66,46,0.959166,FALSE,15,0,3,0,0,Moderate,10,2
5/28/2026 15:15,October Bridge,"30.0526,31.2372",30.0526,31.2372,61,61,70,0.924441,FALSE,15,15,3,0,0,Free_Flow,9,1
5/28/2026 15:30,26th July Corridor,"30.0381,31.0264",30.0381,31.0264,33,55,63,0.986447,FALSE,15,30,3,0,0,Moderate,0,2
5/28/2026 15:45,Abbas El Akkad,"30.0631,31.3341",30.0631,31.3341,25,61,20,0.898995,FALSE,15,45,3,0,0,Moderate,1,2
5/28/2026 16:00,Galaa Square,"30.0398,31.2188",30.0398,31.2188,10,69,120,0.884061,FALSE,16,0,3,0,1,Congested,5,0
5/28/2026 16:15,Salah Salem,"30.0645,31.282",30.0645,31.282,22,78,73,0.993672,FALSE,16,15,3,0,1,Moderate,14,2
5/28/2026 16:30,Autostrad - Sheraton,"30.1065,31.3711",30.1065,31.3711,23,71,115,0.956868,FALSE,16,30,3,0,1,Moderate,2,2
5/28/2026 16:45,Tahrir Square,"30.0444,31.2357",30.0444,31.2357,26,63,68,0.966851,FALSE,16,45,3,0,1,Moderate,16,2
5/28/2026 17:00,Corniche El Nil,"30.0263,31.2268",30.0263,31.2268,14,55,79,0.942492,FALSE,17,0,3,0,1,Congested,3,0
5/28/2026 17:15,Mosheer Tantawy Axis,"30.0242,31.3486",30.0242,31.3486,16,71,93,0.991504,FALSE,17,15,3,0,1,Congested,7,0
5/28/2026 17:30,Rod El Farag Axis,"30.0881,31.2185",30.0881,31.2185,17,59,54,0.94092,FALSE,17,30,3,0,1,Congested,13,0
5/28/2026 17:45,Ring Road - Marg,"30.1554,31.3323",30.1554,31.3323,28,67,73,0.992497,FALSE,17,45,3,0,1,Moderate,11,2
5/28/2026 18:00,Ring Road - Moneeb,"29.9881,31.2227",29.9881,31.2227,13,78,105,0.949383,FALSE,18,0,3,0,1,Congested,12,0
5/28/2026 18:15,Gamaat El Dowal St,"30.0543,31.2005",30.0543,31.2005,35,80,87,0.855361,FALSE,18,15,3,0,1,Moderate,6,2
5/28/2026 18:30,Faisal Street,"30.0051,31.1574",30.0051,31.1574,32,77,40,0.900586,FALSE,18,30,3,0,1,Moderate,4,2
5/28/2026 18:45,North 90th Street,"30.0308,31.4721",30.0308,31.4721,19,57,59,0.973889,FALSE,18,45,3,0,1,Congested,8,0
5/28/2026 19:00,South 90th Street,"30.0195,31.4326",30.0195,31.4326,19,63,102,0.985175,FALSE,19,0,3,0,1,Congested,15,0
5/28/2026 19:15,Ring Road - Maadi,"29.9544,31.2858",29.9544,31.2858,29,77,86,0.886325,FALSE,19,15,3,0,1,Moderate,10,2
5/28/2026 19:30,October Bridge,"30.0526,31.2372",30.0526,31.2372,22,68,116,0.8793,FALSE,19,30,3,0,1,Moderate,9,2
5/28/2026 19:45,26th July Corridor,"30.0381,31.0264",30.0381,31.0264,15,69,60,0.892245,FALSE,19,45,3,0,1,Congested,0,0
5/28/2026 20:00,Abbas El Akkad,"30.0631,31.3341",30.0631,31.3341,10,63,51,0.975898,FALSE,20,0,3,0,0,Congested,1,0
5/28/2026 20:15,Galaa Square,"30.0398,31.2188",30.0398,31.2188,28,78,69,0.856239,FALSE,20,15,3,0,0,Moderate,5,2
5/28/2026 20:30,Salah Salem,"30.0645,31.282",30.0645,31.282,15,74,103,0.913655,FALSE,20,30,3,0,0,Congested,14,0
5/28/2026 20:45,Autostrad - Sheraton,"30.1065,31.3711",30.1065,31.3711,18,58,44,0.908636,FALSE,20,45,3,0,0,Congested,2,0
5/28/2026 21:00,Tahrir Square,"30.0444,31.2357",30.0444,31.2357,65,70,62,0.894457,FALSE,21,0,3,0,0,Free_Flow,16,1
5/28/2026 21:15,Corniche El Nil,"30.0263,31.2268",30.0263,31.2268,61,75,79,0.974163,FALSE,21,15,3,0,0,Free_Flow,3,1
5/28/2026 21:30,Mosheer Tantawy Axis,"30.0242,31.3486",30.0242,31.3486,65,70,63,0.985957,FALSE,21,30,3,0,0,Free_Flow,7,1
5/28/2026 21:45,Rod El Farag Axis,"30.0881,31.2185",30.0881,31.2185,44,72,70,0.984479,FALSE,21,45,3,0,0,Moderate,13,2
5/28/2026 22:00,Ring Road - Marg,"30.1554,31.3323",30.1554,31.3323,31,64,24,0.887123,FALSE,22,0,3,0,0,Moderate,11,2
5/28/2026 22:15,Ring Road - Moneeb,"29.9881,31.2227",29.9881,31.2227,61,61,40,0.916895,FALSE,22,15,3,0,0,Free_Flow,12,1
5/28/2026 22:30,Gamaat El Dowal St,"30.0543,31.2005",30.0543,31.2005,52,77,80,0.947935,FALSE,22,30,3,0,0,Free_Flow,6,1
5/28/2026 22:45,Faisal Street,"30.0051,31.1574",30.0051,31.1574,58,58,29,0.925028,FALSE,22,45,3,0,0,Free_Flow,4,1
5/28/2026 23:00,North 90th Street,"30.0308,31.4721",30.0308,31.4721,49,78,12,0.881319,FALSE,23,0,3,0,0,Moderate,8,2
5/28/2026 23:15,South 90th Street,"30.0195,31.4326",30.0195,31.4326,48,74,60,0.955407,FALSE,23,15,3,0,0,Moderate,15,2
5/28/2026 23:30,Ring Road - Maadi,"29.9544,31.2858",29.9544,31.2858,39,60,46,0.958024,FALSE,23,30,3,0,0,Moderate,10,2
5/28/2026 23:45,October Bridge,"30.0526,31.2372",30.0526,31.2372,58,68,49,0.910065,FALSE,23,45,3,0,0,Free_Flow,9,1
5/29/2026 0:00,26th July Corridor,"30.0381,31.0264",30.0381,31.0264,39,71,45,0.886237,FALSE,0,0,4,0,0,Moderate,0,2
5/29/2026 0:15,Abbas El Akkad,"30.0631,31.3341",30.0631,31.3341,65,69,44,0.87446,FALSE,0,15,4,0,0,Free_Flow,1,1
5/29/2026 0:30,Galaa Square,"30.0398,31.2188",30.0398,31.2188,69,69,49,0.875423,FALSE,0,30,4,0,0,Free_Flow,5,1
5/29/2026 0:45,Salah Salem,"30.0645,31.282",30.0645,31.282,54,76,46,0.992346,FALSE,0,45,4,0,0,Free_Flow,14,1
5/29/2026 1:00,Autostrad - Sheraton,"30.1065,31.3711",30.1065,31.3711,52,76,27,0.956563,FALSE,1,0,4,0,0,Free_Flow,2,1
5/29/2026 1:15,Tahrir Square,"30.0444,31.2357",30.0444,31.2357,64,64,7,0.978748,FALSE,1,15,4,0,0,Free_Flow,16,1
5/29/2026 1:30,Corniche El Nil,"30.0263,31.2268",30.0263,31.2268,38,56,28,0.983577,FALSE,1,30,4,0,0,Moderate,3,2
5/29/2026 1:45,Mosheer Tantawy Axis,"30.0242,31.3486",30.0242,31.3486,48,66,29,0.871538,FALSE,1,45,4,0,0,Moderate,7,2
5/29/2026 2:00,Rod El Farag Axis,"30.0881,31.2185",30.0881,31.2185,73,73,19,0.904438,FALSE,2,0,4,0,0,Free_Flow,13,1
5/29/2026 2:15,Ring Road - Marg,"30.1554,31.3323",30.1554,31.3323,35,67,31,0.908867,FALSE,2,15,4,0,0,Moderate,11,2
5/29/2026 2:30,Ring Road - Moneeb,"29.9881,31.2227",29.9881,31.2227,42,75,11,0.895242,FALSE,2,30,4,0,0,Moderate,12,2
5/29/2026 2:45,Gamaat El Dowal St,"30.0543,31.2005",30.0543,31.2005,53,80,15,0.968358,FALSE,2,45,4,0,0,Free_Flow,6,1
5/29/2026 3:00,Faisal Street,"30.0051,31.1574",30.0051,31.1574,74,74,30,0.852397,FALSE,3,0,4,0,0,Free_Flow,4,1
5/29/2026 3:15,North 90th Street,"30.0308,31.4721",30.0308,31.4721,73,73,22,0.922741,FALSE,3,15,4,0,0,Free_Flow,8,1
5/29/2026 3:30,South 90th Street,"30.0195,31.4326",30.0195,31.4326,44,56,38,0.988816,FALSE,3,30,4,0,0,Moderate,15,2
5/29/2026 3:45,Ring Road - Maadi,"29.9544,31.2858",29.9544,31.2858,70,70,42,0.980497,FALSE,3,45,4,0,0,Free_Flow,10,1
5/29/2026 4:00,October Bridge,"30.0526,31.2372",30.0526,31.2372,64,64,41,0.975492,FALSE,4,0,4,0,0,Free_Flow,9,1
5/29/2026 4:15,26th July Corridor,"30.0381,31.0264",30.0381,31.0264,36,67,16,0.868783,FALSE,4,15,4,0,0,Moderate,0,2
5/29/2026 4:30,Abbas El Akkad,"30.0631,31.3341",30.0631,31.3341,62,67,21,0.991069,FALSE,4,30,4,0,0,Free_Flow,1,1
5/29/2026 4:45,Galaa Square,"30.0398,31.2188",30.0398,31.2188,38,67,22,0.901368,FALSE,4,45,4,0,0,Moderate,5,2
5/29/2026 5:00,Salah Salem,"30.0645,31.282",30.0645,31.282,44,64,27,0.980215,FALSE,5,0,4,0,0,Moderate,14,2
5/29/2026 5:15,Autostrad - Sheraton,"30.1065,31.3711",30.1065,31.3711,59,59,49,0.948074,FALSE,5,15,4,0,0,Free_Flow,2,1
5/29/2026 5:30,Tahrir Square,"30.0444,31.2357",30.0444,31.2357,47,70,34,0.862968,FALSE,5,30,4,0,0,Moderate,16,2
5/29/2026 5:45,Corniche El Nil,"30.0263,31.2268",30.0263,31.2268,74,74,23,0.968854,FALSE,5,45,4,0,0,Free_Flow,3,1
5/29/2026 6:00,Mosheer Tantawy Axis,"30.0242,31.3486",30.0242,31.3486,61,65,38,0.977778,FALSE,6,0,4,0,0,Free_Flow,7,1
5/29/2026 6:15,Rod El Farag Axis,"30.0881,31.2185",30.0881,31.2185,56,72,44,0.943055,FALSE,6,15,4,0,0,Free_Flow,13,1
5/29/2026 6:30,Ring Road - Marg,"30.1554,31.3323",30.1554,31.3323,55,72,30,0.906263,FALSE,6,30,4,0,0,Free_Flow,11,1
5/29/2026 6:45,Ring Road - Moneeb,"29.9881,31.2227",29.9881,31.2227,74,74,8,0.889556,FALSE,6,45,4,0,0,Free_Flow,12,1
5/29/2026 7:00,Gamaat El Dowal St,"30.0543,31.2005",30.0543,31.2005,39,64,34,0.995468,FALSE,7,0,4,0,1,Moderate,6,2
5/29/2026 7:15,Faisal Street,"30.0051,31.1574",30.0051,31.1574,35,68,14,0.923193,FALSE,7,15,4,0,1,Moderate,4,2
5/29/2026 7:30,North 90th Street,"30.0308,31.4721",30.0308,31.4721,40,55,26,0.940409,FALSE,7,30,4,0,1,Moderate,8,2
5/29/2026 7:45,South 90th Street,"30.0195,31.4326",30.0195,31.4326,35,57,33,0.880417,FALSE,7,45,4,0,1,Moderate,15,2
5/29/2026 8:00,Ring Road - Maadi,"29.9544,31.2858",29.9544,31.2858,44,74,33,0.859456,FALSE,8,0,4,0,1,Moderate,10,2
5/29/2026 8:15,October Bridge,"30.0526,31.2372",30.0526,31.2372,63,79,49,0.975351,FALSE,8,15,4,0,1,Free_Flow,9,1
5/29/2026 8:30,26th July Corridor,"30.0381,31.0264",30.0381,31.0264,50,71,31,0.926958,FALSE,8,30,4,0,1,Free_Flow,0,1
5/29/2026 8:45,Abbas El Akkad,"30.0631,31.3341",30.0631,31.3341,53,59,35,0.900007,FALSE,8,45,4,0,1,Free_Flow,1,1
5/29/2026 9:00,Galaa Square,"30.0398,31.2188",30.0398,31.2188,75,75,14,0.905741,FALSE,9,0,4,0,1,Free_Flow,5,1
5/29/2026 9:15,Salah Salem,"30.0645,31.282",30.0645,31.282,49,80,27,0.92438,FALSE,9,15,4,0,1,Moderate,14,2
5/29/2026 9:30,Autostrad - Sheraton,"30.1065,31.3711",30.1065,31.3711,39,55,8,0.997677,FALSE,9,30,4,0,1,Moderate,2,2
5/29/2026 9:45,Tahrir Square,"30.0444,31.2357",30.0444,31.2357,57,74,20,0.932521,FALSE,9,45,4,0,1,Free_Flow,16,1
5/29/2026 10:00,Corniche El Nil,"30.0263,31.2268",30.0263,31.2268,58,60,22,0.895537,FALSE,10,0,4,0,0,Free_Flow,3,1
5/29/2026 10:15,Mosheer Tantawy Axis,"30.0242,31.3486",30.0242,31.3486,64,70,12,0.870764,FALSE,10,15,4,0,0,Free_Flow,7,1
5/29/2026 10:30,Rod El Farag Axis,"30.0881,31.2185",30.0881,31.2185,69,71,18,0.887776,FALSE,10,30,4,0,0,Free_Flow,13,1
5/29/2026 10:45,Ring Road - Marg,"30.1554,31.3323",30.1554,31.3323,61,72,43,0.952554,FALSE,10,45,4,0,0,Free_Flow,11,1
5/29/2026 11:00,Ring Road - Moneeb,"29.9881,31.2227",29.9881,31.2227,35,63,9,0.922666,FALSE,11,0,4,0,0,Moderate,12,2
5/29/2026 11:15,Gamaat El Dowal St,"30.0543,31.2005",30.0543,31.2005,42,71,47,0.979199,FALSE,11,15,4,0,0,Moderate,6,2
5/29/2026 11:30,Faisal Street,"30.0051,31.1574",30.0051,31.1574,74,76,21,0.98884,FALSE,11,30,4,0,0,Free_Flow,4,1
5/29/2026 11:45,North 90th Street,"30.0308,31.4721",30.0308,31.4721,57,66,29,0.892924,FALSE,11,45,4,0,0,Free_Flow,8,1
5/29/2026 12:00,South 90th Street,"30.0195,31.4326",30.0195,31.4326,48,65,26,0.866331,FALSE,12,0,4,0,0,Moderate,15,2
5/29/2026 12:15,Ring Road - Maadi,"29.9544,31.2858",29.9544,31.2858,73,73,37,0.978732,FALSE,12,15,4,0,0,Free_Flow,10,1
5/29/2026 12:30,October Bridge,"30.0526,31.2372",30.0526,31.2372,48,64,21,0.956377,FALSE,12,30,4,0,0,Moderate,9,2
5/29/2026 12:45,26th July Corridor,"30.0381,31.0264",30.0381,31.0264,48,58,6,0.938497,FALSE,12,45,4,0,0,Moderate,0,2
5/29/2026 13:00,Abbas El Akkad,"30.0631,31.3341",30.0631,31.3341,59,80,27,0.998595,FALSE,13,0,4,0,0,Free_Flow,1,1
5/29/2026 13:15,Galaa Square,"30.0398,31.2188",30.0398,31.2188,51,70,29,0.881067,FALSE,13,15,4,0,0,Free_Flow,5,1
5/29/2026 13:30,Salah Salem,"30.0645,31.282",30.0645,31.282,49,77,22,0.920634,FALSE,13,30,4,0,0,Moderate,14,2
5/29/2026 13:45,Autostrad - Sheraton,"30.1065,31.3711",30.1065,31.3711,49,79,12,0.880498,FALSE,13,45,4,0,0,Moderate,2,2
5/29/2026 14:00,Tahrir Square,"30.0444,31.2357",30.0444,31.2357,53,79,44,0.940832,FALSE,14,0,4,0,0,Free_Flow,16,1
5/29/2026 14:15,Corniche El Nil,"30.0263,31.2268",30.0263,31.2268,40,76,31,0.904711,FALSE,14,15,4,0,0,Moderate,3,2
5/29/2026 14:30,Mosheer Tantawy Axis,"30.0242,31.3486",30.0242,31.3486,54,56,34,0.922633,FALSE,14,30,4,0,0,Free_Flow,7,1
5/29/2026 14:45,Rod El Farag Axis,"30.0881,31.2185",30.0881,31.2185,59,75,19,0.91531,FALSE,14,45,4,0,0,Free_Flow,13,1
5/29/2026 15:00,Ring Road - Marg,"30.1554,31.3323",30.1554,31.3323,69,69,40,0.929271,FALSE,15,0,4,0,0,Free_Flow,11,1
5/29/2026 15:15,Ring Road - Moneeb,"29.9881,31.2227",29.9881,31.2227,41,71,32,0.861511,FALSE,15,15,4,0,0,Moderate,12,2
5/29/2026 15:30,Gamaat El Dowal St,"30.0543,31.2005",30.0543,31.2005,39,70,44,0.893462,FALSE,15,30,4,0,0,Moderate,6,2
5/29/2026 15:45,Faisal Street,"30.0051,31.1574",30.0051,31.1574,39,80,14,0.987013,FALSE,15,45,4,0,0,Moderate,4,2
5/29/2026 16:00,North 90th Street,"30.0308,31.4721",30.0308,31.4721,36,58,18,0.874303,FALSE,16,0,4,0,1,Moderate,8,2
5/29/2026 16:15,South 90th Street,"30.0195,31.4326",30.0195,31.4326,45,77,28,0.895098,FALSE,16,15,4,0,1,Moderate,15,2
5/29/2026 16:30,Ring Road - Maadi,"29.9544,31.2858",29.9544,31.2858,72,72,33,0.949343,FALSE,16,30,4,0,1,Free_Flow,10,1
5/29/2026 16:45,October Bridge,"30.0526,31.2372",30.0526,31.2372,64,64,30,0.87149,FALSE,16,45,4,0,1,Free_Flow,9,1
5/29/2026 17:00,26th July Corridor,"30.0381,31.0264",30.0381,31.0264,62,76,33,0.91449,FALSE,17,0,4,0,1,Free_Flow,0,1
5/29/2026 17:15,Abbas El Akkad,"30.0631,31.3341",30.0631,31.3341,52,64,24,0.903779,FALSE,17,15,4,0,1,Free_Flow,1,1
5/29/2026 17:30,Galaa Square,"30.0398,31.2188",30.0398,31.2188,75,75,10,0.897425,FALSE,17,30,4,0,1,Free_Flow,5,1
5/29/2026 17:45,Salah Salem,"30.0645,31.282",30.0645,31.282,45,75,6,0.938592,FALSE,17,45,4,0,1,Moderate,14,2
5/29/2026 18:00,Autostrad - Sheraton,"30.1065,31.3711",30.1065,31.3711,38,72,47,0.853183,FALSE,18,0,4,0,1,Moderate,2,2
5/29/2026 18:15,Tahrir Square,"30.0444,31.2357",30.0444,31.2357,50,79,22,0.928541,FALSE,18,15,4,0,1,Free_Flow,16,1
5/29/2026 18:30,Corniche El Nil,"30.0263,31.2268",30.0263,31.2268,58,58,34,0.858123,FALSE,18,30,4,0,1,Free_Flow,3,1
5/29/2026 18:45,Mosheer Tantawy Axis,"30.0242,31.3486",30.0242,31.3486,39,66,10,0.941875,FALSE,18,45,4,0,1,Moderate,7,2
5/29/2026 19:00,Rod El Farag Axis,"30.0881,31.2185",30.0881,31.2185,55,70,45,0.985385,FALSE,19,0,4,0,1,Free_Flow,13,1
5/29/2026 19:15,Ring Road - Marg,"30.1554,31.3323",30.1554,31.3323,54,59,34,0.904418,FALSE,19,15,4,0,1,Free_Flow,11,1
5/29/2026 19:30,Ring Road - Moneeb,"29.9881,31.2227",29.9881,31.2227,37,73,47,0.997842,FALSE,19,30,4,0,1,Moderate,12,2
5/29/2026 19:45,Gamaat El Dowal St,"30.0543,31.2005",30.0543,31.2005,45,67,15,0.93883,FALSE,19,45,4,0,1,Moderate,6,2
5/29/2026 20:00,Faisal Street,"30.0051,31.1574",30.0051,31.1574,67,80,20,0.955668,FALSE,20,0,4,0,0,Free_Flow,4,1
5/29/2026 20:15,North 90th Street,"30.0308,31.4721",30.0308,31.4721,68,68,15,0.921688,FALSE,20,15,4,0,0,Free_Flow,8,1
5/29/2026 20:30,South 90th Street,"30.0195,31.4326",30.0195,31.4326,70,70,15,0.878683,FALSE,20,30,4,0,0,Free_Flow,15,1
5/29/2026 20:45,Ring Road - Maadi,"29.9544,31.2858",29.9544,31.2858,75,75,48,0.890055,FALSE,20,45,4,0,0,Free_Flow,10,1
5/29/2026 21:00,October Bridge,"30.0526,31.2372",30.0526,31.2372,74,74,41,0.8862,FALSE,21,0,4,0,0,Free_Flow,9,1
5/29/2026 21:15,26th July Corridor,"30.0381,31.0264",30.0381,31.0264,63,79,23,0.974177,FALSE,21,15,4,0,0,Free_Flow,0,1
5/29/2026 21:30,Abbas El Akkad,"30.0631,31.3341",30.0631,31.3341,67,74,17,0.862961,FALSE,21,30,4,0,0,Free_Flow,1,1
5/29/2026 21:45,Galaa Square,"30.0398,31.2188",30.0398,31.2188,61,66,46,0.891049,FALSE,21,45,4,0,0,Free_Flow,5,1
5/29/2026 22:00,Salah Salem,"30.0645,31.282",30.0645,31.282,37,56,32,0.926886,FALSE,22,0,4,0,0,Moderate,14,2
5/29/2026 22:15,Autostrad - Sheraton,"30.1065,31.3711",30.1065,31.3711,56,71,43,0.93109,FALSE,22,15,4,0,0,Free_Flow,2,1
5/29/2026 22:30,Tahrir Square,"30.0444,31.2357",30.0444,31.2357,50,56,44,0.889002,FALSE,22,30,4,0,0,Free_Flow,16,1
5/29/2026 22:45,Corniche El Nil,"30.0263,31.2268",30.0263,31.2268,54,66,22,0.929582,FALSE,22,45,4,0,0,Free_Flow,3,1
5/29/2026 23:00,Mosheer Tantawy Axis,"30.0242,31.3486",30.0242,31.3486,56,65,14,0.973842,FALSE,23,0,4,0,0,Free_Flow,7,1
5/29/2026 23:15,Rod El Farag Axis,"30.0881,31.2185",30.0881,31.2185,57,74,39,0.919816,FALSE,23,15,4,0,0,Free_Flow,13,1
5/29/2026 23:30,Ring Road - Marg,"30.1554,31.3323",30.1554,31.3323,52,69,27,0.868076,FALSE,23,30,4,0,0,Free_Flow,11,1
5/29/2026 23:45,Ring Road - Moneeb,"29.9881,31.2227",29.9881,31.2227,41,74,31,0.86716,FALSE,23,45,4,0,0,Moderate,12,2
5/30/2026 0:00,Gamaat El Dowal St,"30.0543,31.2005",30.0543,31.2005,48,80,22,0.985364,FALSE,0,0,5,1,0,Moderate,6,2
5/30/2026 0:15,Faisal Street,"30.0051,31.1574",30.0051,31.1574,46,75,37,0.940993,FALSE,0,15,5,1,0,Moderate,4,2
5/30/2026 0:30,North 90th Street,"30.0308,31.4721",30.0308,31.4721,35,66,13,0.859431,FALSE,0,30,5,1,0,Moderate,8,2
5/30/2026 0:45,South 90th Street,"30.0195,31.4326",30.0195,31.4326,60,73,40,0.932765,FALSE,0,45,5,1,0,Free_Flow,15,1
5/30/2026 1:00,Ring Road - Maadi,"29.9544,31.2858",29.9544,31.2858,42,74,15,0.967272,FALSE,1,0,5,1,0,Moderate,10,2
5/30/2026 1:15,October Bridge,"30.0526,31.2372",30.0526,31.2372,62,72,25,0.996381,FALSE,1,15,5,1,0,Free_Flow,9,1
5/30/2026 1:30,26th July Corridor,"30.0381,31.0264",30.0381,31.0264,64,64,17,0.919969,FALSE,1,30,5,1,0,Free_Flow,0,1
5/30/2026 1:45,Abbas El Akkad,"30.0631,31.3341",30.0631,31.3341,56,69,6,0.911659,FALSE,1,45,5,1,0,Free_Flow,1,1
5/30/2026 2:00,Galaa Square,"30.0398,31.2188",30.0398,31.2188,67,72,47,0.899988,FALSE,2,0,5,1,0,Free_Flow,5,1
5/30/2026 2:15,Salah Salem,"30.0645,31.282",30.0645,31.282,45,61,41,0.85643,FALSE,2,15,5,1,0,Moderate,14,2
5/30/2026 2:30,Autostrad - Sheraton,"30.1065,31.3711",30.1065,31.3711,58,66,20,0.928453,FALSE,2,30,5,1,0,Free_Flow,2,1
5/30/2026 2:45,Tahrir Square,"30.0444,31.2357",30.0444,31.2357,73,77,43,0.962015,FALSE,2,45,5,1,0,Free_Flow,16,1
5/30/2026 3:00,Corniche El Nil,"30.0263,31.2268",30.0263,31.2268,62,74,30,0.870703,FALSE,3,0,5,1,0,Free_Flow,3,1
5/30/2026 3:15,Mosheer Tantawy Axis,"30.0242,31.3486",30.0242,31.3486,66,78,45,0.921733,FALSE,3,15,5,1,0,Free_Flow,7,1
5/30/2026 3:30,Rod El Farag Axis,"30.0881,31.2185",30.0881,31.2185,64,80,46,0.900082,FALSE,3,30,5,1,0,Free_Flow,13,1
5/30/2026 3:45,Ring Road - Marg,"30.1554,31.3323",30.1554,31.3323,66,75,22,0.890046,FALSE,3,45,5,1,0,Free_Flow,11,1
5/30/2026 4:00,Ring Road - Moneeb,"29.9881,31.2227",29.9881,31.2227,50,72,22,0.869863,FALSE,4,0,5,1,0,Free_Flow,12,1
5/30/2026 4:15,Gamaat El Dowal St,"30.0543,31.2005",30.0543,31.2005,71,77,25,0.91498,FALSE,4,15,5,1,0,Free_Flow,6,1
5/30/2026 4:30,Faisal Street,"30.0051,31.1574",30.0051,31.1574,56,79,46,0.896046,FALSE,4,30,5,1,0,Free_Flow,4,1
5/30/2026 4:45,North 90th Street,"30.0308,31.4721",30.0308,31.4721,58,64,45,0.991696,FALSE,4,45,5,1,0,Free_Flow,8,1
5/30/2026 5:00,South 90th Street,"30.0195,31.4326",30.0195,31.4326,63,69,24,0.929262,FALSE,5,0,5,1,0,Free_Flow,15,1
5/30/2026 5:15,Ring Road - Maadi,"29.9544,31.2858",29.9544,31.2858,65,65,21,0.906354,FALSE,5,15,5,1,0,Free_Flow,10,1
5/30/2026 5:30,October Bridge,"30.0526,31.2372",30.0526,31.2372,62,76,17,0.959208,FALSE,5,30,5,1,0,Free_Flow,9,1
5/30/2026 5:45,26th July Corridor,"30.0381,31.0264",30.0381,31.0264,62,74,29,0.976049,FALSE,5,45,5,1,0,Free_Flow,0,1
5/30/2026 6:00,Abbas El Akkad,"30.0631,31.3341",30.0631,31.3341,54,55,8,0.880667,FALSE,6,0,5,1,0,Free_Flow,1,1
5/30/2026 6:15,Galaa Square,"30.0398,31.2188",30.0398,31.2188,63,66,11,0.904745,FALSE,6,15,5,1,0,Free_Flow,5,1
5/30/2026 6:30,Salah Salem,"30.0645,31.282",30.0645,31.282,39,78,25,0.98307,FALSE,6,30,5,1,0,Moderate,14,2
5/30/2026 6:45,Autostrad - Sheraton,"30.1065,31.3711",30.1065,31.3711,44,73,38,0.959785,FALSE,6,45,5,1,0,Moderate,2,2
5/30/2026 7:00,Tahrir Square,"30.0444,31.2357",30.0444,31.2357,41,77,46,0.870304,FALSE,7,0,5,1,1,Moderate,16,2
5/30/2026 7:15,Corniche El Nil,"30.0263,31.2268",30.0263,31.2268,72,72,34,0.989489,FALSE,7,15,5,1,1,Free_Flow,3,1
5/30/2026 7:30,Mosheer Tantawy Axis,"30.0242,31.3486",30.0242,31.3486,45,71,38,0.961232,FALSE,7,30,5,1,1,Moderate,7,2
5/30/2026 7:45,Rod El Farag Axis,"30.0881,31.2185",30.0881,31.2185,62,73,22,0.997264,FALSE,7,45,5,1,1,Free_Flow,13,1
5/30/2026 8:00,Ring Road - Marg,"30.1554,31.3323",30.1554,31.3323,69,71,39,0.993556,FALSE,8,0,5,1,1,Free_Flow,11,1
5/30/2026 8:15,Ring Road - Moneeb,"29.9881,31.2227",29.9881,31.2227,50,75,22,0.950559,FALSE,8,15,5,1,1,Free_Flow,12,1
5/30/2026 8:30,Gamaat El Dowal St,"30.0543,31.2005",30.0543,31.2005,64,76,15,0.900418,FALSE,8,30,5,1,1,Free_Flow,6,1
5/30/2026 8:45,Faisal Street,"30.0051,31.1574",30.0051,31.1574,40,66,17,0.990952,FALSE,8,45,5,1,1,Moderate,4,2
5/30/2026 9:00,North 90th Street,"30.0308,31.4721",30.0308,31.4721,45,74,28,0.910327,FALSE,9,0,5,1,1,Moderate,8,2
5/30/2026 9:15,South 90th Street,"30.0195,31.4326",30.0195,31.4326,50,56,24,0.985779,FALSE,9,15,5,1,1,Free_Flow,15,1
5/30/2026 9:30,Ring Road - Maadi,"29.9544,31.2858",29.9544,31.2858,65,65,36,0.917739,FALSE,9,30,5,1,1,Free_Flow,10,1
5/30/2026 9:45,October Bridge,"30.0526,31.2372",30.0526,31.2372,73,78,48,0.916368,FALSE,9,45,5,1,1,Free_Flow,9,1
5/30/2026 10:00,26th July Corridor,"30.0381,31.0264",30.0381,31.0264,63,71,25,0.913402,FALSE,10,0,5,1,0,Free_Flow,0,1
5/30/2026 10:15,Abbas El Akkad,"30.0631,31.3341",30.0631,31.3341,66,66,5,0.986536,FALSE,10,15,5,1,0,Free_Flow,1,1
5/30/2026 10:30,Galaa Square,"30.0398,31.2188",30.0398,31.2188,40,67,18,0.98214,FALSE,10,30,5,1,0,Moderate,5,2
5/30/2026 10:45,Salah Salem,"30.0645,31.282",30.0645,31.282,35,75,22,0.935967,FALSE,10,45,5,1,0,Moderate,14,2
5/30/2026 11:00,Autostrad - Sheraton,"30.1065,31.3711",30.1065,31.3711,61,75,19,0.949884,FALSE,11,0,5,1,0,Free_Flow,2,1
5/30/2026 11:15,Tahrir Square,"30.0444,31.2357",30.0444,31.2357,39,65,45,0.863743,FALSE,11,15,5,1,0,Moderate,16,2
5/30/2026 11:30,Corniche El Nil,"30.0263,31.2268",30.0263,31.2268,54,56,20,0.935463,FALSE,11,30,5,1,0,Free_Flow,3,1
5/30/2026 11:45,Mosheer Tantawy Axis,"30.0242,31.3486",30.0242,31.3486,52,74,36,0.923782,FALSE,11,45,5,1,0,Free_Flow,7,1
5/30/2026 12:00,Rod El Farag Axis,"30.0881,31.2185",30.0881,31.2185,73,73,22,0.882365,FALSE,12,0,5,1,0,Free_Flow,13,1
5/30/2026 12:15,Ring Road - Marg,"30.1554,31.3323",30.1554,31.3323,49,60,18,0.94336,FALSE,12,15,5,1,0,Moderate,11,2
5/30/2026 12:30,Ring Road - Moneeb,"29.9881,31.2227",29.9881,31.2227,45,80,8,0.991894,FALSE,12,30,5,1,0,Moderate,12,2
5/30/2026 12:45,Gamaat El Dowal St,"30.0543,31.2005",30.0543,31.2005,36,56,48,0.895796,FALSE,12,45,5,1,0,Moderate,6,2
5/30/2026 13:00,Faisal Street,"30.0051,31.1574",30.0051,31.1574,66,70,37,0.881942,FALSE,13,0,5,1,0,Free_Flow,4,1
5/30/2026 13:15,North 90th Street,"30.0308,31.4721",30.0308,31.4721,60,60,38,0.986759,FALSE,13,15,5,1,0,Free_Flow,8,1
5/30/2026 13:30,South 90th Street,"30.0195,31.4326",30.0195,31.4326,70,70,14,0.866293,FALSE,13,30,5,1,0,Free_Flow,15,1
5/30/2026 13:45,Ring Road - Maadi,"29.9544,31.2858",29.9544,31.2858,68,70,39,0.973556,FALSE,13,45,5,1,0,Free_Flow,10,1
5/30/2026 14:00,October Bridge,"30.0526,31.2372",30.0526,31.2372,67,67,43,0.96728,FALSE,14,0,5,1,0,Free_Flow,9,1
5/30/2026 14:15,26th July Corridor,"30.0381,31.0264",30.0381,31.0264,54,66,43,0.865253,FALSE,14,15,5,1,0,Free_Flow,0,1
5/30/2026 14:30,Abbas El Akkad,"30.0631,31.3341",30.0631,31.3341,45,78,26,0.948977,FALSE,14,30,5,1,0,Moderate,1,2
5/30/2026 14:45,Galaa Square,"30.0398,31.2188",30.0398,31.2188,43,77,21,0.891943,FALSE,14,45,5,1,0,Moderate,5,2
5/30/2026 15:00,Salah Salem,"30.0645,31.282",30.0645,31.282,66,66,41,0.939147,FALSE,15,0,5,1,0,Free_Flow,14,1
5/30/2026 15:15,Autostrad - Sheraton,"30.1065,31.3711",30.1065,31.3711,50,70,32,0.853469,FALSE,15,15,5,1,0,Free_Flow,2,1
5/30/2026 15:30,Tahrir Square,"30.0444,31.2357",30.0444,31.2357,42,58,41,0.921486,FALSE,15,30,5,1,0,Moderate,16,2
5/30/2026 15:45,Corniche El Nil,"30.0263,31.2268",30.0263,31.2268,44,62,45,0.862069,FALSE,15,45,5,1,0,Moderate,3,2
5/30/2026 16:00,Mosheer Tantawy Axis,"30.0242,31.3486",30.0242,31.3486,71,71,10,0.888947,FALSE,16,0,5,1,1,Free_Flow,7,1
5/30/2026 16:15,Rod El Farag Axis,"30.0881,31.2185",30.0881,31.2185,66,72,9,0.898041,FALSE,16,15,5,1,1,Free_Flow,13,1
5/30/2026 16:30,Ring Road - Marg,"30.1554,31.3323",30.1554,31.3323,37,62,9,0.995779,FALSE,16,30,5,1,1,Moderate,11,2
5/30/2026 16:45,Ring Road - Moneeb,"29.9881,31.2227",29.9881,31.2227,46,56,18,0.883575,FALSE,16,45,5,1,1,Moderate,12,2
5/30/2026 17:00,Gamaat El Dowal St,"30.0543,31.2005",30.0543,31.2005,56,77,38,0.992046,FALSE,17,0,5,1,1,Free_Flow,6,1
5/30/2026 17:15,Faisal Street,"30.0051,31.1574",30.0051,31.1574,65,65,49,0.965932,FALSE,17,15,5,1,1,Free_Flow,4,1
5/30/2026 17:30,North 90th Street,"30.0308,31.4721",30.0308,31.4721,59,63,9,0.929538,FALSE,17,30,5,1,1,Free_Flow,8,1
5/30/2026 17:45,South 90th Street,"30.0195,31.4326",30.0195,31.4326,66,66,31,0.854029,FALSE,17,45,5,1,1,Free_Flow,15,1
5/30/2026 18:00,Ring Road - Maadi,"29.9544,31.2858",29.9544,31.2858,56,71,47,0.863899,FALSE,18,0,5,1,1,Free_Flow,10,1
5/30/2026 18:15,October Bridge,"30.0526,31.2372",30.0526,31.2372,39,67,13,0.910755,FALSE,18,15,5,1,1,Moderate,9,2
5/30/2026 18:30,26th July Corridor,"30.0381,31.0264",30.0381,31.0264,75,75,21,0.879599,FALSE,18,30,5,1,1,Free_Flow,0,1
5/30/2026 18:45,Abbas El Akkad,"30.0631,31.3341",30.0631,31.3341,61,61,7,0.891715,FALSE,18,45,5,1,1,Free_Flow,1,1
5/30/2026 19:00,Galaa Square,"30.0398,31.2188",30.0398,31.2188,66,66,31,0.995985,FALSE,19,0,5,1,1,Free_Flow,5,1
5/30/2026 19:15,Salah Salem,"30.0645,31.282",30.0645,31.282,46,61,40,0.852174,FALSE,19,15,5,1,1,Moderate,14,2
5/30/2026 19:30,Autostrad - Sheraton,"30.1065,31.3711",30.1065,31.3711,52,70,45,0.933878,FALSE,19,30,5,1,1,Free_Flow,2,1
5/30/2026 19:45,Tahrir Square,"30.0444,31.2357",30.0444,31.2357,36,65,33,0.876562,FALSE,19,45,5,1,1,Moderate,16,2
5/30/2026 20:00,Corniche El Nil,"30.0263,31.2268",30.0263,31.2268,56,76,22,0.999316,FALSE,20,0,5,1,0,Free_Flow,3,1
5/30/2026 20:15,Mosheer Tantawy Axis,"30.0242,31.3486",30.0242,31.3486,55,73,29,0.889326,FALSE,20,15,5,1,0,Free_Flow,7,1
5/30/2026 20:30,Rod El Farag Axis,"30.0881,31.2185",30.0881,31.2185,59,59,17,0.918809,FALSE,20,30,5,1,0,Free_Flow,13,1
5/30/2026 20:45,Ring Road - Marg,"30.1554,31.3323",30.1554,31.3323,70,79,24,0.929557,FALSE,20,45,5,1,0,Free_Flow,11,1
5/30/2026 21:00,Ring Road - Moneeb,"29.9881,31.2227",29.9881,31.2227,49,61,37,0.886033,FALSE,21,0,5,1,0,Moderate,12,2
5/30/2026 21:15,Gamaat El Dowal St,"30.0543,31.2005",30.0543,31.2005,47,63,18,0.957287,FALSE,21,15,5,1,0,Moderate,6,2
5/30/2026 21:30,Faisal Street,"30.0051,31.1574",30.0051,31.1574,72,79,32,0.915501,FALSE,21,30,5,1,0,Free_Flow,4,1
5/30/2026 21:45,North 90th Street,"30.0308,31.4721",30.0308,31.4721,56,64,41,0.961209,FALSE,21,45,5,1,0,Free_Flow,8,1
5/30/2026 22:00,South 90th Street,"30.0195,31.4326",30.0195,31.4326,49,78,27,0.973407,FALSE,22,0,5,1,0,Moderate,15,2
5/30/2026 22:15,Ring Road - Maadi,"29.9544,31.2858",29.9544,31.2858,70,79,11,0.930968,FALSE,22,15,5,1,0,Free_Flow,10,1
5/30/2026 22:30,October Bridge,"30.0526,31.2372",30.0526,31.2372,62,73,47,0.932146,FALSE,22,30,5,1,0,Free_Flow,9,1
5/30/2026 22:45,26th July Corridor,"30.0381,31.0264",30.0381,31.0264,42,60,16,0.907363,FALSE,22,45,5,1,0,Moderate,0,2
5/30/2026 23:00,Abbas El Akkad,"30.0631,31.3341",30.0631,31.3341,43,79,38,0.90665,FALSE,23,0,5,1,0,Moderate,1,2
5/30/2026 23:15,Galaa Square,"30.0398,31.2188",30.0398,31.2188,63,63,43,0.968886,FALSE,23,15,5,1,0,Free_Flow,5,1
5/30/2026 23:30,Salah Salem,"30.0645,31.282",30.0645,31.282,47,75,9,0.901376,FALSE,23,30,5,1,0,Moderate,14,2
5/30/2026 23:45,Autostrad - Sheraton,"30.1065,31.3711",30.1065,31.3711,69,69,6,0.860729,FALSE,23,45,5,1,0,Free_Flow,2,1
5/31/2026 0:00,Tahrir Square,"30.0444,31.2357",30.0444,31.2357,44,65,43,0.862668,FALSE,0,0,6,1,0,Moderate,16,2
5/31/2026 0:15,Corniche El Nil,"30.0263,31.2268",30.0263,31.2268,31,73,18,0.877885,FALSE,0,15,6,1,0,Moderate,3,2
5/31/2026 0:30,Mosheer Tantawy Axis,"30.0242,31.3486",30.0242,31.3486,59,61,10,0.85045,FALSE,0,30,6,1,0,Free_Flow,7,1
5/31/2026 0:45,Rod El Farag Axis,"30.0881,31.2185",30.0881,31.2185,55,80,19,0.982301,FALSE,0,45,6,1,0,Free_Flow,13,1
5/31/2026 1:00,Ring Road - Marg,"30.1554,31.3323",30.1554,31.3323,46,67,78,0.96928,FALSE,1,0,6,1,0,Moderate,11,2
5/31/2026 1:15,Ring Road - Moneeb,"29.9881,31.2227",29.9881,31.2227,33,73,78,0.873531,FALSE,1,15,6,1,0,Moderate,12,2
5/31/2026 1:30,Gamaat El Dowal St,"30.0543,31.2005",30.0543,31.2005,37,60,79,0.873323,FALSE,1,30,6,1,0,Moderate,6,2
5/31/2026 1:45,Faisal Street,"30.0051,31.1574",30.0051,31.1574,31,70,30,0.880612,FALSE,1,45,6,1,0,Moderate,4,2
5/31/2026 2:00,North 90th Street,"30.0308,31.4721",30.0308,31.4721,50,76,13,0.882843,FALSE,2,0,6,1,0,Free_Flow,8,1
5/31/2026 2:15,South 90th Street,"30.0195,31.4326",30.0195,31.4326,48,68,31,0.916728,FALSE,2,15,6,1,0,Moderate,15,2
5/31/2026 2:30,Ring Road - Maadi,"29.9544,31.2858",29.9544,31.2858,40,71,47,0.975576,FALSE,2,30,6,1,0,Moderate,10,2
5/31/2026 2:45,October Bridge,"30.0526,31.2372",30.0526,31.2372,26,72,67,0.971354,FALSE,2,45,6,1,0,Moderate,9,2
5/31/2026 3:00,26th July Corridor,"30.0381,31.0264",30.0381,31.0264,56,56,31,0.878711,FALSE,3,0,6,1,0,Free_Flow,0,1
5/31/2026 3:15,Abbas El Akkad,"30.0631,31.3341",30.0631,31.3341,49,79,77,0.864196,FALSE,3,15,6,1,0,Moderate,1,2
5/31/2026 3:30,Galaa Square,"30.0398,31.2188",30.0398,31.2188,30,61,43,0.869893,FALSE,3,30,6,1,0,Moderate,5,2
5/31/2026 3:45,Salah Salem,"30.0645,31.282",30.0645,31.282,29,57,41,0.948926,FALSE,3,45,6,1,0,Moderate,14,2
5/31/2026 4:00,Autostrad - Sheraton,"30.1065,31.3711",30.1065,31.3711,37,62,23,0.985991,FALSE,4,0,6,1,0,Moderate,2,2
5/31/2026 4:15,Tahrir Square,"30.0444,31.2357",30.0444,31.2357,43,60,21,0.92487,FALSE,4,15,6,1,0,Moderate,16,2
5/31/2026 4:30,Corniche El Nil,"30.0263,31.2268",30.0263,31.2268,64,67,17,0.909324,FALSE,4,30,6,1,0,Free_Flow,3,1
5/31/2026 4:45,Mosheer Tantawy Axis,"30.0242,31.3486",30.0242,31.3486,42,76,66,0.926068,FALSE,4,45,6,1,0,Moderate,7,2
5/31/2026 5:00,Rod El Farag Axis,"30.0881,31.2185",30.0881,31.2185,50,62,74,0.89265,FALSE,5,0,6,1,0,Free_Flow,13,1
5/31/2026 5:15,Ring Road - Marg,"30.1554,31.3323",30.1554,31.3323,63,63,68,0.948168,FALSE,5,15,6,1,0,Free_Flow,11,1
5/31/2026 5:30,Ring Road - Moneeb,"29.9881,31.2227",29.9881,31.2227,29,78,42,0.93451,FALSE,5,30,6,1,0,Moderate,12,2
5/31/2026 5:45,Gamaat El Dowal St,"30.0543,31.2005",30.0543,31.2005,31,62,18,0.883352,FALSE,5,45,6,1,0,Moderate,6,2
5/31/2026 6:00,Faisal Street,"30.0051,31.1574",30.0051,31.1574,36,60,70,0.969929,FALSE,6,0,6,1,0,Moderate,4,2
5/31/2026 6:15,North 90th Street,"30.0308,31.4721",30.0308,31.4721,64,64,64,0.995168,FALSE,6,15,6,1,0,Free_Flow,8,1
5/31/2026 6:30,South 90th Street,"30.0195,31.4326",30.0195,31.4326,25,58,70,0.933425,FALSE,6,30,6,1,0,Moderate,15,2
5/31/2026 6:45,Ring Road - Maadi,"29.9544,31.2858",29.9544,31.2858,49,55,62,0.970724,FALSE,6,45,6,1,0,Moderate,10,2
5/31/2026 7:00,October Bridge,"30.0526,31.2372",30.0526,31.2372,23,73,117,0.988726,FALSE,7,0,6,1,1,Moderate,9,2
5/31/2026 7:15,26th July Corridor,"30.0381,31.0264",30.0381,31.0264,11,57,96,0.957323,FALSE,7,15,6,1,1,Congested,0,0
5/31/2026 7:30,Abbas El Akkad,"30.0631,31.3341",30.0631,31.3341,21,58,120,0.894688,FALSE,7,30,6,1,1,Moderate,1,2
5/31/2026 7:45,Galaa Square,"30.0398,31.2188",30.0398,31.2188,23,77,72,0.935662,FALSE,7,45,6,1,1,Moderate,5,2
5/31/2026 8:00,Salah Salem,"30.0645,31.282",30.0645,31.282,18,76,104,0.91408,FALSE,8,0,6,1,1,Congested,14,0
5/31/2026 8:15,Autostrad - Sheraton,"30.1065,31.3711",30.1065,31.3711,15,57,80,0.948222,FALSE,8,15,6,1,1,Congested,2,0
5/31/2026 8:30,Tahrir Square,"30.0444,31.2357",30.0444,31.2357,31,68,95,0.921408,FALSE,8,30,6,1,1,Moderate,16,2
5/31/2026 8:45,Corniche El Nil,"30.0263,31.2268",30.0263,31.2268,20,74,107,0.917729,FALSE,8,45,6,1,1,Moderate,3,2
5/31/2026 9:00,Mosheer Tantawy Axis,"30.0242,31.3486",30.0242,31.3486,32,77,43,0.874605,FALSE,9,0,6,1,1,Moderate,7,2
5/31/2026 9:15,Rod El Farag Axis,"30.0881,31.2185",30.0881,31.2185,10,70,96,0.887434,FALSE,9,15,6,1,1,Congested,13,0
5/31/2026 9:30,Ring Road - Marg,"30.1554,31.3323",30.1554,31.3323,17,61,58,0.947875,FALSE,9,30,6,1,1,Congested,11,0
5/31/2026 9:45,Ring Road - Moneeb,"29.9881,31.2227",29.9881,31.2227,22,61,85,0.902179,FALSE,9,45,6,1,1,Moderate,12,2
5/31/2026 10:00,Gamaat El Dowal St,"30.0543,31.2005",30.0543,31.2005,32,79,100,0.922928,FALSE,10,0,6,1,0,Moderate,6,2
5/31/2026 10:15,Faisal Street,"30.0051,31.1574",30.0051,31.1574,17,78,116,0.957892,FALSE,10,15,6,1,0,Congested,4,0
5/31/2026 10:30,North 90th Street,"30.0308,31.4721",30.0308,31.4721,19,78,60,0.907846,FALSE,10,30,6,1,0,Congested,8,0
5/31/2026 10:45,South 90th Street,"30.0195,31.4326",30.0195,31.4326,19,61,109,0.968812,FALSE,10,45,6,1,0,Congested,15,0
5/31/2026 11:00,Ring Road - Maadi,"29.9544,31.2858",29.9544,31.2858,53,76,67,0.960193,FALSE,11,0,6,1,0,Free_Flow,10,1
5/31/2026 11:15,October Bridge,"30.0526,31.2372",30.0526,31.2372,62,62,37,0.854063,FALSE,11,15,6,1,0,Free_Flow,9,1
5/31/2026 11:30,26th July Corridor,"30.0381,31.0264",30.0381,31.0264,44,74,60,0.867518,FALSE,11,30,6,1,0,Moderate,0,2
5/31/2026 11:45,Abbas El Akkad,"30.0631,31.3341",30.0631,31.3341,55,66,47,0.917746,FALSE,11,45,6,1,0,Free_Flow,1,1
5/31/2026 12:00,Galaa Square,"30.0398,31.2188",30.0398,31.2188,33,78,62,0.973285,FALSE,12,0,6,1,0,Moderate,5,2
5/31/2026 12:15,Salah Salem,"30.0645,31.282",30.0645,31.282,44,68,63,0.937289,FALSE,12,15,6,1,0,Moderate,14,2
5/31/2026 12:30,Autostrad - Sheraton,"30.1065,31.3711",30.1065,31.3711,64,64,69,0.928872,FALSE,12,30,6,1,0,Free_Flow,2,1
5/31/2026 12:45,Tahrir Square,"30.0444,31.2357",30.0444,31.2357,58,69,66,0.857535,FALSE,12,45,6,1,0,Free_Flow,16,1
5/31/2026 13:00,Corniche El Nil,"30.0263,31.2268",30.0263,31.2268,42,70,65,0.992195,FALSE,13,0,6,1,0,Moderate,3,2
5/31/2026 13:15,Mosheer Tantawy Axis,"30.0242,31.3486",30.0242,31.3486,45,60,18,0.871135,FALSE,13,15,6,1,0,Moderate,7,2
5/31/2026 13:30,Rod El Farag Axis,"30.0881,31.2185",30.0881,31.2185,33,59,29,0.999406,FALSE,13,30,6,1,0,Moderate,13,2
5/31/2026 13:45,Ring Road - Marg,"30.1554,31.3323",30.1554,31.3323,25,56,73,0.850703,FALSE,13,45,6,1,0,Moderate,11,2
5/31/2026 14:00,Ring Road - Moneeb,"29.9881,31.2227",29.9881,31.2227,39,79,76,0.870822,FALSE,14,0,6,1,0,Moderate,12,2
5/31/2026 14:15,Gamaat El Dowal St,"30.0543,31.2005",30.0543,31.2005,29,72,58,0.905228,FALSE,14,15,6,1,0,Moderate,6,2
5/31/2026 14:30,Faisal Street,"30.0051,31.1574",30.0051,31.1574,54,72,73,0.923742,FALSE,14,30,6,1,0,Free_Flow,4,1
5/31/2026 14:45,North 90th Street,"30.0308,31.4721",30.0308,31.4721,38,74,29,0.863119,FALSE,14,45,6,1,0,Moderate,8,2
5/31/2026 15:00,South 90th Street,"30.0195,31.4326",30.0195,31.4326,47,55,80,0.902683,FALSE,15,0,6,1,0,Moderate,15,2
5/31/2026 15:15,Ring Road - Maadi,"29.9544,31.2858",29.9544,31.2858,25,71,16,0.910472,FALSE,15,15,6,1,0,Moderate,10,2
5/31/2026 15:30,October Bridge,"30.0526,31.2372",30.0526,31.2372,61,61,53,0.883037,FALSE,15,30,6,1,0,Free_Flow,9,1
5/31/2026 15:45,26th July Corridor,"30.0381,31.0264",30.0381,31.0264,26,61,55,0.874252,FALSE,15,45,6,1,0,Moderate,0,2
5/31/2026 16:00,Abbas El Akkad,"30.0631,31.3341",30.0631,31.3341,20,76,82,0.909837,FALSE,16,0,6,1,1,Moderate,1,2
5/31/2026 16:15,Galaa Square,"30.0398,31.2188",30.0398,31.2188,31,74,105,0.862155,FALSE,16,15,6,1,1,Moderate,5,2
5/31/2026 16:30,Salah Salem,"30.0645,31.282",30.0645,31.282,11,78,107,0.898336,FALSE,16,30,6,1,1,Congested,14,0
5/31/2026 16:45,Autostrad - Sheraton,"30.1065,31.3711",30.1065,31.3711,23,64,74,0.850539,FALSE,16,45,6,1,1,Moderate,2,2
5/31/2026 17:00,Tahrir Square,"30.0444,31.2357",30.0444,31.2357,10,76,111,0.881321,FALSE,17,0,6,1,1,Congested,16,0
5/31/2026 17:15,Corniche El Nil,"30.0263,31.2268",30.0263,31.2268,14,63,75,0.913795,FALSE,17,15,6,1,1,Congested,3,0
5/31/2026 17:30,Mosheer Tantawy Axis,"30.0242,31.3486",30.0242,31.3486,13,55,103,0.969116,FALSE,17,30,6,1,1,Congested,7,0
5/31/2026 17:45,Rod El Farag Axis,"30.0881,31.2185",30.0881,31.2185,10,76,111,0.92773,FALSE,17,45,6,1,1,Congested,13,0
5/31/2026 18:00,Ring Road - Marg,"30.1554,31.3323",30.1554,31.3323,33,71,81,0.997868,FALSE,18,0,6,1,1,Moderate,11,2
5/31/2026 18:15,Ring Road - Moneeb,"29.9881,31.2227",29.9881,31.2227,28,66,67,0.934048,FALSE,18,15,6,1,1,Moderate,12,2
5/31/2026 18:30,Gamaat El Dowal St,"30.0543,31.2005",30.0543,31.2005,22,75,58,0.876966,FALSE,18,30,6,1,1,Moderate,6,2
5/31/2026 18:45,Faisal Street,"30.0051,31.1574",30.0051,31.1574,25,74,78,0.969498,FALSE,18,45,6,1,1,Moderate,4,2
5/31/2026 19:00,North 90th Street,"30.0308,31.4721",30.0308,31.4721,11,55,77,0.909214,FALSE,19,0,6,1,1,Congested,8,0
5/31/2026 19:15,South 90th Street,"30.0195,31.4326",30.0195,31.4326,17,67,41,0.996642,FALSE,19,15,6,1,1,Congested,15,0
5/31/2026 19:30,Ring Road - Maadi,"29.9544,31.2858",29.9544,31.2858,20,58,60,0.983934,FALSE,19,30,6,1,1,Moderate,10,2
5/31/2026 19:45,October Bridge,"30.0526,31.2372",30.0526,31.2372,16,70,88,0.993693,FALSE,19,45,6,1,1,Congested,9,0
5/31/2026 20:00,26th July Corridor,"30.0381,31.0264",30.0381,31.0264,28,75,44,0.943434,FALSE,20,0,6,1,0,Moderate,0,2
5/31/2026 20:15,Abbas El Akkad,"30.0631,31.3341",30.0631,31.3341,26,79,73,0.943325,FALSE,20,15,6,1,0,Moderate,1,2
5/31/2026 20:30,Galaa Square,"30.0398,31.2188",30.0398,31.2188,12,57,94,0.946968,FALSE,20,30,6,1,0,Congested,5,0
5/31/2026 20:45,Salah Salem,"30.0645,31.282",30.0645,31.282,13,79,74,0.959774,FALSE,20,45,6,1,0,Congested,14,0
5/31/2026 21:00,Autostrad - Sheraton,"30.1065,31.3711",30.1065,31.3711,31,60,56,0.914061,FALSE,21,0,6,1,0,Moderate,2,2
5/31/2026 21:15,Tahrir Square,"30.0444,31.2357",30.0444,31.2357,39,61,61,0.968132,FALSE,21,15,6,1,0,Moderate,16,2
5/31/2026 21:30,Corniche El Nil,"30.0263,31.2268",30.0263,31.2268,57,78,73,0.914027,FALSE,21,30,6,1,0,Free_Flow,3,1
5/31/2026 21:45,Mosheer Tantawy Axis,"30.0242,31.3486",30.0242,31.3486,61,63,45,0.930594,FALSE,21,45,6,1,0,Free_Flow,7,1
5/31/2026 22:00,Rod El Farag Axis,"30.0881,31.2185",30.0881,31.2185,27,63,18,0.866124,FALSE,22,0,6,1,0,Moderate,13,2
5/31/2026 22:15,Ring Road - Marg,"30.1554,31.3323",30.1554,31.3323,30,66,61,0.938879,FALSE,22,15,6,1,0,Moderate,11,2
5/31/2026 22:30,Ring Road - Moneeb,"29.9881,31.2227",29.9881,31.2227,33,66,48,0.98372,FALSE,22,30,6,1,0,Moderate,12,2
5/31/2026 22:45,Gamaat El Dowal St,"30.0543,31.2005",30.0543,31.2005,40,66,23,0.91846,FALSE,22,45,6,1,0,Moderate,6,2
5/31/2026 23:00,Faisal Street,"30.0051,31.1574",30.0051,31.1574,60,72,57,0.947833,FALSE,23,0,6,1,0,Free_Flow,4,1
5/31/2026 23:15,North 90th Street,"30.0308,31.4721",30.0308,31.4721,61,70,43,0.880286,FALSE,23,15,6,1,0,Free_Flow,8,1
5/31/2026 23:30,South 90th Street,"30.0195,31.4326",30.0195,31.4326,43,56,62,0.854652,FALSE,23,30,6,1,0,Moderate,15,2
5/31/2026 23:45,Ring Road - Maadi,"29.9544,31.2858",29.9544,31.2858,30,63,18,0.951745,FALSE,23,45,6,1,0,Moderate,10,2
6/1/2026 0:00,October Bridge,"30.0526,31.2372",30.0526,31.2372,38,74,58,0.958187,FALSE,0,0,0,0,0,Moderate,9,2
6/1/2026 0:15,26th July Corridor,"30.0381,31.0264",30.0381,31.0264,54,60,47,0.91312,FALSE,0,15,0,0,0,Free_Flow,0,1
6/1/2026 0:30,Abbas El Akkad,"30.0631,31.3341",30.0631,31.3341,56,72,73,0.858186,FALSE,0,30,0,0,0,Free_Flow,1,1
6/1/2026 0:45,Galaa Square,"30.0398,31.2188",30.0398,31.2188,49,63,44,0.867856,FALSE,0,45,0,0,0,Moderate,5,2
6/1/2026 1:00,Salah Salem,"30.0645,31.282",30.0645,31.282,34,55,22,0.942999,FALSE,1,0,0,0,0,Moderate,14,2
6/1/2026 1:15,Autostrad - Sheraton,"30.1065,31.3711",30.1065,31.3711,55,75,28,0.905401,FALSE,1,15,0,0,0,Free_Flow,2,1
6/1/2026 1:30,Tahrir Square,"30.0444,31.2357",30.0444,31.2357,51,71,74,0.915015,FALSE,1,30,0,0,0,Free_Flow,16,1
6/1/2026 1:45,Corniche El Nil,"30.0263,31.2268",30.0263,31.2268,51,75,54,0.971019,FALSE,1,45,0,0,0,Free_Flow,3,1
6/1/2026 2:00,Mosheer Tantawy Axis,"30.0242,31.3486",30.0242,31.3486,42,69,45,0.983516,FALSE,2,0,0,0,0,Moderate,7,2
6/1/2026 2:15,Rod El Farag Axis,"30.0881,31.2185",30.0881,31.2185,41,69,57,0.935907,FALSE,2,15,0,0,0,Moderate,13,2
6/1/2026 2:30,Ring Road - Marg,"30.1554,31.3323",30.1554,31.3323,27,74,40,0.907364,FALSE,2,30,0,0,0,Moderate,11,2
6/1/2026 2:45,Ring Road - Moneeb,"29.9881,31.2227",29.9881,31.2227,25,74,38,0.990063,FALSE,2,45,0,0,0,Moderate,12,2
6/1/2026 3:00,Gamaat El Dowal St,"30.0543,31.2005",30.0543,31.2005,26,72,43,0.862035,FALSE,3,0,0,0,0,Moderate,6,2
6/1/2026 3:15,Faisal Street,"30.0051,31.1574",30.0051,31.1574,38,70,41,0.899683,FALSE,3,15,0,0,0,Moderate,4,2
6/1/2026 3:30,North 90th Street,"30.0308,31.4721",30.0308,31.4721,52,67,29,0.983392,FALSE,3,30,0,0,0,Free_Flow,8,1
6/1/2026 3:45,South 90th Street,"30.0195,31.4326",30.0195,31.4326,58,72,17,0.935259,FALSE,3,45,0,0,0,Free_Flow,15,1
6/1/2026 4:00,Ring Road - Maadi,"29.9544,31.2858",29.9544,31.2858,39,76,14,0.936929,FALSE,4,0,0,0,0,Moderate,10,2
6/1/2026 4:15,October Bridge,"30.0526,31.2372",30.0526,31.2372,34,74,44,0.907429,FALSE,4,15,0,0,0,Moderate,9,2
6/1/2026 4:30,26th July Corridor,"30.0381,31.0264",30.0381,31.0264,52,60,15,0.877367,FALSE,4,30,0,0,0,Free_Flow,0,1
6/1/2026 4:45,Abbas El Akkad,"30.0631,31.3341",30.0631,31.3341,57,61,68,0.948835,FALSE,4,45,0,0,0,Free_Flow,1,1
6/1/2026 5:00,Galaa Square,"30.0398,31.2188",30.0398,31.2188,38,74,19,0.878619,FALSE,5,0,0,0,0,Moderate,5,2
6/1/2026 5:15,Salah Salem,"30.0645,31.282",30.0645,31.282,51,59,61,0.927093,FALSE,5,15,0,0,0,Free_Flow,14,1
6/1/2026 5:30,Autostrad - Sheraton,"30.1065,31.3711",30.1065,31.3711,51,59,34,0.86987,FALSE,5,30,0,0,0,Free_Flow,2,1
6/1/2026 5:45,Tahrir Square,"30.0444,31.2357",30.0444,31.2357,53,61,64,0.888026,FALSE,5,45,0,0,0,Free_Flow,16,1
6/1/2026 6:00,Corniche El Nil,"30.0263,31.2268",30.0263,31.2268,41,71,39,0.959162,FALSE,6,0,0,0,0,Moderate,3,2
6/1/2026 6:15,Mosheer Tantawy Axis,"30.0242,31.3486",30.0242,31.3486,36,79,38,0.932624,FALSE,6,15,0,0,0,Moderate,7,2
6/1/2026 6:30,Rod El Farag Axis,"30.0881,31.2185",30.0881,31.2185,31,64,61,0.869384,FALSE,6,30,0,0,0,Moderate,13,2
6/1/2026 6:45,Ring Road - Marg,"30.1554,31.3323",30.1554,31.3323,39,77,27,0.886892,FALSE,6,45,0,0,0,Moderate,11,2
6/1/2026 7:00,Ring Road - Moneeb,"29.9881,31.2227",29.9881,31.2227,25,71,89,0.877773,FALSE,7,0,0,0,1,Moderate,12,2
6/1/2026 7:15,Gamaat El Dowal St,"30.0543,31.2005",30.0543,31.2005,24,77,117,0.936624,FALSE,7,15,0,0,1,Moderate,6,2
6/1/2026 7:30,Faisal Street,"30.0051,31.1574",30.0051,31.1574,21,58,95,0.966558,FALSE,7,30,0,0,1,Moderate,4,2
6/1/2026 7:45,North 90th Street,"30.0308,31.4721",30.0308,31.4721,29,63,100,0.939322,FALSE,7,45,0,0,1,Moderate,8,2
6/1/2026 8:00,South 90th Street,"30.0195,31.4326",30.0195,31.4326,31,74,112,0.886313,FALSE,8,0,0,0,1,Moderate,15,2
6/1/2026 8:15,Ring Road - Maadi,"29.9544,31.2858",29.9544,31.2858,19,55,92,0.927325,FALSE,8,15,0,0,1,Congested,10,0
6/1/2026 8:30,October Bridge,"30.0526,31.2372",30.0526,31.2372,28,59,65,0.994343,FALSE,8,30,0,0,1,Moderate,9,2
6/1/2026 8:45,26th July Corridor,"30.0381,31.0264",30.0381,31.0264,27,68,88,0.920608,FALSE,8,45,0,0,1,Moderate,0,2
6/1/2026 9:00,Abbas El Akkad,"30.0631,31.3341",30.0631,31.3341,16,62,108,0.893874,FALSE,9,0,0,0,1,Congested,1,0
6/1/2026 9:15,Galaa Square,"30.0398,31.2188",30.0398,31.2188,33,55,41,0.888712,FALSE,9,15,0,0,1,Moderate,5,2
6/1/2026 9:30,Salah Salem,"30.0645,31.282",30.0645,31.282,18,57,69,0.963758,FALSE,9,30,0,0,1,Congested,14,0
6/1/2026 9:45,Autostrad - Sheraton,"30.1065,31.3711",30.1065,31.3711,31,71,48,0.988208,FALSE,9,45,0,0,1,Moderate,2,2
6/1/2026 10:00,Tahrir Square,"30.0444,31.2357",30.0444,31.2357,12,56,91,0.879148,FALSE,10,0,0,0,0,Congested,16,0
6/1/2026 10:15,Corniche El Nil,"30.0263,31.2268",30.0263,31.2268,27,76,77,0.915313,FALSE,10,15,0,0,0,Moderate,3,2
6/1/2026 10:30,Mosheer Tantawy Axis,"30.0242,31.3486",30.0242,31.3486,35,59,115,0.932526,FALSE,10,30,0,0,0,Moderate,7,2
6/1/2026 10:45,Rod El Farag Axis,"30.0881,31.2185",30.0881,31.2185,19,65,89,0.866049,FALSE,10,45,0,0,0,Congested,13,0
6/1/2026 11:00,Ring Road - Marg,"30.1554,31.3323",30.1554,31.3323,31,72,35,0.860417,FALSE,11,0,0,0,0,Moderate,11,2
6/1/2026 11:15,Ring Road - Moneeb,"29.9881,31.2227",29.9881,31.2227,63,63,59,0.938532,FALSE,11,15,0,0,0,Free_Flow,12,1
6/1/2026 11:30,Gamaat El Dowal St,"30.0543,31.2005",30.0543,31.2005,61,61,43,0.913986,FALSE,11,30,0,0,0,Free_Flow,6,1
6/1/2026 11:45,Faisal Street,"30.0051,31.1574",30.0051,31.1574,63,69,36,0.855129,FALSE,11,45,0,0,0,Free_Flow,4,1
6/1/2026 12:00,North 90th Street,"30.0308,31.4721",30.0308,31.4721,56,66,72,0.894936,FALSE,12,0,0,0,0,Free_Flow,8,1
6/1/2026 12:15,South 90th Street,"30.0195,31.4326",30.0195,31.4326,63,63,76,0.860111,FALSE,12,15,0,0,0,Free_Flow,15,1
6/1/2026 12:30,Ring Road - Maadi,"29.9544,31.2858",29.9544,31.2858,41,60,13,0.870625,FALSE,12,30,0,0,0,Moderate,10,2
6/1/2026 12:45,October Bridge,"30.0526,31.2372",30.0526,31.2372,62,67,68,0.854963,FALSE,12,45,0,0,0,Free_Flow,9,1
6/1/2026 13:00,26th July Corridor,"30.0381,31.0264",30.0381,31.0264,43,62,45,0.895413,FALSE,13,0,0,0,0,Moderate,0,2
6/1/2026 13:15,Abbas El Akkad,"30.0631,31.3341",30.0631,31.3341,53,56,77,0.864185,FALSE,13,15,0,0,0,Free_Flow,1,1
6/1/2026 13:30,Galaa Square,"30.0398,31.2188",30.0398,31.2188,50,67,55,0.904557,FALSE,13,30,0,0,0,Free_Flow,5,1
6/1/2026 13:45,Salah Salem,"30.0645,31.282",30.0645,31.282,31,79,36,0.852368,FALSE,13,45,0,0,0,Moderate,14,2
6/1/2026 14:00,Autostrad - Sheraton,"30.1065,31.3711",30.1065,31.3711,36,55,72,0.898369,FALSE,14,0,0,0,0,Moderate,2,2
6/1/2026 14:15,Tahrir Square,"30.0444,31.2357",30.0444,31.2357,50,64,72,0.873557,FALSE,14,15,0,0,0,Free_Flow,16,1
6/1/2026 14:30,Corniche El Nil,"30.0263,31.2268",30.0263,31.2268,58,58,47,0.937699,FALSE,14,30,0,0,0,Free_Flow,3,1
6/1/2026 14:45,Mosheer Tantawy Axis,"30.0242,31.3486",30.0242,31.3486,54,60,24,0.913129,FALSE,14,45,0,0,0,Free_Flow,7,1
6/1/2026 15:00,Rod El Farag Axis,"30.0881,31.2185",30.0881,31.2185,29,80,31,0.914903,FALSE,15,0,0,0,0,Moderate,13,2
6/1/2026 15:15,Ring Road - Marg,"30.1554,31.3323",30.1554,31.3323,28,71,17,0.862256,FALSE,15,15,0,0,0,Moderate,11,2
6/1/2026 15:30,Ring Road - Moneeb,"29.9881,31.2227",29.9881,31.2227,54,78,10,0.908279,FALSE,15,30,0,0,0,Free_Flow,12,1
6/1/2026 15:45,Gamaat El Dowal St,"30.0543,31.2005",30.0543,31.2005,54,56,35,0.941082,FALSE,15,45,0,0,0,Free_Flow,6,1
6/1/2026 16:00,Faisal Street,"30.0051,31.1574",30.0051,31.1574,17,65,101,0.983588,FALSE,16,0,0,0,1,Congested,4,0
6/1/2026 16:15,North 90th Street,"30.0308,31.4721",30.0308,31.4721,21,80,42,0.987312,FALSE,16,15,0,0,1,Moderate,8,2
6/1/2026 16:30,South 90th Street,"30.0195,31.4326",30.0195,31.4326,14,76,115,0.979096,FALSE,16,30,0,0,1,Congested,15,0
6/1/2026 16:45,Ring Road - Maadi,"29.9544,31.2858",29.9544,31.2858,19,58,83,0.97665,FALSE,16,45,0,0,1,Congested,10,0
6/1/2026 17:00,October Bridge,"30.0526,31.2372",30.0526,31.2372,16,74,108,0.973342,FALSE,17,0,0,0,1,Congested,9,0
6/1/2026 17:15,26th July Corridor,"30.0381,31.0264",30.0381,31.0264,33,76,42,0.994195,FALSE,17,15,0,0,1,Moderate,0,2
6/1/2026 17:30,Abbas El Akkad,"30.0631,31.3341",30.0631,31.3341,21,58,43,0.93562,FALSE,17,30,0,0,1,Moderate,1,2
6/1/2026 17:45,Galaa Square,"30.0398,31.2188",30.0398,31.2188,15,57,115,0.85603,FALSE,17,45,0,0,1,Congested,5,0
6/1/2026 18:00,Salah Salem,"30.0645,31.282",30.0645,31.282,24,57,88,0.957505,FALSE,18,0,0,0,1,Moderate,14,2
6/1/2026 18:15,Autostrad - Sheraton,"30.1065,31.3711",30.1065,31.3711,34,64,90,0.984184,FALSE,18,15,0,0,1,Moderate,2,2
6/1/2026 18:30,Tahrir Square,"30.0444,31.2357",30.0444,31.2357,35,78,71,0.86422,FALSE,18,30,0,0,1,Moderate,16,2
6/1/2026 18:45,Corniche El Nil,"30.0263,31.2268",30.0263,31.2268,32,72,96,0.931523,FALSE,18,45,0,0,1,Moderate,3,2
6/1/2026 19:00,Mosheer Tantawy Axis,"30.0242,31.3486",30.0242,31.3486,17,76,53,0.995728,FALSE,19,0,0,0,1,Congested,7,0
6/1/2026 19:15,Rod El Farag Axis,"30.0881,31.2185",30.0881,31.2185,18,72,42,0.972746,FALSE,19,15,0,0,1,Congested,13,0
6/1/2026 19:30,Ring Road - Marg,"30.1554,31.3323",30.1554,31.3323,17,70,62,0.90536,FALSE,19,30,0,0,1,Congested,11,0
6/1/2026 19:45,Ring Road - Moneeb,"29.9881,31.2227",29.9881,31.2227,22,61,84,0.978571,FALSE,19,45,0,0,1,Moderate,12,2
6/1/2026 20:00,Gamaat El Dowal St,"30.0543,31.2005",30.0543,31.2005,16,64,52,0.940977,FALSE,20,0,0,0,0,Congested,6,0
6/1/2026 20:15,Faisal Street,"30.0051,31.1574",30.0051,31.1574,33,68,89,0.983323,FALSE,20,15,0,0,0,Moderate,4,2
6/1/2026 20:30,North 90th Street,"30.0308,31.4721",30.0308,31.4721,17,71,50,0.911004,FALSE,20,30,0,0,0,Congested,8,0
6/1/2026 20:45,South 90th Street,"30.0195,31.4326",30.0195,31.4326,20,57,80,0.913639,FALSE,20,45,0,0,0,Moderate,15,2
6/1/2026 21:00,Ring Road - Maadi,"29.9544,31.2858",29.9544,31.2858,31,57,69,0.999145,FALSE,21,0,0,0,0,Moderate,10,2
6/1/2026 21:15,October Bridge,"30.0526,31.2372",30.0526,31.2372,59,69,56,0.884947,FALSE,21,15,0,0,0,Free_Flow,9,1
6/1/2026 21:30,26th July Corridor,"30.0381,31.0264",30.0381,31.0264,31,79,80,0.916594,FALSE,21,30,0,0,0,Moderate,0,2
6/1/2026 21:45,Abbas El Akkad,"30.0631,31.3341",30.0631,31.3341,49,77,39,0.987977,FALSE,21,45,0,0,0,Moderate,1,2
6/1/2026 22:00,Galaa Square,"30.0398,31.2188",30.0398,31.2188,61,61,66,0.960183,FALSE,22,0,0,0,0,Free_Flow,5,1
6/1/2026 22:15,Salah Salem,"30.0645,31.282",30.0645,31.282,60,60,34,0.900731,FALSE,22,15,0,0,0,Free_Flow,14,1
6/1/2026 22:30,Autostrad - Sheraton,"30.1065,31.3711",30.1065,31.3711,54,56,53,0.880146,FALSE,22,30,0,0,0,Free_Flow,2,1
6/1/2026 22:45,Tahrir Square,"30.0444,31.2357",30.0444,31.2357,39,68,25,0.957558,FALSE,22,45,0,0,0,Moderate,16,2
6/1/2026 23:00,Corniche El Nil,"30.0263,31.2268",30.0263,31.2268,46,72,28,0.877148,FALSE,23,0,0,0,0,Moderate,3,2
6/1/2026 23:15,Mosheer Tantawy Axis,"30.0242,31.3486",30.0242,31.3486,41,72,12,0.857509,FALSE,23,15,0,0,0,Moderate,7,2
6/1/2026 23:30,Rod El Farag Axis,"30.0881,31.2185",30.0881,31.2185,46,80,57,0.94943,FALSE,23,30,0,0,0,Moderate,13,2
6/1/2026 23:45,Ring Road - Marg,"30.1554,31.3323",30.1554,31.3323,41,66,72,0.885871,FALSE,23,45,0,0,0,Moderate,11,2
6/2/2026 0:00,Ring Road - Moneeb,"29.9881,31.2227",29.9881,31.2227,47,80,10,0.98775,FALSE,0,0,1,0,0,Moderate,12,2
6/2/2026 0:15,Gamaat El Dowal St,"30.0543,31.2005",30.0543,31.2005,47,64,49,0.857314,FALSE,0,15,1,0,0,Moderate,6,2
6/2/2026 0:30,Faisal Street,"30.0051,31.1574",30.0051,31.1574,65,66,41,0.934406,FALSE,0,30,1,0,0,Free_Flow,4,1
6/2/2026 0:45,North 90th Street,"30.0308,31.4721",30.0308,31.4721,46,67,69,0.968777,FALSE,0,45,1,0,0,Moderate,8,2
6/2/2026 1:00,South 90th Street,"30.0195,31.4326",30.0195,31.4326,52,75,74,0.912212,FALSE,1,0,1,0,0,Free_Flow,15,1
6/2/2026 1:15,Ring Road - Maadi,"29.9544,31.2858",29.9544,31.2858,35,56,25,0.894241,FALSE,1,15,1,0,0,Moderate,10,2
6/2/2026 1:30,October Bridge,"30.0526,31.2372",30.0526,31.2372,54,61,26,0.913775,FALSE,1,30,1,0,0,Free_Flow,9,1
6/2/2026 1:45,26th July Corridor,"30.0381,31.0264",30.0381,31.0264,46,65,37,0.859628,FALSE,1,45,1,0,0,Moderate,0,2
6/2/2026 2:00,Abbas El Akkad,"30.0631,31.3341",30.0631,31.3341,25,59,21,0.887894,FALSE,2,0,1,0,0,Moderate,1,2
6/2/2026 2:15,Galaa Square,"30.0398,31.2188",30.0398,31.2188,43,80,24,0.960507,FALSE,2,15,1,0,0,Moderate,5,2
6/2/2026 2:30,Salah Salem,"30.0645,31.282",30.0645,31.282,25,57,60,0.918735,FALSE,2,30,1,0,0,Moderate,14,2
6/2/2026 2:45,Autostrad - Sheraton,"30.1065,31.3711",30.1065,31.3711,64,67,74,0.857091,FALSE,2,45,1,0,0,Free_Flow,2,1
6/2/2026 3:00,Tahrir Square,"30.0444,31.2357",30.0444,31.2357,26,65,19,0.992073,FALSE,3,0,1,0,0,Moderate,16,2
6/2/2026 3:15,Corniche El Nil,"30.0263,31.2268",30.0263,31.2268,27,70,11,0.88036,FALSE,3,15,1,0,0,Moderate,3,2
6/2/2026 3:30,Mosheer Tantawy Axis,"30.0242,31.3486",30.0242,31.3486,32,57,69,0.938009,FALSE,3,30,1,0,0,Moderate,7,2
6/2/2026 3:45,Rod El Farag Axis,"30.0881,31.2185",30.0881,31.2185,36,66,50,0.891078,FALSE,3,45,1,0,0,Moderate,13,2
6/2/2026 4:00,Ring Road - Marg,"30.1554,31.3323",30.1554,31.3323,65,74,79,0.956089,FALSE,4,0,1,0,0,Free_Flow,11,1
6/2/2026 4:15,Ring Road - Moneeb,"29.9881,31.2227",29.9881,31.2227,52,60,39,0.958928,FALSE,4,15,1,0,0,Free_Flow,12,1
6/2/2026 4:30,Gamaat El Dowal St,"30.0543,31.2005",30.0543,31.2005,57,59,68,0.960994,FALSE,4,30,1,0,0,Free_Flow,6,1
6/2/2026 4:45,Faisal Street,"30.0051,31.1574",30.0051,31.1574,46,75,78,0.897836,FALSE,4,45,1,0,0,Moderate,4,2
6/2/2026 5:00,North 90th Street,"30.0308,31.4721",30.0308,31.4721,61,61,59,0.971128,FALSE,5,0,1,0,0,Free_Flow,8,1
6/2/2026 5:15,South 90th Street,"30.0195,31.4326",30.0195,31.4326,61,79,68,0.921844,FALSE,5,15,1,0,0,Free_Flow,15,1
6/2/2026 5:30,Ring Road - Maadi,"29.9544,31.2858",29.9544,31.2858,56,78,71,0.867181,FALSE,5,30,1,0,0,Free_Flow,10,1
6/2/2026 5:45,October Bridge,"30.0526,31.2372",30.0526,31.2372,60,77,18,0.966894,FALSE,5,45,1,0,0,Free_Flow,9,1
6/2/2026 6:00,26th July Corridor,"30.0381,31.0264",30.0381,31.0264,40,74,27,0.877131,FALSE,6,0,1,0,0,Moderate,0,2
6/2/2026 6:15,Abbas El Akkad,"30.0631,31.3341",30.0631,31.3341,53,80,40,0.888467,FALSE,6,15,1,0,0,Free_Flow,1,1
6/2/2026 6:30,Galaa Square,"30.0398,31.2188",30.0398,31.2188,29,60,24,0.949684,FALSE,6,30,1,0,0,Moderate,5,2
6/2/2026 6:45,Salah Salem,"30.0645,31.282",30.0645,31.282,57,71,31,0.98446,FALSE,6,45,1,0,0,Free_Flow,14,1
6/2/2026 7:00,Autostrad - Sheraton,"30.1065,31.3711",30.1065,31.3711,10,73,98,0.95079,FALSE,7,0,1,0,1,Congested,2,0
6/2/2026 7:15,Tahrir Square,"30.0444,31.2357",30.0444,31.2357,27,64,75,0.916048,FALSE,7,15,1,0,1,Moderate,16,2
6/2/2026 7:30,Corniche El Nil,"30.0263,31.2268",30.0263,31.2268,29,71,118,0.857279,FALSE,7,30,1,0,1,Moderate,3,2
6/2/2026 7:45,Mosheer Tantawy Axis,"30.0242,31.3486",30.0242,31.3486,20,57,61,0.944445,FALSE,7,45,1,0,1,Moderate,7,2
6/2/2026 8:00,Rod El Farag Axis,"30.0881,31.2185",30.0881,31.2185,32,72,104,0.892231,FALSE,8,0,1,0,1,Moderate,13,2
6/2/2026 8:15,Ring Road - Marg,"30.1554,31.3323",30.1554,31.3323,18,76,95,0.877085,FALSE,8,15,1,0,1,Congested,11,0
6/2/2026 8:30,Ring Road - Moneeb,"29.9881,31.2227",29.9881,31.2227,12,61,106,0.953214,FALSE,8,30,1,0,1,Congested,12,0
6/2/2026 8:45,Gamaat El Dowal St,"30.0543,31.2005",30.0543,31.2005,11,70,61,0.982519,FALSE,8,45,1,0,1,Congested,6,0
6/2/2026 9:00,Faisal Street,"30.0051,31.1574",30.0051,31.1574,22,60,119,0.880123,FALSE,9,0,1,0,1,Moderate,4,2
6/2/2026 9:15,North 90th Street,"30.0308,31.4721",30.0308,31.4721,19,79,113,0.887025,FALSE,9,15,1,0,1,Congested,8,0
6/2/2026 9:30,South 90th Street,"30.0195,31.4326",30.0195,31.4326,33,59,106,0.981083,FALSE,9,30,1,0,1,Moderate,15,2
6/2/2026 9:45,Ring Road - Maadi,"29.9544,31.2858",29.9544,31.2858,27,56,111,0.89861,FALSE,9,45,1,0,1,Moderate,10,2
6/2/2026 10:00,October Bridge,"30.0526,31.2372",30.0526,31.2372,20,55,86,0.965255,FALSE,10,0,1,0,0,Moderate,9,2
6/2/2026 10:15,26th July Corridor,"30.0381,31.0264",30.0381,31.0264,31,70,65,0.982245,FALSE,10,15,1,0,0,Moderate,0,2
6/2/2026 10:30,Abbas El Akkad,"30.0631,31.3341",30.0631,31.3341,16,57,101,0.948947,FALSE,10,30,1,0,0,Congested,1,0
6/2/2026 10:45,Galaa Square,"30.0398,31.2188",30.0398,31.2188,30,74,101,0.975492,FALSE,10,45,1,0,0,Moderate,5,2
6/2/2026 11:00,Salah Salem,"30.0645,31.282",30.0645,31.282,43,59,54,0.972333,FALSE,11,0,1,0,0,Moderate,14,2
6/2/2026 11:15,Autostrad - Sheraton,"30.1065,31.3711",30.1065,31.3711,32,55,25,0.861778,FALSE,11,15,1,0,0,Moderate,2,2
6/2/2026 11:30,Tahrir Square,"30.0444,31.2357",30.0444,31.2357,40,55,44,0.930986,FALSE,11,30,1,0,0,Moderate,16,2
6/2/2026 11:45,Corniche El Nil,"30.0263,31.2268",30.0263,31.2268,57,67,61,0.982348,FALSE,11,45,1,0,0,Free_Flow,3,1
6/2/2026 12:00,Mosheer Tantawy Axis,"30.0242,31.3486",30.0242,31.3486,25,71,13,0.853123,FALSE,12,0,1,0,0,Moderate,7,2
6/2/2026 12:15,Rod El Farag Axis,"30.0881,31.2185",30.0881,31.2185,46,78,58,0.996805,FALSE,12,15,1,0,0,Moderate,13,2
6/2/2026 12:30,Ring Road - Marg,"30.1554,31.3323",30.1554,31.3323,28,70,77,0.851791,FALSE,12,30,1,0,0,Moderate,11,2
6/2/2026 12:45,Ring Road - Moneeb,"29.9881,31.2227",29.9881,31.2227,43,56,43,0.96023,FALSE,12,45,1,0,0,Moderate,12,2
6/2/2026 13:00,Gamaat El Dowal St,"30.0543,31.2005",30.0543,31.2005,51,67,71,0.980129,FALSE,13,0,1,0,0,Free_Flow,6,1
6/2/2026 13:15,Faisal Street,"30.0051,31.1574",30.0051,31.1574,42,67,63,0.851075,FALSE,13,15,1,0,0,Moderate,4,2
6/2/2026 13:30,North 90th Street,"30.0308,31.4721",30.0308,31.4721,29,79,23,0.922477,FALSE,13,30,1,0,0,Moderate,8,2
6/2/2026 13:45,South 90th Street,"30.0195,31.4326",30.0195,31.4326,54,63,64,0.946878,FALSE,13,45,1,0,0,Free_Flow,15,1
6/2/2026 14:00,Ring Road - Maadi,"29.9544,31.2858",29.9544,31.2858,57,76,54,0.950743,FALSE,14,0,1,0,0,Free_Flow,10,1
6/2/2026 14:15,October Bridge,"30.0526,31.2372",30.0526,31.2372,33,78,78,0.88761,FALSE,14,15,1,0,0,Moderate,9,2
6/2/2026 14:30,26th July Corridor,"30.0381,31.0264",30.0381,31.0264,51,58,64,0.985937,FALSE,14,30,1,0,0,Free_Flow,0,1
6/2/2026 14:45,Abbas El Akkad,"30.0631,31.3341",30.0631,31.3341,31,64,42,0.99241,FALSE,14,45,1,0,0,Moderate,1,2
6/2/2026 15:00,Galaa Square,"30.0398,31.2188",30.0398,31.2188,31,71,71,0.883491,FALSE,15,0,1,0,0,Moderate,5,2
6/2/2026 15:15,Salah Salem,"30.0645,31.282",30.0645,31.282,38,56,35,0.902977,FALSE,15,15,1,0,0,Moderate,14,2
6/2/2026 15:30,Autostrad - Sheraton,"30.1065,31.3711",30.1065,31.3711,48,65,46,0.979705,FALSE,15,30,1,0,0,Moderate,2,2
6/2/2026 15:45,Tahrir Square,"30.0444,31.2357",30.0444,31.2357,60,63,46,0.927274,FALSE,15,45,1,0,0,Free_Flow,16,1
6/2/2026 16:00,Corniche El Nil,"30.0263,31.2268",30.0263,31.2268,35,66,83,0.91677,FALSE,16,0,1,0,1,Moderate,3,2
6/2/2026 16:15,Mosheer Tantawy Axis,"30.0242,31.3486",30.0242,31.3486,21,77,66,0.956927,FALSE,16,15,1,0,1,Moderate,7,2
6/2/2026 16:30,Rod El Farag Axis,"30.0881,31.2185",30.0881,31.2185,18,63,70,0.930374,FALSE,16,30,1,0,1,Congested,13,0
6/2/2026 16:45,Ring Road - Marg,"30.1554,31.3323",30.1554,31.3323,11,72,63,0.914449,FALSE,16,45,1,0,1,Congested,11,0
6/2/2026 17:00,Ring Road - Moneeb,"29.9881,31.2227",29.9881,31.2227,14,61,43,0.959698,FALSE,17,0,1,0,1,Congested,12,0
6/2/2026 17:15,Gamaat El Dowal St,"30.0543,31.2005",30.0543,31.2005,16,75,43,0.871835,FALSE,17,15,1,0,1,Congested,6,0
6/2/2026 17:30,Faisal Street,"30.0051,31.1574",30.0051,31.1574,21,72,68,0.904948,FALSE,17,30,1,0,1,Moderate,4,2
6/2/2026 17:45,North 90th Street,"30.0308,31.4721",30.0308,31.4721,10,77,85,0.939219,FALSE,17,45,1,0,1,Congested,8,0
6/2/2026 18:00,South 90th Street,"30.0195,31.4326",30.0195,31.4326,19,70,107,0.98081,FALSE,18,0,1,0,1,Congested,15,0
6/2/2026 18:15,Ring Road - Maadi,"29.9544,31.2858",29.9544,31.2858,30,64,84,0.959584,FALSE,18,15,1,0,1,Moderate,10,2
6/2/2026 18:30,October Bridge,"30.0526,31.2372",30.0526,31.2372,15,70,90,0.908176,FALSE,18,30,1,0,1,Congested,9,0
6/2/2026 18:45,26th July Corridor,"30.0381,31.0264",30.0381,31.0264,17,59,98,0.853927,FALSE,18,45,1,0,1,Congested,0,0
6/2/2026 19:00,Abbas El Akkad,"30.0631,31.3341",30.0631,31.3341,17,62,57,0.976484,FALSE,19,0,1,0,1,Congested,1,0
6/2/2026 19:15,Galaa Square,"30.0398,31.2188",30.0398,31.2188,10,60,51,0.960799,FALSE,19,15,1,0,1,Congested,5,0
6/2/2026 19:30,Salah Salem,"30.0645,31.282",30.0645,31.282,17,78,64,0.908585,FALSE,19,30,1,0,1,Congested,14,0
6/2/2026 19:45,Autostrad - Sheraton,"30.1065,31.3711",30.1065,31.3711,35,72,87,0.936069,FALSE,19,45,1,0,1,Moderate,2,2
6/2/2026 20:00,Tahrir Square,"30.0444,31.2357",30.0444,31.2357,31,60,97,0.968545,FALSE,20,0,1,0,0,Moderate,16,2
6/2/2026 20:15,Corniche El Nil,"30.0263,31.2268",30.0263,31.2268,15,62,95,0.859135,FALSE,20,15,1,0,0,Congested,3,0
6/2/2026 20:30,Mosheer Tantawy Axis,"30.0242,31.3486",30.0242,31.3486,19,78,43,0.852719,FALSE,20,30,1,0,0,Congested,7,0
6/2/2026 20:45,Rod El Farag Axis,"30.0881,31.2185",30.0881,31.2185,11,69,68,0.896151,FALSE,20,45,1,0,0,Congested,13,0
6/2/2026 21:00,Ring Road - Marg,"30.1554,31.3323",30.1554,31.3323,30,73,69,0.89166,FALSE,21,0,1,0,0,Moderate,11,2
6/2/2026 21:15,Ring Road - Moneeb,"29.9881,31.2227",29.9881,31.2227,49,60,24,0.940718,FALSE,21,15,1,0,0,Moderate,12,2
6/2/2026 21:30,Gamaat El Dowal St,"30.0543,31.2005",30.0543,31.2005,60,70,46,0.973504,FALSE,21,30,1,0,0,Free_Flow,6,1
6/2/2026 21:45,Faisal Street,"30.0051,31.1574",30.0051,31.1574,63,63,46,0.918254,FALSE,21,45,1,0,0,Free_Flow,4,1
6/2/2026 22:00,North 90th Street,"30.0308,31.4721",30.0308,31.4721,40,72,17,0.850455,FALSE,22,0,1,0,0,Moderate,8,2
6/2/2026 22:15,South 90th Street,"30.0195,31.4326",30.0195,31.4326,41,79,10,0.990178,FALSE,22,15,1,0,0,Moderate,15,2
6/2/2026 22:30,Ring Road - Maadi,"29.9544,31.2858",29.9544,31.2858,54,68,25,0.955979,FALSE,22,30,1,0,0,Free_Flow,10,1
6/2/2026 22:45,October Bridge,"30.0526,31.2372",30.0526,31.2372,61,73,78,0.926398,FALSE,22,45,1,0,0,Free_Flow,9,1
6/2/2026 23:00,26th July Corridor,"30.0381,31.0264",30.0381,31.0264,26,58,29,0.855681,FALSE,23,0,1,0,0,Moderate,0,2
6/2/2026 23:15,Abbas El Akkad,"30.0631,31.3341",30.0631,31.3341,59,75,21,0.865438,FALSE,23,15,1,0,0,Free_Flow,1,1
6/2/2026 23:30,Galaa Square,"30.0398,31.2188",30.0398,31.2188,63,74,40,0.853784,FALSE,23,30,1,0,0,Free_Flow,5,1
6/2/2026 23:45,Salah Salem,"30.0645,31.282",30.0645,31.282,35,71,55,0.945182,FALSE,23,45,1,0,0,Moderate,14,2
6/3/2026 0:00,Autostrad - Sheraton,"30.1065,31.3711",30.1065,31.3711,53,55,51,0.964718,FALSE,0,0,2,0,0,Free_Flow,2,1
6/3/2026 0:15,Tahrir Square,"30.0444,31.2357",30.0444,31.2357,64,64,68,0.98973,FALSE,0,15,2,0,0,Free_Flow,16,1
6/3/2026 0:30,Corniche El Nil,"30.0263,31.2268",30.0263,31.2268,51,73,55,0.85875,FALSE,0,30,2,0,0,Free_Flow,3,1
6/3/2026 0:45,Mosheer Tantawy Axis,"30.0242,31.3486",30.0242,31.3486,50,65,61,0.876135,FALSE,0,45,2,0,0,Free_Flow,7,1
6/3/2026 1:00,Rod El Farag Axis,"30.0881,31.2185",30.0881,31.2185,57,76,53,0.899846,FALSE,1,0,2,0,0,Free_Flow,13,1
6/3/2026 1:15,Ring Road - Marg,"30.1554,31.3323",30.1554,31.3323,52,60,45,0.871951,FALSE,1,15,2,0,0,Free_Flow,11,1
6/3/2026 1:30,Ring Road - Moneeb,"29.9881,31.2227",29.9881,31.2227,46,71,78,0.866309,FALSE,1,30,2,0,0,Moderate,12,2
6/3/2026 1:45,Gamaat El Dowal St,"30.0543,31.2005",30.0543,31.2005,46,75,27,0.982372,FALSE,1,45,2,0,0,Moderate,6,2
6/3/2026 2:00,Faisal Street,"30.0051,31.1574",30.0051,31.1574,30,62,60,0.93103,FALSE,2,0,2,0,0,Moderate,4,2
6/3/2026 2:15,North 90th Street,"30.0308,31.4721",30.0308,31.4721,34,68,39,0.968458,FALSE,2,15,2,0,0,Moderate,8,2
6/3/2026 2:30,South 90th Street,"30.0195,31.4326",30.0195,31.4326,36,80,74,0.864568,FALSE,2,30,2,0,0,Moderate,15,2
6/3/2026 2:45,Ring Road - Maadi,"29.9544,31.2858",29.9544,31.2858,32,80,38,0.971869,FALSE,2,45,2,0,0,Moderate,10,2
6/3/2026 3:00,October Bridge,"30.0526,31.2372",30.0526,31.2372,53,59,80,0.948516,FALSE,3,0,2,0,0,Free_Flow,9,1
6/3/2026 3:15,26th July Corridor,"30.0381,31.0264",30.0381,31.0264,37,60,61,0.990121,FALSE,3,15,2,0,0,Moderate,0,2
6/3/2026 3:30,Abbas El Akkad,"30.0631,31.3341",30.0631,31.3341,53,73,55,0.910942,FALSE,3,30,2,0,0,Free_Flow,1,1
6/3/2026 3:45,Galaa Square,"30.0398,31.2188",30.0398,31.2188,45,69,76,0.905633,FALSE,3,45,2,0,0,Moderate,5,2
6/3/2026 4:00,Salah Salem,"30.0645,31.282",30.0645,31.282,35,66,11,0.858781,FALSE,4,0,2,0,0,Moderate,14,2
6/3/2026 4:15,Autostrad - Sheraton,"30.1065,31.3711",30.1065,31.3711,52,61,75,0.974611,FALSE,4,15,2,0,0,Free_Flow,2,1
6/3/2026 4:30,Tahrir Square,"30.0444,31.2357",30.0444,31.2357,58,58,75,0.987734,FALSE,4,30,2,0,0,Free_Flow,16,1
6/3/2026 4:45,Corniche El Nil,"30.0263,31.2268",30.0263,31.2268,30,59,77,0.982571,FALSE,4,45,2,0,0,Moderate,3,2
6/3/2026 5:00,Mosheer Tantawy Axis,"30.0242,31.3486",30.0242,31.3486,34,70,58,0.898456,FALSE,5,0,2,0,0,Moderate,7,2
6/3/2026 5:15,Rod El Farag Axis,"30.0881,31.2185",30.0881,31.2185,39,67,18,0.91962,FALSE,5,15,2,0,0,Moderate,13,2
6/3/2026 5:30,Ring Road - Marg,"30.1554,31.3323",30.1554,31.3323,59,59,40,0.970532,FALSE,5,30,2,0,0,Free_Flow,11,1
6/3/2026 5:45,Ring Road - Moneeb,"29.9881,31.2227",29.9881,31.2227,25,70,26,0.937055,FALSE,5,45,2,0,0,Moderate,12,2
6/3/2026 6:00,Gamaat El Dowal St,"30.0543,31.2005",30.0543,31.2005,51,63,14,0.940002,FALSE,6,0,2,0,0,Free_Flow,6,1
6/3/2026 6:15,Faisal Street,"30.0051,31.1574",30.0051,31.1574,59,63,34,0.988543,FALSE,6,15,2,0,0,Free_Flow,4,1
6/3/2026 6:30,North 90th Street,"30.0308,31.4721",30.0308,31.4721,55,68,30,0.871526,FALSE,6,30,2,0,0,Free_Flow,8,1
6/3/2026 6:45,South 90th Street,"30.0195,31.4326",30.0195,31.4326,31,79,54,0.951732,FALSE,6,45,2,0,0,Moderate,15,2
6/3/2026 7:00,Ring Road - Maadi,"29.9544,31.2858",29.9544,31.2858,23,76,64,0.902006,FALSE,7,0,2,0,1,Moderate,10,2
6/3/2026 7:15,October Bridge,"30.0526,31.2372",30.0526,31.2372,30,70,95,0.858771,FALSE,7,15,2,0,1,Moderate,9,2
6/3/2026 7:30,26th July Corridor,"30.0381,31.0264",30.0381,31.0264,16,57,114,0.917853,FALSE,7,30,2,0,1,Congested,0,0
6/3/2026 7:45,Abbas El Akkad,"30.0631,31.3341",30.0631,31.3341,28,61,81,0.915567,FALSE,7,45,2,0,1,Moderate,1,2
6/3/2026 8:00,Galaa Square,"30.0398,31.2188",30.0398,31.2188,13,61,57,0.868357,FALSE,8,0,2,0,1,Congested,5,0
6/3/2026 8:15,Salah Salem,"30.0645,31.282",30.0645,31.282,30,72,53,0.947419,FALSE,8,15,2,0,1,Moderate,14,2
6/3/2026 8:30,Autostrad - Sheraton,"30.1065,31.3711",30.1065,31.3711,28,57,87,0.89044,FALSE,8,30,2,0,1,Moderate,2,2
6/3/2026 8:45,Tahrir Square,"30.0444,31.2357",30.0444,31.2357,24,62,68,0.950401,FALSE,8,45,2,0,1,Moderate,16,2
6/3/2026 9:00,Corniche El Nil,"30.0263,31.2268",30.0263,31.2268,32,66,106,0.882964,FALSE,9,0,2,0,1,Moderate,3,2
6/3/2026 9:15,Mosheer Tantawy Axis,"30.0242,31.3486",30.0242,31.3486,24,71,88,0.8738,FALSE,9,15,2,0,1,Moderate,7,2
6/3/2026 9:30,Rod El Farag Axis,"30.0881,31.2185",30.0881,31.2185,19,74,41,0.935538,FALSE,9,30,2,0,1,Congested,13,0
6/3/2026 9:45,Ring Road - Marg,"30.1554,31.3323",30.1554,31.3323,31,70,107,0.979496,FALSE,9,45,2,0,1,Moderate,11,2
6/3/2026 10:00,Ring Road - Moneeb,"29.9881,31.2227",29.9881,31.2227,13,78,61,0.945263,FALSE,10,0,2,0,0,Congested,12,0
6/3/2026 10:15,Gamaat El Dowal St,"30.0543,31.2005",30.0543,31.2005,29,68,80,0.915816,FALSE,10,15,2,0,0,Moderate,6,2
6/3/2026 10:30,Faisal Street,"30.0051,31.1574",30.0051,31.1574,25,73,83,0.947477,FALSE,10,30,2,0,0,Moderate,4,2
6/3/2026 10:45,North 90th Street,"30.0308,31.4721",30.0308,31.4721,23,59,80,0.919994,FALSE,10,45,2,0,0,Moderate,8,2
6/3/2026 11:00,South 90th Street,"30.0195,31.4326",30.0195,31.4326,36,68,24,0.931597,FALSE,11,0,2,0,0,Moderate,15,2
6/3/2026 11:15,Ring Road - Maadi,"29.9544,31.2858",29.9544,31.2858,54,80,47,0.852953,FALSE,11,15,2,0,0,Free_Flow,10,1
6/3/2026 11:30,October Bridge,"30.0526,31.2372",30.0526,31.2372,51,67,51,0.940235,FALSE,11,30,2,0,0,Free_Flow,9,1
6/3/2026 11:45,26th July Corridor,"30.0381,31.0264",30.0381,31.0264,35,72,16,0.870739,FALSE,11,45,2,0,0,Moderate,0,2
6/3/2026 12:00,Abbas El Akkad,"30.0631,31.3341",30.0631,31.3341,62,67,73,0.974155,FALSE,12,0,2,0,0,Free_Flow,1,1
6/3/2026 12:15,Galaa Square,"30.0398,31.2188",30.0398,31.2188,56,56,16,0.977468,FALSE,12,15,2,0,0,Free_Flow,5,1
6/3/2026 12:30,Salah Salem,"30.0645,31.282",30.0645,31.282,56,66,27,0.883741,FALSE,12,30,2,0,0,Free_Flow,14,1
6/3/2026 12:45,Autostrad - Sheraton,"30.1065,31.3711",30.1065,31.3711,57,60,72,0.87648,FALSE,12,45,2,0,0,Free_Flow,2,1
6/3/2026 13:00,Tahrir Square,"30.0444,31.2357",30.0444,31.2357,57,57,62,0.906373,FALSE,13,0,2,0,0,Free_Flow,16,1
6/3/2026 13:15,Corniche El Nil,"30.0263,31.2268",30.0263,31.2268,65,65,36,0.947365,FALSE,13,15,2,0,0,Free_Flow,3,1
6/3/2026 13:30,Mosheer Tantawy Axis,"30.0242,31.3486",30.0242,31.3486,53,76,67,0.967619,FALSE,13,30,2,0,0,Free_Flow,7,1
6/3/2026 13:45,Rod El Farag Axis,"30.0881,31.2185",30.0881,31.2185,49,66,74,0.940114,FALSE,13,45,2,0,0,Moderate,13,2
6/3/2026 14:00,Ring Road - Marg,"30.1554,31.3323",30.1554,31.3323,54,67,73,0.917239,FALSE,14,0,2,0,0,Free_Flow,11,1
6/3/2026 14:15,Ring Road - Moneeb,"29.9881,31.2227",29.9881,31.2227,55,61,24,0.981237,FALSE,14,15,2,0,0,Free_Flow,12,1
6/3/2026 14:30,Gamaat El Dowal St,"30.0543,31.2005",30.0543,31.2005,38,64,79,0.869546,FALSE,14,30,2,0,0,Moderate,6,2
6/3/2026 14:45,Faisal Street,"30.0051,31.1574",30.0051,31.1574,26,71,47,0.864684,FALSE,14,45,2,0,0,Moderate,4,2
6/3/2026 15:00,North 90th Street,"30.0308,31.4721",30.0308,31.4721,28,72,78,0.981289,FALSE,15,0,2,0,0,Moderate,8,2
6/3/2026 15:15,South 90th Street,"30.0195,31.4326",30.0195,31.4326,64,64,72,0.863752,FALSE,15,15,2,0,0,Free_Flow,15,1
6/3/2026 15:30,Ring Road - Maadi,"29.9544,31.2858",29.9544,31.2858,25,69,22,0.899217,FALSE,15,30,2,0,0,Moderate,10,2
6/3/2026 15:45,October Bridge,"30.0526,31.2372",30.0526,31.2372,25,66,52,0.926558,FALSE,15,45,2,0,0,Moderate,9,2
6/3/2026 16:00,26th July Corridor,"30.0381,31.0264",30.0381,31.0264,17,71,82,0.950263,FALSE,16,0,2,0,1,Congested,0,0
6/3/2026 16:15,Abbas El Akkad,"30.0631,31.3341",30.0631,31.3341,34,55,102,0.88333,FALSE,16,15,2,0,1,Moderate,1,2
6/3/2026 16:30,Galaa Square,"30.0398,31.2188",30.0398,31.2188,16,68,77,0.859134,FALSE,16,30,2,0,1,Congested,5,0
6/3/2026 16:45,Salah Salem,"30.0645,31.282",30.0645,31.282,28,69,64,0.903067,FALSE,16,45,2,0,1,Moderate,14,2
6/3/2026 17:00,Autostrad - Sheraton,"30.1065,31.3711",30.1065,31.3711,33,78,77,0.931192,FALSE,17,0,2,0,1,Moderate,2,2
6/3/2026 17:15,Tahrir Square,"30.0444,31.2357",30.0444,31.2357,35,72,58,0.940104,FALSE,17,15,2,0,1,Moderate,16,2
6/3/2026 17:30,Corniche El Nil,"30.0263,31.2268",30.0263,31.2268,30,56,110,0.934118,FALSE,17,30,2,0,1,Moderate,3,2
6/3/2026 17:45,Mosheer Tantawy Axis,"30.0242,31.3486",30.0242,31.3486,34,78,66,0.864439,FALSE,17,45,2,0,1,Moderate,7,2
6/3/2026 18:00,Rod El Farag Axis,"30.0881,31.2185",30.0881,31.2185,22,56,117,0.97458,FALSE,18,0,2,0,1,Moderate,13,2
6/3/2026 18:15,Ring Road - Marg,"30.1554,31.3323",30.1554,31.3323,26,72,97,0.867441,FALSE,18,15,2,0,1,Moderate,11,2
6/3/2026 18:30,Ring Road - Moneeb,"29.9881,31.2227",29.9881,31.2227,15,74,78,0.982286,FALSE,18,30,2,0,1,Congested,12,0
6/3/2026 18:45,Gamaat El Dowal St,"30.0543,31.2005",30.0543,31.2005,26,76,101,0.894752,FALSE,18,45,2,0,1,Moderate,6,2
6/3/2026 19:00,Faisal Street,"30.0051,31.1574",30.0051,31.1574,24,61,49,0.922993,FALSE,19,0,2,0,1,Moderate,4,2
6/3/2026 19:15,North 90th Street,"30.0308,31.4721",30.0308,31.4721,17,76,87,0.999464,FALSE,19,15,2,0,1,Congested,8,0
6/3/2026 19:30,South 90th Street,"30.0195,31.4326",30.0195,31.4326,24,67,106,0.994715,FALSE,19,30,2,0,1,Moderate,15,2
6/3/2026 19:45,Ring Road - Maadi,"29.9544,31.2858",29.9544,31.2858,10,74,100,0.85396,FALSE,19,45,2,0,1,Congested,10,0
6/3/2026 20:00,October Bridge,"30.0526,31.2372",30.0526,31.2372,21,55,80,0.94678,FALSE,20,0,2,0,0,Moderate,9,2
6/3/2026 20:15,26th July Corridor,"30.0381,31.0264",30.0381,31.0264,10,71,45,0.993657,FALSE,20,15,2,0,0,Congested,0,0
6/3/2026 20:30,Abbas El Akkad,"30.0631,31.3341",30.0631,31.3341,34,62,118,0.950173,FALSE,20,30,2,0,0,Moderate,1,2
6/3/2026 20:45,Galaa Square,"30.0398,31.2188",30.0398,31.2188,30,63,115,0.880025,FALSE,20,45,2,0,0,Moderate,5,2
6/3/2026 21:00,Salah Salem,"30.0645,31.282",30.0645,31.282,25,80,79,0.872206,FALSE,21,0,2,0,0,Moderate,14,2
6/3/2026 21:15,Autostrad - Sheraton,"30.1065,31.3711",30.1065,31.3711,59,72,51,0.965124,FALSE,21,15,2,0,0,Free_Flow,2,1
6/3/2026 21:30,Tahrir Square,"30.0444,31.2357",30.0444,31.2357,56,70,24,0.973994,FALSE,21,30,2,0,0,Free_Flow,16,1
6/3/2026 21:45,Corniche El Nil,"30.0263,31.2268",30.0263,31.2268,44,58,28,0.938695,FALSE,21,45,2,0,0,Moderate,3,2
6/3/2026 22:00,Mosheer Tantawy Axis,"30.0242,31.3486",30.0242,31.3486,58,75,38,0.872986,FALSE,22,0,2,0,0,Free_Flow,7,1
6/3/2026 22:15,Rod El Farag Axis,"30.0881,31.2185",30.0881,31.2185,32,76,25,0.928078,FALSE,22,15,2,0,0,Moderate,13,2
6/3/2026 22:30,Ring Road - Marg,"30.1554,31.3323",30.1554,31.3323,37,59,50,0.991976,FALSE,22,30,2,0,0,Moderate,11,2
6/3/2026 22:45,Ring Road - Moneeb,"29.9881,31.2227",29.9881,31.2227,61,75,70,0.891364,FALSE,22,45,2,0,0,Free_Flow,12,1
6/3/2026 23:00,Gamaat El Dowal St,"30.0543,31.2005",30.0543,31.2005,40,74,67,0.989358,FALSE,23,0,2,0,0,Moderate,6,2
6/3/2026 23:15,Faisal Street,"30.0051,31.1574",30.0051,31.1574,63,63,35,0.850841,FALSE,23,15,2,0,0,Free_Flow,4,1
6/3/2026 23:30,North 90th Street,"30.0308,31.4721",30.0308,31.4721,63,65,78,0.941733,FALSE,23,30,2,0,0,Free_Flow,8,1
6/3/2026 23:45,South 90th Street,"30.0195,31.4326",30.0195,31.4326,40,59,68,0.882341,FALSE,23,45,2,0,0,Moderate,15,2
6/4/2026 0:00,Ring Road - Maadi,"29.9544,31.2858",29.9544,31.2858,58,68,48,0.902926,FALSE,0,0,3,0,0,Free_Flow,10,1
6/4/2026 0:15,October Bridge,"30.0526,31.2372",30.0526,31.2372,59,70,15,0.985769,FALSE,0,15,3,0,0,Free_Flow,9,1
6/4/2026 0:30,26th July Corridor,"30.0381,31.0264",30.0381,31.0264,46,78,14,0.98881,FALSE,0,30,3,0,0,Moderate,0,2
6/4/2026 0:45,Abbas El Akkad,"30.0631,31.3341",30.0631,31.3341,29,66,65,0.881701,FALSE,0,45,3,0,0,Moderate,1,2
6/4/2026 1:00,Galaa Square,"30.0398,31.2188",30.0398,31.2188,54,65,74,0.937474,FALSE,1,0,3,0,0,Free_Flow,5,1
6/4/2026 1:15,Salah Salem,"30.0645,31.282",30.0645,31.282,26,75,15,0.872367,FALSE,1,15,3,0,0,Moderate,14,2
6/4/2026 1:30,Autostrad - Sheraton,"30.1065,31.3711",30.1065,31.3711,64,64,17,0.907557,FALSE,1,30,3,0,0,Free_Flow,2,1
6/4/2026 1:45,Tahrir Square,"30.0444,31.2357",30.0444,31.2357,58,62,66,0.98257,FALSE,1,45,3,0,0,Free_Flow,16,1
6/4/2026 2:00,Corniche El Nil,"30.0263,31.2268",30.0263,31.2268,49,56,17,0.920603,FALSE,2,0,3,0,0,Moderate,3,2
6/4/2026 2:15,Mosheer Tantawy Axis,"30.0242,31.3486",30.0242,31.3486,42,56,29,0.911135,FALSE,2,15,3,0,0,Moderate,7,2
6/4/2026 2:30,Rod El Farag Axis,"30.0881,31.2185",30.0881,31.2185,51,68,69,0.916459,FALSE,2,30,3,0,0,Free_Flow,13,1
6/4/2026 2:45,Ring Road - Marg,"30.1554,31.3323",30.1554,31.3323,52,80,25,0.924351,FALSE,2,45,3,0,0,Free_Flow,11,1
6/4/2026 3:00,Ring Road - Moneeb,"29.9881,31.2227",29.9881,31.2227,34,68,11,0.926552,FALSE,3,0,3,0,0,Moderate,12,2
6/4/2026 3:15,Gamaat El Dowal St,"30.0543,31.2005",30.0543,31.2005,38,80,16,0.919139,FALSE,3,15,3,0,0,Moderate,6,2
6/4/2026 3:30,Faisal Street,"30.0051,31.1574",30.0051,31.1574,37,77,10,0.915979,FALSE,3,30,3,0,0,Moderate,4,2
6/4/2026 3:45,North 90th Street,"30.0308,31.4721",30.0308,31.4721,58,77,48,0.935014,FALSE,3,45,3,0,0,Free_Flow,8,1
6/4/2026 4:00,South 90th Street,"30.0195,31.4326",30.0195,31.4326,62,75,27,0.945873,FALSE,4,0,3,0,0,Free_Flow,15,1
6/4/2026 4:15,Ring Road - Maadi,"29.9544,31.2858",29.9544,31.2858,59,72,20,0.936276,FALSE,4,15,3,0,0,Free_Flow,10,1
6/4/2026 4:30,October Bridge,"30.0526,31.2372",30.0526,31.2372,43,71,73,0.941827,FALSE,4,30,3,0,0,Moderate,9,2
6/4/2026 4:45,26th July Corridor,"30.0381,31.0264",30.0381,31.0264,64,79,33,0.945823,FALSE,4,45,3,0,0,Free_Flow,0,1
6/4/2026 5:00,Abbas El Akkad,"30.0631,31.3341",30.0631,31.3341,25,69,64,0.903463,FALSE,5,0,3,0,0,Moderate,1,2
6/4/2026 5:15,Galaa Square,"30.0398,31.2188",30.0398,31.2188,37,68,23,0.856916,FALSE,5,15,3,0,0,Moderate,5,2
6/4/2026 5:30,Salah Salem,"30.0645,31.282",30.0645,31.282,34,70,50,0.86821,FALSE,5,30,3,0,0,Moderate,14,2
6/4/2026 5:45,Autostrad - Sheraton,"30.1065,31.3711",30.1065,31.3711,53,74,73,0.882453,FALSE,5,45,3,0,0,Free_Flow,2,1
6/4/2026 6:00,Tahrir Square,"30.0444,31.2357",30.0444,31.2357,46,78,61,0.896444,FALSE,6,0,3,0,0,Moderate,16,2
6/4/2026 6:15,Corniche El Nil,"30.0263,31.2268",30.0263,31.2268,33,68,21,0.854828,FALSE,6,15,3,0,0,Moderate,3,2
6/4/2026 6:30,Mosheer Tantawy Axis,"30.0242,31.3486",30.0242,31.3486,28,62,11,0.880066,FALSE,6,30,3,0,0,Moderate,7,2
6/4/2026 6:45,Rod El Farag Axis,"30.0881,31.2185",30.0881,31.2185,48,56,31,0.858014,FALSE,6,45,3,0,0,Moderate,13,2
6/4/2026 7:00,Ring Road - Marg,"30.1554,31.3323",30.1554,31.3323,11,73,101,0.984118,FALSE,7,0,3,0,1,Congested,11,0
6/4/2026 7:15,Ring Road - Moneeb,"29.9881,31.2227",29.9881,31.2227,25,60,89,0.992366,FALSE,7,15,3,0,1,Moderate,12,2
6/4/2026 7:30,Gamaat El Dowal St,"30.0543,31.2005",30.0543,31.2005,27,72,103,0.982913,FALSE,7,30,3,0,1,Moderate,6,2
6/4/2026 7:45,Faisal Street,"30.0051,31.1574",30.0051,31.1574,22,60,120,0.889773,FALSE,7,45,3,0,1,Moderate,4,2
6/4/2026 8:00,North 90th Street,"30.0308,31.4721",30.0308,31.4721,29,59,100,0.990695,FALSE,8,0,3,0,1,Moderate,8,2
6/4/2026 8:15,South 90th Street,"30.0195,31.4326",30.0195,31.4326,13,73,47,0.954227,FALSE,8,15,3,0,1,Congested,15,0
6/4/2026 8:30,Ring Road - Maadi,"29.9544,31.2858",29.9544,31.2858,12,63,108,0.884325,FALSE,8,30,3,0,1,Congested,10,0
6/4/2026 8:45,October Bridge,"30.0526,31.2372",30.0526,31.2372,18,71,73,0.921843,FALSE,8,45,3,0,1,Congested,9,0
6/4/2026 9:00,26th July Corridor,"30.0381,31.0264",30.0381,31.0264,18,60,68,0.954706,FALSE,9,0,3,0,1,Congested,0,0
6/4/2026 9:15,Abbas El Akkad,"30.0631,31.3341",30.0631,31.3341,26,71,98,0.906584,FALSE,9,15,3,0,1,Moderate,1,2
6/4/2026 9:30,Galaa Square,"30.0398,31.2188",30.0398,31.2188,31,80,108,0.874418,FALSE,9,30,3,0,1,Moderate,5,2
6/4/2026 9:45,Salah Salem,"30.0645,31.282",30.0645,31.282,34,55,42,0.9477,FALSE,9,45,3,0,1,Moderate,14,2
6/4/2026 10:00,Autostrad - Sheraton,"30.1065,31.3711",30.1065,31.3711,21,55,75,0.890865,FALSE,10,0,3,0,0,Moderate,2,2
6/4/2026 10:15,Tahrir Square,"30.0444,31.2357",30.0444,31.2357,21,78,41,0.996527,FALSE,10,15,3,0,0,Moderate,16,2
6/4/2026 10:30,Corniche El Nil,"30.0263,31.2268",30.0263,31.2268,21,65,108,0.989262,FALSE,10,30,3,0,0,Moderate,3,2
6/4/2026 10:45,Mosheer Tantawy Axis,"30.0242,31.3486",30.0242,31.3486,28,80,116,0.90901,FALSE,10,45,3,0,0,Moderate,7,2
6/4/2026 11:00,Rod El Farag Axis,"30.0881,31.2185",30.0881,31.2185,56,56,68,0.890318,FALSE,11,0,3,0,0,Free_Flow,13,1
6/4/2026 11:15,Ring Road - Marg,"30.1554,31.3323",30.1554,31.3323,49,79,55,0.971981,FALSE,11,15,3,0,0,Moderate,11,2
6/4/2026 11:30,Ring Road - Moneeb,"29.9881,31.2227",29.9881,31.2227,57,71,53,0.92164,FALSE,11,30,3,0,0,Free_Flow,12,1
6/4/2026 11:45,Gamaat El Dowal St,"30.0543,31.2005",30.0543,31.2005,26,63,26,0.863264,FALSE,11,45,3,0,0,Moderate,6,2
6/4/2026 12:00,Faisal Street,"30.0051,31.1574",30.0051,31.1574,28,64,68,0.944151,FALSE,12,0,3,0,0,Moderate,4,2
6/4/2026 12:15,North 90th Street,"30.0308,31.4721",30.0308,31.4721,58,62,18,0.989904,FALSE,12,15,3,0,0,Free_Flow,8,1
6/4/2026 12:30,South 90th Street,"30.0195,31.4326",30.0195,31.4326,52,64,37,0.971818,FALSE,12,30,3,0,0,Free_Flow,15,1
6/4/2026 12:45,Ring Road - Maadi,"29.9544,31.2858",29.9544,31.2858,38,71,80,0.962844,FALSE,12,45,3,0,0,Moderate,10,2
6/4/2026 13:00,October Bridge,"30.0526,31.2372",30.0526,31.2372,60,67,10,0.911971,FALSE,13,0,3,0,0,Free_Flow,9,1
6/4/2026 13:15,26th July Corridor,"30.0381,31.0264",30.0381,31.0264,46,57,34,0.914189,FALSE,13,15,3,0,0,Moderate,0,2
6/4/2026 13:30,Abbas El Akkad,"30.0631,31.3341",30.0631,31.3341,45,64,19,0.942731,FALSE,13,30,3,0,0,Moderate,1,2
6/4/2026 13:45,Galaa Square,"30.0398,31.2188",30.0398,31.2188,50,70,71,0.993794,FALSE,13,45,3,0,0,Free_Flow,5,1
6/4/2026 14:00,Salah Salem,"30.0645,31.282",30.0645,31.282,50,64,77,0.898716,FALSE,14,0,3,0,0,Free_Flow,14,1
6/4/2026 14:15,Autostrad - Sheraton,"30.1065,31.3711",30.1065,31.3711,61,68,39,0.913595,FALSE,14,15,3,0,0,Free_Flow,2,1
6/4/2026 14:30,Tahrir Square,"30.0444,31.2357",30.0444,31.2357,37,75,38,0.910728,FALSE,14,30,3,0,0,Moderate,16,2
6/4/2026 14:45,Corniche El Nil,"30.0263,31.2268",30.0263,31.2268,28,59,15,0.923606,FALSE,14,45,3,0,0,Moderate,3,2
6/4/2026 15:00,Mosheer Tantawy Axis,"30.0242,31.3486",30.0242,31.3486,57,60,77,0.880292,FALSE,15,0,3,0,0,Free_Flow,7,1
6/4/2026 15:15,Rod El Farag Axis,"30.0881,31.2185",30.0881,31.2185,61,71,23,0.862567,FALSE,15,15,3,0,0,Free_Flow,13,1
6/4/2026 15:30,Ring Road - Marg,"30.1554,31.3323",30.1554,31.3323,54,58,67,0.910075,FALSE,15,30,3,0,0,Free_Flow,11,1
6/4/2026 15:45,Ring Road - Moneeb,"29.9881,31.2227",29.9881,31.2227,32,72,39,0.865214,FALSE,15,45,3,0,0,Moderate,12,2
6/4/2026 16:00,Gamaat El Dowal St,"30.0543,31.2005",30.0543,31.2005,23,74,61,0.880598,FALSE,16,0,3,0,1,Moderate,6,2
6/4/2026 16:15,Faisal Street,"30.0051,31.1574",30.0051,31.1574,16,64,113,0.879203,FALSE,16,15,3,0,1,Congested,4,0
6/4/2026 16:30,North 90th Street,"30.0308,31.4721",30.0308,31.4721,13,68,90,0.978628,FALSE,16,30,3,0,1,Congested,8,0
6/4/2026 16:45,South 90th Street,"30.0195,31.4326",30.0195,31.4326,33,66,88,0.894736,FALSE,16,45,3,0,1,Moderate,15,2
6/4/2026 17:00,Ring Road - Maadi,"29.9544,31.2858",29.9544,31.2858,18,64,48,0.907299,FALSE,17,0,3,0,1,Congested,10,0
6/4/2026 17:15,October Bridge,"30.0526,31.2372",30.0526,31.2372,23,60,106,0.946337,FALSE,17,15,3,0,1,Moderate,9,2
6/4/2026 17:30,26th July Corridor,"30.0381,31.0264",30.0381,31.0264,24,69,113,0.856219,FALSE,17,30,3,0,1,Moderate,0,2
6/4/2026 17:45,Abbas El Akkad,"30.0631,31.3341",30.0631,31.3341,26,64,117,0.898673,FALSE,17,45,3,0,1,Moderate,1,2
6/4/2026 18:00,Galaa Square,"30.0398,31.2188",30.0398,31.2188,33,75,55,0.975305,FALSE,18,0,3,0,1,Moderate,5,2
6/4/2026 18:15,Salah Salem,"30.0645,31.282",30.0645,31.282,22,57,62,0.899378,FALSE,18,15,3,0,1,Moderate,14,2
6/4/2026 18:30,Autostrad - Sheraton,"30.1065,31.3711",30.1065,31.3711,20,57,92,0.912007,FALSE,18,30,3,0,1,Moderate,2,2
6/4/2026 18:45,Tahrir Square,"30.0444,31.2357",30.0444,31.2357,28,59,96,0.97358,FALSE,18,45,3,0,1,Moderate,16,2
6/4/2026 19:00,Corniche El Nil,"30.0263,31.2268",30.0263,31.2268,18,71,70,0.902242,FALSE,19,0,3,0,1,Congested,3,0
6/4/2026 19:15,Mosheer Tantawy Axis,"30.0242,31.3486",30.0242,31.3486,28,70,104,0.90327,FALSE,19,15,3,0,1,Moderate,7,2
6/4/2026 19:30,Rod El Farag Axis,"30.0881,31.2185",30.0881,31.2185,12,64,85,0.865883,FALSE,19,30,3,0,1,Congested,13,0
6/4/2026 19:45,Ring Road - Marg,"30.1554,31.3323",30.1554,31.3323,20,66,100,0.98777,FALSE,19,45,3,0,1,Moderate,11,2
6/4/2026 20:00,Ring Road - Moneeb,"29.9881,31.2227",29.9881,31.2227,30,55,86,0.979521,FALSE,20,0,3,0,0,Moderate,12,2
6/4/2026 20:15,Gamaat El Dowal St,"30.0543,31.2005",30.0543,31.2005,22,65,88,0.925336,FALSE,20,15,3,0,0,Moderate,6,2
6/4/2026 20:30,Faisal Street,"30.0051,31.1574",30.0051,31.1574,19,59,119,0.880515,FALSE,20,30,3,0,0,Congested,4,0
6/4/2026 20:45,North 90th Street,"30.0308,31.4721",30.0308,31.4721,19,80,44,0.937011,FALSE,20,45,3,0,0,Congested,8,0
6/4/2026 21:00,South 90th Street,"30.0195,31.4326",30.0195,31.4326,27,57,77,0.901535,FALSE,21,0,3,0,0,Moderate,15,2
6/4/2026 21:15,Ring Road - Maadi,"29.9544,31.2858",29.9544,31.2858,36,75,20,0.90208,FALSE,21,15,3,0,0,Moderate,10,2
6/4/2026 21:30,October Bridge,"30.0526,31.2372",30.0526,31.2372,37,80,80,0.968393,FALSE,21,30,3,0,0,Moderate,9,2
6/4/2026 21:45,26th July Corridor,"30.0381,31.0264",30.0381,31.0264,61,64,63,0.928604,FALSE,21,45,3,0,0,Free_Flow,0,1
6/4/2026 22:00,Abbas El Akkad,"30.0631,31.3341",30.0631,31.3341,41,59,63,0.851338,FALSE,22,0,3,0,0,Moderate,1,2
6/4/2026 22:15,Galaa Square,"30.0398,31.2188",30.0398,31.2188,35,65,17,0.850276,FALSE,22,15,3,0,0,Moderate,5,2
6/4/2026 22:30,Salah Salem,"30.0645,31.282",30.0645,31.282,58,68,59,0.989876,FALSE,22,30,3,0,0,Free_Flow,14,1
6/4/2026 22:45,Autostrad - Sheraton,"30.1065,31.3711",30.1065,31.3711,53,58,75,0.91246,FALSE,22,45,3,0,0,Free_Flow,2,1
6/4/2026 23:00,Tahrir Square,"30.0444,31.2357",30.0444,31.2357,50,78,28,0.999033,FALSE,23,0,3,0,0,Free_Flow,16,1
6/4/2026 23:15,Corniche El Nil,"30.0263,31.2268",30.0263,31.2268,45,65,60,0.87693,FALSE,23,15,3,0,0,Moderate,3,2
6/4/2026 23:30,Mosheer Tantawy Axis,"30.0242,31.3486",30.0242,31.3486,42,58,22,0.999556,FALSE,23,30,3,0,0,Moderate,7,2
6/4/2026 23:45,Rod El Farag Axis,"30.0881,31.2185",30.0881,31.2185,48,69,11,0.884152,FALSE,23,45,3,0,0,Moderate,13,2
6/5/2026 0:00,Ring Road - Marg,"30.1554,31.3323",30.1554,31.3323,68,68,36,0.861165,FALSE,0,0,4,0,0,Free_Flow,11,1
6/5/2026 0:15,Ring Road - Moneeb,"29.9881,31.2227",29.9881,31.2227,54,69,20,0.883108,FALSE,0,15,4,0,0,Free_Flow,12,1
6/5/2026 0:30,Gamaat El Dowal St,"30.0543,31.2005",30.0543,31.2005,52,77,13,0.978101,FALSE,0,30,4,0,0,Free_Flow,6,1
6/5/2026 0:45,Faisal Street,"30.0051,31.1574",30.0051,31.1574,41,56,25,0.97283,FALSE,0,45,4,0,0,Moderate,4,2
6/5/2026 1:00,North 90th Street,"30.0308,31.4721",30.0308,31.4721,48,59,41,0.916552,FALSE,1,0,4,0,0,Moderate,8,2
6/5/2026 1:15,South 90th Street,"30.0195,31.4326",30.0195,31.4326,68,76,15,0.877313,FALSE,1,15,4,0,0,Free_Flow,15,1
6/5/2026 1:30,Ring Road - Maadi,"29.9544,31.2858",29.9544,31.2858,35,72,45,0.868338,FALSE,1,30,4,0,0,Moderate,10,2
6/5/2026 1:45,October Bridge,"30.0526,31.2372",30.0526,31.2372,66,69,42,0.993924,FALSE,1,45,4,0,0,Free_Flow,9,1
6/5/2026 2:00,26th July Corridor,"30.0381,31.0264",30.0381,31.0264,63,77,23,0.96336,FALSE,2,0,4,0,0,Free_Flow,0,1
6/5/2026 2:15,Abbas El Akkad,"30.0631,31.3341",30.0631,31.3341,75,80,42,0.954732,FALSE,2,15,4,0,0,Free_Flow,1,1
6/5/2026 2:30,Galaa Square,"30.0398,31.2188",30.0398,31.2188,70,70,9,0.999318,FALSE,2,30,4,0,0,Free_Flow,5,1
6/5/2026 2:45,Salah Salem,"30.0645,31.282",30.0645,31.282,58,70,50,0.972778,FALSE,2,45,4,0,0,Free_Flow,14,1
6/5/2026 3:00,Autostrad - Sheraton,"30.1065,31.3711",30.1065,31.3711,61,61,15,0.911345,FALSE,3,0,4,0,0,Free_Flow,2,1
6/5/2026 3:15,Tahrir Square,"30.0444,31.2357",30.0444,31.2357,52,69,28,0.855166,FALSE,3,15,4,0,0,Free_Flow,16,1
6/5/2026 3:30,Corniche El Nil,"30.0263,31.2268",30.0263,31.2268,47,63,24,0.975522,FALSE,3,30,4,0,0,Moderate,3,2
6/5/2026 3:45,Mosheer Tantawy Axis,"30.0242,31.3486",30.0242,31.3486,63,77,35,0.928368,FALSE,3,45,4,0,0,Free_Flow,7,1
6/5/2026 4:00,Rod El Farag Axis,"30.0881,31.2185",30.0881,31.2185,47,80,16,0.930456,FALSE,4,0,4,0,0,Moderate,13,2
6/5/2026 4:15,Ring Road - Marg,"30.1554,31.3323",30.1554,31.3323,65,65,38,0.957739,FALSE,4,15,4,0,0,Free_Flow,11,1
6/5/2026 4:30,Ring Road - Moneeb,"29.9881,31.2227",29.9881,31.2227,42,66,43,0.860246,FALSE,4,30,4,0,0,Moderate,12,2
6/5/2026 4:45,Gamaat El Dowal St,"30.0543,31.2005",30.0543,31.2005,69,69,48,0.930559,FALSE,4,45,4,0,0,Free_Flow,6,1
6/5/2026 5:00,Faisal Street,"30.0051,31.1574",30.0051,31.1574,56,56,26,0.98318,FALSE,5,0,4,0,0,Free_Flow,4,1
6/5/2026 5:15,North 90th Street,"30.0308,31.4721",30.0308,31.4721,67,67,36,0.932719,FALSE,5,15,4,0,0,Free_Flow,8,1
6/5/2026 5:30,South 90th Street,"30.0195,31.4326",30.0195,31.4326,65,74,33,0.914358,FALSE,5,30,4,0,0,Free_Flow,15,1
6/5/2026 5:45,Ring Road - Maadi,"29.9544,31.2858",29.9544,31.2858,48,55,17,0.887258,FALSE,5,45,4,0,0,Moderate,10,2
6/5/2026 6:00,October Bridge,"30.0526,31.2372",30.0526,31.2372,53,78,5,0.937216,FALSE,6,0,4,0,0,Free_Flow,9,1
6/5/2026 6:15,26th July Corridor,"30.0381,31.0264",30.0381,31.0264,39,72,13,0.872047,FALSE,6,15,4,0,0,Moderate,0,2
6/5/2026 6:30,Abbas El Akkad,"30.0631,31.3341",30.0631,31.3341,59,59,44,0.965804,FALSE,6,30,4,0,0,Free_Flow,1,1
6/5/2026 6:45,Galaa Square,"30.0398,31.2188",30.0398,31.2188,44,61,34,0.875488,FALSE,6,45,4,0,0,Moderate,5,2
6/5/2026 7:00,Salah Salem,"30.0645,31.282",30.0645,31.282,47,75,37,0.969007,FALSE,7,0,4,0,1,Moderate,14,2
6/5/2026 7:15,Autostrad - Sheraton,"30.1065,31.3711",30.1065,31.3711,38,64,22,0.907248,FALSE,7,15,4,0,1,Moderate,2,2
6/5/2026 7:30,Tahrir Square,"30.0444,31.2357",30.0444,31.2357,71,72,19,0.912819,FALSE,7,30,4,0,1,Free_Flow,16,1
6/5/2026 7:45,Corniche El Nil,"30.0263,31.2268",30.0263,31.2268,35,77,44,0.97797,FALSE,7,45,4,0,1,Moderate,3,2
6/5/2026 8:00,Mosheer Tantawy Axis,"30.0242,31.3486",30.0242,31.3486,71,80,20,0.999719,FALSE,8,0,4,0,1,Free_Flow,7,1
6/5/2026 8:15,Rod El Farag Axis,"30.0881,31.2185",30.0881,31.2185,50,80,39,0.956058,FALSE,8,15,4,0,1,Free_Flow,13,1
6/5/2026 8:30,Ring Road - Marg,"30.1554,31.3323",30.1554,31.3323,38,62,9,0.967161,FALSE,8,30,4,0,1,Moderate,11,2
6/5/2026 8:45,Ring Road - Moneeb,"29.9881,31.2227",29.9881,31.2227,37,72,35,0.891601,FALSE,8,45,4,0,1,Moderate,12,2
6/5/2026 9:00,Gamaat El Dowal St,"30.0543,31.2005",30.0543,31.2005,38,65,19,0.922761,FALSE,9,0,4,0,1,Moderate,6,2
6/5/2026 9:15,Faisal Street,"30.0051,31.1574",30.0051,31.1574,48,72,32,0.852856,FALSE,9,15,4,0,1,Moderate,4,2
6/5/2026 9:30,North 90th Street,"30.0308,31.4721",30.0308,31.4721,65,65,39,0.870522,FALSE,9,30,4,0,1,Free_Flow,8,1
6/5/2026 9:45,South 90th Street,"30.0195,31.4326",30.0195,31.4326,35,61,25,0.958086,FALSE,9,45,4,0,1,Moderate,15,2
6/5/2026 10:00,Ring Road - Maadi,"29.9544,31.2858",29.9544,31.2858,45,60,14,0.927233,FALSE,10,0,4,0,0,Moderate,10,2
6/5/2026 10:15,October Bridge,"30.0526,31.2372",30.0526,31.2372,41,80,15,0.992274,FALSE,10,15,4,0,0,Moderate,9,2
6/5/2026 10:30,26th July Corridor,"30.0381,31.0264",30.0381,31.0264,57,77,20,0.910655,FALSE,10,30,4,0,0,Free_Flow,0,1
6/5/2026 10:45,Abbas El Akkad,"30.0631,31.3341",30.0631,31.3341,64,77,5,0.871585,FALSE,10,45,4,0,0,Free_Flow,1,1
6/5/2026 11:00,Galaa Square,"30.0398,31.2188",30.0398,31.2188,59,59,13,0.920416,FALSE,11,0,4,0,0,Free_Flow,5,1
6/5/2026 11:15,Salah Salem,"30.0645,31.282",30.0645,31.282,68,68,10,0.865622,FALSE,11,15,4,0,0,Free_Flow,14,1
6/5/2026 11:30,Autostrad - Sheraton,"30.1065,31.3711",30.1065,31.3711,68,72,43,0.865402,FALSE,11,30,4,0,0,Free_Flow,2,1
6/5/2026 11:45,Tahrir Square,"30.0444,31.2357",30.0444,31.2357,57,70,39,0.97463,FALSE,11,45,4,0,0,Free_Flow,16,1
6/5/2026 12:00,Corniche El Nil,"30.0263,31.2268",30.0263,31.2268,46,75,44,0.882761,FALSE,12,0,4,0,0,Moderate,3,2
6/5/2026 12:15,Mosheer Tantawy Axis,"30.0242,31.3486",30.0242,31.3486,39,77,39,0.864561,FALSE,12,15,4,0,0,Moderate,7,2
6/5/2026 12:30,Rod El Farag Axis,"30.0881,31.2185",30.0881,31.2185,37,67,35,0.886334,FALSE,12,30,4,0,0,Moderate,13,2
6/5/2026 12:45,Ring Road - Marg,"30.1554,31.3323",30.1554,31.3323,64,64,21,0.978852,FALSE,12,45,4,0,0,Free_Flow,11,1
6/5/2026 13:00,Ring Road - Moneeb,"29.9881,31.2227",29.9881,31.2227,68,68,48,0.879948,FALSE,13,0,4,0,0,Free_Flow,12,1
6/5/2026 13:15,Gamaat El Dowal St,"30.0543,31.2005",30.0543,31.2005,35,78,37,0.914097,FALSE,13,15,4,0,0,Moderate,6,2
6/5/2026 13:30,Faisal Street,"30.0051,31.1574",30.0051,31.1574,36,67,33,0.879453,FALSE,13,30,4,0,0,Moderate,4,2
6/5/2026 13:45,North 90th Street,"30.0308,31.4721",30.0308,31.4721,36,75,41,0.856244,FALSE,13,45,4,0,0,Moderate,8,2
6/5/2026 14:00,South 90th Street,"30.0195,31.4326",30.0195,31.4326,35,69,20,0.891604,FALSE,14,0,4,0,0,Moderate,15,2
6/5/2026 14:15,Ring Road - Maadi,"29.9544,31.2858",29.9544,31.2858,43,59,7,0.892901,FALSE,14,15,4,0,0,Moderate,10,2
6/5/2026 14:30,October Bridge,"30.0526,31.2372",30.0526,31.2372,72,79,11,0.886827,FALSE,14,30,4,0,0,Free_Flow,9,1
6/5/2026 14:45,26th July Corridor,"30.0381,31.0264",30.0381,31.0264,55,80,13,0.986118,FALSE,14,45,4,0,0,Free_Flow,0,1
6/5/2026 15:00,Abbas El Akkad,"30.0631,31.3341",30.0631,31.3341,36,71,48,0.999187,FALSE,15,0,4,0,0,Moderate,1,2
6/5/2026 15:15,Galaa Square,"30.0398,31.2188",30.0398,31.2188,75,75,42,0.945946,FALSE,15,15,4,0,0,Free_Flow,5,1
6/5/2026 15:30,Salah Salem,"30.0645,31.282",30.0645,31.282,54,69,31,0.880102,FALSE,15,30,4,0,0,Free_Flow,14,1
6/5/2026 15:45,Autostrad - Sheraton,"30.1065,31.3711",30.1065,31.3711,57,57,15,0.952214,FALSE,15,45,4,0,0,Free_Flow,2,1
6/5/2026 16:00,Tahrir Square,"30.0444,31.2357",30.0444,31.2357,38,78,37,0.938965,FALSE,16,0,4,0,1,Moderate,16,2
6/5/2026 16:15,Corniche El Nil,"30.0263,31.2268",30.0263,31.2268,36,73,32,0.878408,FALSE,16,15,4,0,1,Moderate,3,2
6/5/2026 16:30,Mosheer Tantawy Axis,"30.0242,31.3486",30.0242,31.3486,48,79,20,0.901275,FALSE,16,30,4,0,1,Moderate,7,2
6/5/2026 16:45,Rod El Farag Axis,"30.0881,31.2185",30.0881,31.2185,36,61,32,0.972678,FALSE,16,45,4,0,1,Moderate,13,2
6/5/2026 17:00,Ring Road - Marg,"30.1554,31.3323",30.1554,31.3323,36,73,17,0.91049,FALSE,17,0,4,0,1,Moderate,11,2
6/5/2026 17:15,Ring Road - Moneeb,"29.9881,31.2227",29.9881,31.2227,40,69,40,0.903758,FALSE,17,15,4,0,1,Moderate,12,2
6/5/2026 17:30,Gamaat El Dowal St,"30.0543,31.2005",30.0543,31.2005,67,74,28,0.904929,FALSE,17,30,4,0,1,Free_Flow,6,1
6/5/2026 17:45,Faisal Street,"30.0051,31.1574",30.0051,31.1574,70,73,6,0.947269,FALSE,17,45,4,0,1,Free_Flow,4,1
6/5/2026 18:00,North 90th Street,"30.0308,31.4721",30.0308,31.4721,68,68,35,0.87713,FALSE,18,0,4,0,1,Free_Flow,8,1
6/5/2026 18:15,South 90th Street,"30.0195,31.4326",30.0195,31.4326,44,70,43,0.965384,FALSE,18,15,4,0,1,Moderate,15,2
6/5/2026 18:30,Ring Road - Maadi,"29.9544,31.2858",29.9544,31.2858,56,66,25,0.97332,FALSE,18,30,4,0,1,Free_Flow,10,1
6/5/2026 18:45,October Bridge,"30.0526,31.2372",30.0526,31.2372,62,65,50,0.86941,FALSE,18,45,4,0,1,Free_Flow,9,1
6/5/2026 19:00,26th July Corridor,"30.0381,31.0264",30.0381,31.0264,58,64,24,0.987757,FALSE,19,0,4,0,1,Free_Flow,0,1
6/5/2026 19:15,Abbas El Akkad,"30.0631,31.3341",30.0631,31.3341,38,76,11,0.999112,FALSE,19,15,4,0,1,Moderate,1,2
6/5/2026 19:30,Galaa Square,"30.0398,31.2188",30.0398,31.2188,43,79,34,0.897882,FALSE,19,30,4,0,1,Moderate,5,2
6/5/2026 19:45,Salah Salem,"30.0645,31.282",30.0645,31.282,72,72,11,0.92752,FALSE,19,45,4,0,1,Free_Flow,14,1
6/5/2026 20:00,Autostrad - Sheraton,"30.1065,31.3711",30.1065,31.3711,52,75,26,0.863722,FALSE,20,0,4,0,0,Free_Flow,2,1
6/5/2026 20:15,Tahrir Square,"30.0444,31.2357",30.0444,31.2357,55,56,17,0.865346,FALSE,20,15,4,0,0,Free_Flow,16,1
6/5/2026 20:30,Corniche El Nil,"30.0263,31.2268",30.0263,31.2268,45,65,44,0.956296,FALSE,20,30,4,0,0,Moderate,3,2
6/5/2026 20:45,Mosheer Tantawy Axis,"30.0242,31.3486",30.0242,31.3486,63,66,39,0.976843,FALSE,20,45,4,0,0,Free_Flow,7,1
6/5/2026 21:00,Rod El Farag Axis,"30.0881,31.2185",30.0881,31.2185,46,58,49,0.915801,FALSE,21,0,4,0,0,Moderate,13,2
6/5/2026 21:15,Ring Road - Marg,"30.1554,31.3323",30.1554,31.3323,45,60,21,0.972332,FALSE,21,15,4,0,0,Moderate,11,2
6/5/2026 21:30,Ring Road - Moneeb,"29.9881,31.2227",29.9881,31.2227,56,76,32,0.955376,FALSE,21,30,4,0,0,Free_Flow,12,1
6/5/2026 21:45,Gamaat El Dowal St,"30.0543,31.2005",30.0543,31.2005,73,73,29,0.88324,FALSE,21,45,4,0,0,Free_Flow,6,1
6/5/2026 22:00,Faisal Street,"30.0051,31.1574",30.0051,31.1574,43,69,18,0.941053,FALSE,22,0,4,0,0,Moderate,4,2
6/5/2026 22:15,North 90th Street,"30.0308,31.4721",30.0308,31.4721,68,68,21,0.936774,FALSE,22,15,4,0,0,Free_Flow,8,1
6/5/2026 22:30,South 90th Street,"30.0195,31.4326",30.0195,31.4326,67,69,33,0.902422,FALSE,22,30,4,0,0,Free_Flow,15,1
6/5/2026 22:45,Ring Road - Maadi,"29.9544,31.2858",29.9544,31.2858,41,64,14,0.926738,FALSE,22,45,4,0,0,Moderate,10,2
6/5/2026 23:00,October Bridge,"30.0526,31.2372",30.0526,31.2372,44,61,21,0.962946,FALSE,23,0,4,0,0,Moderate,9,2
6/5/2026 23:15,26th July Corridor,"30.0381,31.0264",30.0381,31.0264,39,56,49,0.868493,FALSE,23,15,4,0,0,Moderate,0,2
6/5/2026 23:30,Abbas El Akkad,"30.0631,31.3341",30.0631,31.3341,72,72,43,0.988758,FALSE,23,30,4,0,0,Free_Flow,1,1
6/5/2026 23:45,Galaa Square,"30.0398,31.2188",30.0398,31.2188,45,63,27,0.952913,FALSE,23,45,4,0,0,Moderate,5,2
6/6/2026 0:00,Salah Salem,"30.0645,31.282",30.0645,31.282,53,71,14,0.865302,FALSE,0,0,5,1,0,Free_Flow,14,1
6/6/2026 0:15,Autostrad - Sheraton,"30.1065,31.3711",30.1065,31.3711,38,76,43,0.94058,FALSE,0,15,5,1,0,Moderate,2,2
6/6/2026 0:30,Tahrir Square,"30.0444,31.2357",30.0444,31.2357,69,69,38,0.934147,FALSE,0,30,5,1,0,Free_Flow,16,1
6/6/2026 0:45,Corniche El Nil,"30.0263,31.2268",30.0263,31.2268,50,57,6,0.870919,FALSE,0,45,5,1,0,Free_Flow,3,1
6/6/2026 1:00,Mosheer Tantawy Axis,"30.0242,31.3486",30.0242,31.3486,44,74,22,0.879103,FALSE,1,0,5,1,0,Moderate,7,2
6/6/2026 1:15,Rod El Farag Axis,"30.0881,31.2185",30.0881,31.2185,36,67,35,0.961554,FALSE,1,15,5,1,0,Moderate,13,2
6/6/2026 1:30,Ring Road - Marg,"30.1554,31.3323",30.1554,31.3323,45,65,14,0.862092,FALSE,1,30,5,1,0,Moderate,11,2
6/6/2026 1:45,Ring Road - Moneeb,"29.9881,31.2227",29.9881,31.2227,63,66,44,0.889662,FALSE,1,45,5,1,0,Free_Flow,12,1
6/6/2026 2:00,Gamaat El Dowal St,"30.0543,31.2005",30.0543,31.2005,73,78,50,0.99887,FALSE,2,0,5,1,0,Free_Flow,6,1
6/6/2026 2:15,Faisal Street,"30.0051,31.1574",30.0051,31.1574,56,76,5,0.974909,FALSE,2,15,5,1,0,Free_Flow,4,1
6/6/2026 2:30,North 90th Street,"30.0308,31.4721",30.0308,31.4721,58,62,6,0.942387,FALSE,2,30,5,1,0,Free_Flow,8,1
6/6/2026 2:45,South 90th Street,"30.0195,31.4326",30.0195,31.4326,53,78,5,0.865672,FALSE,2,45,5,1,0,Free_Flow,15,1
6/6/2026 3:00,Ring Road - Maadi,"29.9544,31.2858",29.9544,31.2858,66,78,41,0.976358,FALSE,3,0,5,1,0,Free_Flow,10,1
6/6/2026 3:15,October Bridge,"30.0526,31.2372",30.0526,31.2372,74,74,19,0.975403,FALSE,3,15,5,1,0,Free_Flow,9,1
6/6/2026 3:30,26th July Corridor,"30.0381,31.0264",30.0381,31.0264,47,70,37,0.872232,FALSE,3,30,5,1,0,Moderate,0,2
6/6/2026 3:45,Abbas El Akkad,"30.0631,31.3341",30.0631,31.3341,43,70,23,0.962777,FALSE,3,45,5,1,0,Moderate,1,2
6/6/2026 4:00,Galaa Square,"30.0398,31.2188",30.0398,31.2188,59,63,29,0.867239,FALSE,4,0,5,1,0,Free_Flow,5,1
6/6/2026 4:15,Salah Salem,"30.0645,31.282",30.0645,31.282,69,69,36,0.969985,FALSE,4,15,5,1,0,Free_Flow,14,1
6/6/2026 4:30,Autostrad - Sheraton,"30.1065,31.3711",30.1065,31.3711,43,62,50,0.856077,FALSE,4,30,5,1,0,Moderate,2,2
6/6/2026 4:45,Tahrir Square,"30.0444,31.2357",30.0444,31.2357,68,73,5,0.930495,FALSE,4,45,5,1,0,Free_Flow,16,1
6/6/2026 5:00,Corniche El Nil,"30.0263,31.2268",30.0263,31.2268,62,65,11,0.895587,FALSE,5,0,5,1,0,Free_Flow,3,1
6/6/2026 5:15,Mosheer Tantawy Axis,"30.0242,31.3486",30.0242,31.3486,64,64,10,0.968685,FALSE,5,15,5,1,0,Free_Flow,7,1
6/6/2026 5:30,Rod El Farag Axis,"30.0881,31.2185",30.0881,31.2185,39,63,37,0.961846,FALSE,5,30,5,1,0,Moderate,13,2
6/6/2026 5:45,Ring Road - Marg,"30.1554,31.3323",30.1554,31.3323,55,69,13,0.884877,FALSE,5,45,5,1,0,Free_Flow,11,1
6/6/2026 6:00,Ring Road - Moneeb,"29.9881,31.2227",29.9881,31.2227,40,61,35,0.984699,FALSE,6,0,5,1,0,Moderate,12,2
6/6/2026 6:15,Gamaat El Dowal St,"30.0543,31.2005",30.0543,31.2005,63,80,14,0.876937,FALSE,6,15,5,1,0,Free_Flow,6,1
6/6/2026 6:30,Faisal Street,"30.0051,31.1574",30.0051,31.1574,39,64,15,0.916172,FALSE,6,30,5,1,0,Moderate,4,2
6/6/2026 6:45,North 90th Street,"30.0308,31.4721",30.0308,31.4721,62,77,18,0.951243,FALSE,6,45,5,1,0,Free_Flow,8,1
6/6/2026 7:00,South 90th Street,"30.0195,31.4326",30.0195,31.4326,65,68,8,0.974532,FALSE,7,0,5,1,1,Free_Flow,15,1
6/6/2026 7:15,Ring Road - Maadi,"29.9544,31.2858",29.9544,31.2858,49,66,5,0.86174,FALSE,7,15,5,1,1,Moderate,10,2
6/6/2026 7:30,October Bridge,"30.0526,31.2372",30.0526,31.2372,69,69,39,0.989779,FALSE,7,30,5,1,1,Free_Flow,9,1
6/6/2026 7:45,26th July Corridor,"30.0381,31.0264",30.0381,31.0264,53,60,17,0.969536,FALSE,7,45,5,1,1,Free_Flow,0,1
6/6/2026 8:00,Abbas El Akkad,"30.0631,31.3341",30.0631,31.3341,47,65,12,0.874329,FALSE,8,0,5,1,1,Moderate,1,2
6/6/2026 8:15,Galaa Square,"30.0398,31.2188",30.0398,31.2188,62,73,12,0.868611,FALSE,8,15,5,1,1,Free_Flow,5,1
6/6/2026 8:30,Salah Salem,"30.0645,31.282",30.0645,31.282,51,57,7,0.956904,FALSE,8,30,5,1,1,Free_Flow,14,1
6/6/2026 8:45,Autostrad - Sheraton,"30.1065,31.3711",30.1065,31.3711,67,67,16,0.862028,FALSE,8,45,5,1,1,Free_Flow,2,1
6/6/2026 9:00,Tahrir Square,"30.0444,31.2357",30.0444,31.2357,69,75,39,0.984363,FALSE,9,0,5,1,1,Free_Flow,16,1
6/6/2026 9:15,Corniche El Nil,"30.0263,31.2268",30.0263,31.2268,70,78,44,0.914019,FALSE,9,15,5,1,1,Free_Flow,3,1
6/6/2026 9:30,Mosheer Tantawy Axis,"30.0242,31.3486",30.0242,31.3486,63,63,22,0.909023,FALSE,9,30,5,1,1,Free_Flow,7,1
6/6/2026 9:45,Rod El Farag Axis,"30.0881,31.2185",30.0881,31.2185,36,79,15,0.861548,FALSE,9,45,5,1,1,Moderate,13,2
6/6/2026 10:00,Ring Road - Marg,"30.1554,31.3323",30.1554,31.3323,53,62,27,0.949148,FALSE,10,0,5,1,0,Free_Flow,11,1
6/6/2026 10:15,Ring Road - Moneeb,"29.9881,31.2227",29.9881,31.2227,65,71,12,0.968083,FALSE,10,15,5,1,0,Free_Flow,12,1
6/6/2026 10:30,Gamaat El Dowal St,"30.0543,31.2005",30.0543,31.2005,56,78,9,0.936203,FALSE,10,30,5,1,0,Free_Flow,6,1
6/6/2026 10:45,Faisal Street,"30.0051,31.1574",30.0051,31.1574,40,76,30,0.866425,FALSE,10,45,5,1,0,Moderate,4,2
6/6/2026 11:00,North 90th Street,"30.0308,31.4721",30.0308,31.4721,67,79,25,0.989272,FALSE,11,0,5,1,0,Free_Flow,8,1
6/6/2026 11:15,South 90th Street,"30.0195,31.4326",30.0195,31.4326,72,72,15,0.951805,FALSE,11,15,5,1,0,Free_Flow,15,1
6/6/2026 11:30,Ring Road - Maadi,"29.9544,31.2858",29.9544,31.2858,51,69,11,0.852013,FALSE,11,30,5,1,0,Free_Flow,10,1
6/6/2026 11:45,October Bridge,"30.0526,31.2372",30.0526,31.2372,66,80,22,0.977902,FALSE,11,45,5,1,0,Free_Flow,9,1
6/6/2026 12:00,26th July Corridor,"30.0381,31.0264",30.0381,31.0264,53,80,31,0.908648,FALSE,12,0,5,1,0,Free_Flow,0,1
6/6/2026 12:15,Abbas El Akkad,"30.0631,31.3341",30.0631,31.3341,38,59,44,0.999695,FALSE,12,15,5,1,0,Moderate,1,2
6/6/2026 12:30,Galaa Square,"30.0398,31.2188",30.0398,31.2188,72,72,16,0.940884,FALSE,12,30,5,1,0,Free_Flow,5,1
6/6/2026 12:45,Salah Salem,"30.0645,31.282",30.0645,31.282,54,65,30,0.855781,FALSE,12,45,5,1,0,Free_Flow,14,1
6/6/2026 13:00,Autostrad - Sheraton,"30.1065,31.3711",30.1065,31.3711,70,80,20,0.914358,FALSE,13,0,5,1,0,Free_Flow,2,1
6/6/2026 13:15,Tahrir Square,"30.0444,31.2357",30.0444,31.2357,61,61,32,0.89797,FALSE,13,15,5,1,0,Free_Flow,16,1
6/6/2026 13:30,Corniche El Nil,"30.0263,31.2268",30.0263,31.2268,63,63,28,0.919541,FALSE,13,30,5,1,0,Free_Flow,3,1
6/6/2026 13:45,Mosheer Tantawy Axis,"30.0242,31.3486",30.0242,31.3486,63,66,36,0.991405,FALSE,13,45,5,1,0,Free_Flow,7,1
6/6/2026 14:00,Rod El Farag Axis,"30.0881,31.2185",30.0881,31.2185,51,71,33,0.857808,FALSE,14,0,5,1,0,Free_Flow,13,1
6/6/2026 14:15,Ring Road - Marg,"30.1554,31.3323",30.1554,31.3323,68,68,36,0.891081,FALSE,14,15,5,1,0,Free_Flow,11,1
6/6/2026 14:30,Ring Road - Moneeb,"29.9881,31.2227",29.9881,31.2227,40,67,33,0.856019,FALSE,14,30,5,1,0,Moderate,12,2
6/6/2026 14:45,Gamaat El Dowal St,"30.0543,31.2005",30.0543,31.2005,64,78,47,0.928236,FALSE,14,45,5,1,0,Free_Flow,6,1
6/6/2026 15:00,Faisal Street,"30.0051,31.1574",30.0051,31.1574,44,58,17,0.924847,FALSE,15,0,5,1,0,Moderate,4,2
6/6/2026 15:15,North 90th Street,"30.0308,31.4721",30.0308,31.4721,46,56,10,0.962208,FALSE,15,15,5,1,0,Moderate,8,2
6/6/2026 15:30,South 90th Street,"30.0195,31.4326",30.0195,31.4326,37,64,7,0.999317,FALSE,15,30,5,1,0,Moderate,15,2
6/6/2026 15:45,Ring Road - Maadi,"29.9544,31.2858",29.9544,31.2858,43,67,36,0.993125,FALSE,15,45,5,1,0,Moderate,10,2
6/6/2026 16:00,October Bridge,"30.0526,31.2372",30.0526,31.2372,69,73,36,0.94033,FALSE,16,0,5,1,1,Free_Flow,9,1
6/6/2026 16:15,26th July Corridor,"30.0381,31.0264",30.0381,31.0264,64,77,35,0.952277,FALSE,16,15,5,1,1,Free_Flow,0,1
6/6/2026 16:30,Abbas El Akkad,"30.0631,31.3341",30.0631,31.3341,47,67,40,0.95114,FALSE,16,30,5,1,1,Moderate,1,2
6/6/2026 16:45,Galaa Square,"30.0398,31.2188",30.0398,31.2188,36,69,26,0.989125,FALSE,16,45,5,1,1,Moderate,5,2
6/6/2026 17:00,Salah Salem,"30.0645,31.282",30.0645,31.282,71,71,12,0.928061,FALSE,17,0,5,1,1,Free_Flow,14,1
6/6/2026 17:15,Autostrad - Sheraton,"30.1065,31.3711",30.1065,31.3711,51,59,37,0.912311,FALSE,17,15,5,1,1,Free_Flow,2,1
6/6/2026 17:30,Tahrir Square,"30.0444,31.2357",30.0444,31.2357,67,71,25,0.992961,FALSE,17,30,5,1,1,Free_Flow,16,1
6/6/2026 17:45,Corniche El Nil,"30.0263,31.2268",30.0263,31.2268,48,75,19,0.946068,FALSE,17,45,5,1,1,Moderate,3,2
6/6/2026 18:00,Mosheer Tantawy Axis,"30.0242,31.3486",30.0242,31.3486,72,77,41,0.955274,FALSE,18,0,5,1,1,Free_Flow,7,1
6/6/2026 18:15,Rod El Farag Axis,"30.0881,31.2185",30.0881,31.2185,35,65,23,0.882403,FALSE,18,15,5,1,1,Moderate,13,2
6/6/2026 18:30,Ring Road - Marg,"30.1554,31.3323",30.1554,31.3323,56,56,31,0.908768,FALSE,18,30,5,1,1,Free_Flow,11,1
6/6/2026 18:45,Ring Road - Moneeb,"29.9881,31.2227",29.9881,31.2227,71,71,32,0.939491,FALSE,18,45,5,1,1,Free_Flow,12,1
6/6/2026 19:00,Gamaat El Dowal St,"30.0543,31.2005",30.0543,31.2005,55,68,14,0.880648,FALSE,19,0,5,1,1,Free_Flow,6,1
6/6/2026 19:15,Faisal Street,"30.0051,31.1574",30.0051,31.1574,40,57,23,0.95562,FALSE,19,15,5,1,1,Moderate,4,2
6/6/2026 19:30,North 90th Street,"30.0308,31.4721",30.0308,31.4721,67,78,30,0.982207,FALSE,19,30,5,1,1,Free_Flow,8,1
6/6/2026 19:45,South 90th Street,"30.0195,31.4326",30.0195,31.4326,73,80,20,0.903367,FALSE,19,45,5,1,1,Free_Flow,15,1
6/6/2026 20:00,Ring Road - Maadi,"29.9544,31.2858",29.9544,31.2858,67,67,49,0.918509,FALSE,20,0,5,1,0,Free_Flow,10,1
6/6/2026 20:15,October Bridge,"30.0526,31.2372",30.0526,31.2372,57,67,30,0.92717,FALSE,20,15,5,1,0,Free_Flow,9,1
6/6/2026 20:30,26th July Corridor,"30.0381,31.0264",30.0381,31.0264,42,67,8,0.928066,FALSE,20,30,5,1,0,Moderate,0,2
6/6/2026 20:45,Abbas El Akkad,"30.0631,31.3341",30.0631,31.3341,39,79,24,0.962704,FALSE,20,45,5,1,0,Moderate,1,2
6/6/2026 21:00,Galaa Square,"30.0398,31.2188",30.0398,31.2188,44,62,17,0.964845,FALSE,21,0,5,1,0,Moderate,5,2
6/6/2026 21:15,Salah Salem,"30.0645,31.282",30.0645,31.282,52,70,39,0.963995,FALSE,21,15,5,1,0,Free_Flow,14,1
6/6/2026 21:30,Autostrad - Sheraton,"30.1065,31.3711",30.1065,31.3711,61,78,48,0.871031,FALSE,21,30,5,1,0,Free_Flow,2,1
6/6/2026 21:45,Tahrir Square,"30.0444,31.2357",30.0444,31.2357,55,55,12,0.974112,FALSE,21,45,5,1,0,Free_Flow,16,1
6/6/2026 22:00,Corniche El Nil,"30.0263,31.2268",30.0263,31.2268,61,75,45,0.904886,FALSE,22,0,5,1,0,Free_Flow,3,1
6/6/2026 22:15,Mosheer Tantawy Axis,"30.0242,31.3486",30.0242,31.3486,55,66,8,0.993017,FALSE,22,15,5,1,0,Free_Flow,7,1
6/6/2026 22:30,Rod El Farag Axis,"30.0881,31.2185",30.0881,31.2185,60,60,11,0.935817,FALSE,22,30,5,1,0,Free_Flow,13,1
6/6/2026 22:45,Ring Road - Marg,"30.1554,31.3323",30.1554,31.3323,53,68,46,0.989058,FALSE,22,45,5,1,0,Free_Flow,11,1
6/6/2026 23:00,Ring Road - Moneeb,"29.9881,31.2227",29.9881,31.2227,73,73,44,0.850872,FALSE,23,0,5,1,0,Free_Flow,12,1
6/6/2026 23:15,Gamaat El Dowal St,"30.0543,31.2005",30.0543,31.2005,40,70,31,0.852604,FALSE,23,15,5,1,0,Moderate,6,2
6/6/2026 23:30,Faisal Street,"30.0051,31.1574",30.0051,31.1574,53,69,6,0.89811,FALSE,23,30,5,1,0,Free_Flow,4,1
6/6/2026 23:45,North 90th Street,"30.0308,31.4721",30.0308,31.4721,46,63,38,0.928229,FALSE,23,45,5,1,0,Moderate,8,2
6/7/2026 0:00,South 90th Street,"30.0195,31.4326",30.0195,31.4326,25,71,62,0.895285,FALSE,0,0,6,1,0,Moderate,15,2
6/7/2026 0:15,Ring Road - Maadi,"29.9544,31.2858",29.9544,31.2858,43,69,20,0.877132,FALSE,0,15,6,1,0,Moderate,10,2
6/7/2026 0:30,October Bridge,"30.0526,31.2372",30.0526,31.2372,59,59,12,0.980878,FALSE,0,30,6,1,0,Free_Flow,9,1
6/7/2026 0:45,26th July Corridor,"30.0381,31.0264",30.0381,31.0264,37,58,33,0.980096,FALSE,0,45,6,1,0,Moderate,0,2
6/7/2026 1:00,Abbas El Akkad,"30.0631,31.3341",30.0631,31.3341,52,57,51,0.956524,FALSE,1,0,6,1,0,Free_Flow,1,1
6/7/2026 1:15,Galaa Square,"30.0398,31.2188",30.0398,31.2188,46,60,18,0.875713,FALSE,1,15,6,1,0,Moderate,5,2
6/7/2026 1:30,Salah Salem,"30.0645,31.282",30.0645,31.282,55,70,65,0.958163,FALSE,1,30,6,1,0,Free_Flow,14,1
6/7/2026 1:45,Autostrad - Sheraton,"30.1065,31.3711",30.1065,31.3711,62,65,65,0.901161,FALSE,1,45,6,1,0,Free_Flow,2,1
6/7/2026 2:00,Tahrir Square,"30.0444,31.2357",30.0444,31.2357,43,71,26,0.957126,FALSE,2,0,6,1,0,Moderate,16,2
6/7/2026 2:15,Corniche El Nil,"30.0263,31.2268",30.0263,31.2268,56,64,52,0.909481,FALSE,2,15,6,1,0,Free_Flow,3,1
6/7/2026 2:30,Mosheer Tantawy Axis,"30.0242,31.3486",30.0242,31.3486,45,77,67,0.870272,FALSE,2,30,6,1,0,Moderate,7,2
6/7/2026 2:45,Rod El Farag Axis,"30.0881,31.2185",30.0881,31.2185,56,78,76,0.91078,FALSE,2,45,6,1,0,Free_Flow,13,1
6/7/2026 3:00,Ring Road - Marg,"30.1554,31.3323",30.1554,31.3323,30,77,41,0.864134,FALSE,3,0,6,1,0,Moderate,11,2
6/7/2026 3:15,Ring Road - Moneeb,"29.9881,31.2227",29.9881,31.2227,54,77,77,0.910618,FALSE,3,15,6,1,0,Free_Flow,12,1
6/7/2026 3:30,Gamaat El Dowal St,"30.0543,31.2005",30.0543,31.2005,49,64,49,0.912963,FALSE,3,30,6,1,0,Moderate,6,2
6/7/2026 3:45,Faisal Street,"30.0051,31.1574",30.0051,31.1574,46,70,59,0.862114,FALSE,3,45,6,1,0,Moderate,4,2
6/7/2026 4:00,North 90th Street,"30.0308,31.4721",30.0308,31.4721,63,63,26,0.887678,FALSE,4,0,6,1,0,Free_Flow,8,1
6/7/2026 4:15,South 90th Street,"30.0195,31.4326",30.0195,31.4326,54,62,39,0.948585,FALSE,4,15,6,1,0,Free_Flow,15,1
6/7/2026 4:30,Ring Road - Maadi,"29.9544,31.2858",29.9544,31.2858,28,77,80,0.949203,FALSE,4,30,6,1,0,Moderate,10,2
6/7/2026 4:45,October Bridge,"30.0526,31.2372",30.0526,31.2372,33,67,71,0.985128,FALSE,4,45,6,1,0,Moderate,9,2
6/7/2026 5:00,26th July Corridor,"30.0381,31.0264",30.0381,31.0264,52,66,39,0.930059,FALSE,5,0,6,1,0,Free_Flow,0,1
6/7/2026 5:15,Abbas El Akkad,"30.0631,31.3341",30.0631,31.3341,41,56,30,0.896298,FALSE,5,15,6,1,0,Moderate,1,2
6/7/2026 5:30,Galaa Square,"30.0398,31.2188",30.0398,31.2188,58,68,41,0.945379,FALSE,5,30,6,1,0,Free_Flow,5,1
6/7/2026 5:45,Salah Salem,"30.0645,31.282",30.0645,31.282,46,59,55,0.975201,FALSE,5,45,6,1,0,Moderate,14,2
6/7/2026 6:00,Autostrad - Sheraton,"30.1065,31.3711",30.1065,31.3711,33,55,35,0.891034,FALSE,6,0,6,1,0,Moderate,2,2
6/7/2026 6:15,Tahrir Square,"30.0444,31.2357",30.0444,31.2357,51,64,21,0.991479,FALSE,6,15,6,1,0,Free_Flow,16,1
6/7/2026 6:30,Corniche El Nil,"30.0263,31.2268",30.0263,31.2268,46,63,67,0.926381,FALSE,6,30,6,1,0,Moderate,3,2
6/7/2026 6:45,Mosheer Tantawy Axis,"30.0242,31.3486",30.0242,31.3486,39,61,39,0.958694,FALSE,6,45,6,1,0,Moderate,7,2
6/7/2026 7:00,Rod El Farag Axis,"30.0881,31.2185",30.0881,31.2185,13,68,117,0.861216,FALSE,7,0,6,1,1,Congested,13,0
6/7/2026 7:15,Ring Road - Marg,"30.1554,31.3323",30.1554,31.3323,31,71,76,0.85088,FALSE,7,15,6,1,1,Moderate,11,2
6/7/2026 7:30,Ring Road - Moneeb,"29.9881,31.2227",29.9881,31.2227,19,55,97,0.978808,FALSE,7,30,6,1,1,Congested,12,0
6/7/2026 7:45,Gamaat El Dowal St,"30.0543,31.2005",30.0543,31.2005,20,58,64,0.917161,FALSE,7,45,6,1,1,Moderate,6,2
6/7/2026 8:00,Faisal Street,"30.0051,31.1574",30.0051,31.1574,34,68,85,0.906365,FALSE,8,0,6,1,1,Moderate,4,2
6/7/2026 8:15,North 90th Street,"30.0308,31.4721",30.0308,31.4721,30,62,41,0.979835,FALSE,8,15,6,1,1,Moderate,8,2
6/7/2026 8:30,South 90th Street,"30.0195,31.4326",30.0195,31.4326,19,69,75,0.983488,FALSE,8,30,6,1,1,Congested,15,0
6/7/2026 8:45,Ring Road - Maadi,"29.9544,31.2858",29.9544,31.2858,11,71,55,0.973971,FALSE,8,45,6,1,1,Congested,10,0
6/7/2026 9:00,October Bridge,"30.0526,31.2372",30.0526,31.2372,30,73,90,0.992802,FALSE,9,0,6,1,1,Moderate,9,2
6/7/2026 9:15,26th July Corridor,"30.0381,31.0264",30.0381,31.0264,26,76,60,0.923445,FALSE,9,15,6,1,1,Moderate,0,2
6/7/2026 9:30,Abbas El Akkad,"30.0631,31.3341",30.0631,31.3341,11,69,52,0.857844,FALSE,9,30,6,1,1,Congested,1,0
6/7/2026 9:45,Galaa Square,"30.0398,31.2188",30.0398,31.2188,14,77,106,0.991032,FALSE,9,45,6,1,1,Congested,5,0
6/7/2026 10:00,Salah Salem,"30.0645,31.282",30.0645,31.282,33,68,114,0.903847,FALSE,10,0,6,1,0,Moderate,14,2
6/7/2026 10:15,Autostrad - Sheraton,"30.1065,31.3711",30.1065,31.3711,33,70,67,0.900272,FALSE,10,15,6,1,0,Moderate,2,2
6/7/2026 10:30,Tahrir Square,"30.0444,31.2357",30.0444,31.2357,31,55,116,0.976195,FALSE,10,30,6,1,0,Moderate,16,2
6/7/2026 10:45,Corniche El Nil,"30.0263,31.2268",30.0263,31.2268,27,60,76,0.87464,FALSE,10,45,6,1,0,Moderate,3,2
6/7/2026 11:00,Mosheer Tantawy Axis,"30.0242,31.3486",30.0242,31.3486,43,69,68,0.884158,FALSE,11,0,6,1,0,Moderate,7,2
6/7/2026 11:15,Rod El Farag Axis,"30.0881,31.2185",30.0881,31.2185,56,77,56,0.859914,FALSE,11,15,6,1,0,Free_Flow,13,1
6/7/2026 11:30,Ring Road - Marg,"30.1554,31.3323",30.1554,31.3323,56,67,10,0.924913,FALSE,11,30,6,1,0,Free_Flow,11,1
6/7/2026 11:45,Ring Road - Moneeb,"29.9881,31.2227",29.9881,31.2227,51,66,11,0.957182,FALSE,11,45,6,1,0,Free_Flow,12,1
6/7/2026 12:00,Gamaat El Dowal St,"30.0543,31.2005",30.0543,31.2005,56,58,36,0.935243,FALSE,12,0,6,1,0,Free_Flow,6,1
6/7/2026 12:15,Faisal Street,"30.0051,31.1574",30.0051,31.1574,37,73,76,0.859164,FALSE,12,15,6,1,0,Moderate,4,2
6/7/2026 12:30,North 90th Street,"30.0308,31.4721",30.0308,31.4721,38,70,42,0.965806,FALSE,12,30,6,1,0,Moderate,8,2
6/7/2026 12:45,South 90th Street,"30.0195,31.4326",30.0195,31.4326,37,58,43,0.890226,FALSE,12,45,6,1,0,Moderate,15,2
6/7/2026 13:00,Ring Road - Maadi,"29.9544,31.2858",29.9544,31.2858,60,61,80,0.978734,FALSE,13,0,6,1,0,Free_Flow,10,1
6/7/2026 13:15,October Bridge,"30.0526,31.2372",30.0526,31.2372,60,74,20,0.891466,FALSE,13,15,6,1,0,Free_Flow,9,1
6/7/2026 13:30,26th July Corridor,"30.0381,31.0264",30.0381,31.0264,43,80,33,0.922027,FALSE,13,30,6,1,0,Moderate,0,2
6/7/2026 13:45,Abbas El Akkad,"30.0631,31.3341",30.0631,31.3341,58,60,43,0.932264,FALSE,13,45,6,1,0,Free_Flow,1,1
6/7/2026 14:00,Galaa Square,"30.0398,31.2188",30.0398,31.2188,40,61,37,0.92467,FALSE,14,0,6,1,0,Moderate,5,2
6/7/2026 14:15,Salah Salem,"30.0645,31.282",30.0645,31.282,64,80,69,0.990133,FALSE,14,15,6,1,0,Free_Flow,14,1
6/7/2026 14:30,Autostrad - Sheraton,"30.1065,31.3711",30.1065,31.3711,25,71,63,0.918791,FALSE,14,30,6,1,0,Moderate,2,2
6/7/2026 14:45,Tahrir Square,"30.0444,31.2357",30.0444,31.2357,52,63,34,0.960688,FALSE,14,45,6,1,0,Free_Flow,16,1
6/7/2026 15:00,Corniche El Nil,"30.0263,31.2268",30.0263,31.2268,48,66,79,0.852318,FALSE,15,0,6,1,0,Moderate,3,2
6/7/2026 15:15,Mosheer Tantawy Axis,"30.0242,31.3486",30.0242,31.3486,38,78,41,0.967829,FALSE,15,15,6,1,0,Moderate,7,2
6/7/2026 15:30,Rod El Farag Axis,"30.0881,31.2185",30.0881,31.2185,57,60,72,0.854905,FALSE,15,30,6,1,0,Free_Flow,13,1
6/7/2026 15:45,Ring Road - Marg,"30.1554,31.3323",30.1554,31.3323,36,58,17,0.857887,FALSE,15,45,6,1,0,Moderate,11,2
6/7/2026 16:00,Ring Road - Moneeb,"29.9881,31.2227",29.9881,31.2227,16,71,68,0.959386,FALSE,16,0,6,1,1,Congested,12,0
6/7/2026 16:15,Gamaat El Dowal St,"30.0543,31.2005",30.0543,31.2005,32,61,114,0.939731,FALSE,16,15,6,1,1,Moderate,6,2
6/7/2026 16:30,Faisal Street,"30.0051,31.1574",30.0051,31.1574,18,73,64,0.999445,FALSE,16,30,6,1,1,Congested,4,0
6/7/2026 16:45,North 90th Street,"30.0308,31.4721",30.0308,31.4721,12,72,78,0.891751,FALSE,16,45,6,1,1,Congested,8,0
6/7/2026 17:00,South 90th Street,"30.0195,31.4326",30.0195,31.4326,22,76,95,0.978307,FALSE,17,0,6,1,1,Moderate,15,2
6/7/2026 17:15,Ring Road - Maadi,"29.9544,31.2858",29.9544,31.2858,12,80,42,0.884316,FALSE,17,15,6,1,1,Congested,10,0
6/7/2026 17:30,October Bridge,"30.0526,31.2372",30.0526,31.2372,35,56,50,0.931942,FALSE,17,30,6,1,1,Moderate,9,2
6/7/2026 17:45,26th July Corridor,"30.0381,31.0264",30.0381,31.0264,14,63,106,0.853087,FALSE,17,45,6,1,1,Congested,0,0
6/7/2026 18:00,Abbas El Akkad,"30.0631,31.3341",30.0631,31.3341,20,66,51,0.903614,FALSE,18,0,6,1,1,Moderate,1,2
6/7/2026 18:15,Galaa Square,"30.0398,31.2188",30.0398,31.2188,19,65,110,0.875567,FALSE,18,15,6,1,1,Congested,5,0
6/7/2026 18:30,Salah Salem,"30.0645,31.282",30.0645,31.282,32,68,40,0.944316,FALSE,18,30,6,1,1,Moderate,14,2
6/7/2026 18:45,Autostrad - Sheraton,"30.1065,31.3711",30.1065,31.3711,21,75,107,0.970761,FALSE,18,45,6,1,1,Moderate,2,2
6/7/2026 19:00,Tahrir Square,"30.0444,31.2357",30.0444,31.2357,17,75,60,0.865817,FALSE,19,0,6,1,1,Congested,16,0
6/7/2026 19:15,Corniche El Nil,"30.0263,31.2268",30.0263,31.2268,18,78,54,0.850692,FALSE,19,15,6,1,1,Congested,3,0
6/7/2026 19:30,Mosheer Tantawy Axis,"30.0242,31.3486",30.0242,31.3486,30,55,58,0.896678,FALSE,19,30,6,1,1,Moderate,7,2
6/7/2026 19:45,Rod El Farag Axis,"30.0881,31.2185",30.0881,31.2185,15,68,119,0.894447,FALSE,19,45,6,1,1,Congested,13,0
6/7/2026 20:00,Ring Road - Marg,"30.1554,31.3323",30.1554,31.3323,22,67,114,0.91599,FALSE,20,0,6,1,0,Moderate,11,2
6/7/2026 20:15,Ring Road - Moneeb,"29.9881,31.2227",29.9881,31.2227,25,63,51,0.965905,FALSE,20,15,6,1,0,Moderate,12,2
6/7/2026 20:30,Gamaat El Dowal St,"30.0543,31.2005",30.0543,31.2005,11,72,91,0.986247,FALSE,20,30,6,1,0,Congested,6,0
6/7/2026 20:45,Faisal Street,"30.0051,31.1574",30.0051,31.1574,28,57,50,0.857465,FALSE,20,45,6,1,0,Moderate,4,2
6/7/2026 21:00,North 90th Street,"30.0308,31.4721",30.0308,31.4721,53,73,61,0.925985,FALSE,21,0,6,1,0,Free_Flow,8,1
6/7/2026 21:15,South 90th Street,"30.0195,31.4326",30.0195,31.4326,60,64,51,0.961477,FALSE,21,15,6,1,0,Free_Flow,15,1
6/7/2026 21:30,Ring Road - Maadi,"29.9544,31.2858",29.9544,31.2858,64,64,79,0.863897,FALSE,21,30,6,1,0,Free_Flow,10,1
6/7/2026 21:45,October Bridge,"30.0526,31.2372",30.0526,31.2372,35,70,76,0.856418,FALSE,21,45,6,1,0,Moderate,9,2
6/7/2026 22:00,26th July Corridor,"30.0381,31.0264",30.0381,31.0264,55,79,16,0.915923,FALSE,22,0,6,1,0,Free_Flow,0,1
6/7/2026 22:15,Abbas El Akkad,"30.0631,31.3341",30.0631,31.3341,41,79,17,0.941231,FALSE,22,15,6,1,0,Moderate,1,2
6/7/2026 22:30,Galaa Square,"30.0398,31.2188",30.0398,31.2188,49,61,11,0.928138,FALSE,22,30,6,1,0,Moderate,5,2
6/7/2026 22:45,Salah Salem,"30.0645,31.282",30.0645,31.282,45,66,25,0.961949,FALSE,22,45,6,1,0,Moderate,14,2
6/7/2026 23:00,Autostrad - Sheraton,"30.1065,31.3711",30.1065,31.3711,41,69,43,0.977869,FALSE,23,0,6,1,0,Moderate,2,2
6/7/2026 23:15,Tahrir Square,"30.0444,31.2357",30.0444,31.2357,35,68,48,0.947276,FALSE,23,15,6,1,0,Moderate,16,2
6/7/2026 23:30,Corniche El Nil,"30.0263,31.2268",30.0263,31.2268,30,77,58,0.970513,FALSE,23,30,6,1,0,Moderate,3,2
6/7/2026 23:45,Mosheer Tantawy Axis,"30.0242,31.3486",30.0242,31.3486,31,68,46,0.873013,FALSE,23,45,6,1,0,Moderate,7,2
6/8/2026 0:00,Rod El Farag Axis,"30.0881,31.2185",30.0881,31.2185,44,71,64,0.882741,FALSE,0,0,0,0,0,Moderate,13,2
6/8/2026 0:15,Ring Road - Marg,"30.1554,31.3323",30.1554,31.3323,52,76,65,0.923273,FALSE,0,15,0,0,0,Free_Flow,11,1
6/8/2026 0:30,Ring Road - Moneeb,"29.9881,31.2227",29.9881,31.2227,53,72,79,0.940086,FALSE,0,30,0,0,0,Free_Flow,12,1
6/8/2026 0:45,Gamaat El Dowal St,"30.0543,31.2005",30.0543,31.2005,56,70,66,0.983669,FALSE,0,45,0,0,0,Free_Flow,6,1
6/8/2026 1:00,Faisal Street,"30.0051,31.1574",30.0051,31.1574,56,72,72,0.932196,FALSE,1,0,0,0,0,Free_Flow,4,1
6/8/2026 1:15,North 90th Street,"30.0308,31.4721",30.0308,31.4721,45,74,77,0.935308,FALSE,1,15,0,0,0,Moderate,8,2
6/8/2026 1:30,South 90th Street,"30.0195,31.4326",30.0195,31.4326,36,77,72,0.870835,FALSE,1,30,0,0,0,Moderate,15,2
6/8/2026 1:45,Ring Road - Maadi,"29.9544,31.2858",29.9544,31.2858,43,55,52,0.890283,FALSE,1,45,0,0,0,Moderate,10,2
6/8/2026 2:00,October Bridge,"30.0526,31.2372",30.0526,31.2372,32,62,65,0.904614,FALSE,2,0,0,0,0,Moderate,9,2
6/8/2026 2:15,26th July Corridor,"30.0381,31.0264",30.0381,31.0264,58,60,56,0.965546,FALSE,2,15,0,0,0,Free_Flow,0,1
6/8/2026 2:30,Abbas El Akkad,"30.0631,31.3341",30.0631,31.3341,37,62,64,0.914104,FALSE,2,30,0,0,0,Moderate,1,2
6/8/2026 2:45,Galaa Square,"30.0398,31.2188",30.0398,31.2188,47,75,35,0.934503,FALSE,2,45,0,0,0,Moderate,5,2
6/8/2026 3:00,Salah Salem,"30.0645,31.282",30.0645,31.282,25,55,66,0.956222,FALSE,3,0,0,0,0,Moderate,14,2
6/8/2026 3:15,Autostrad - Sheraton,"30.1065,31.3711",30.1065,31.3711,61,65,11,0.94927,FALSE,3,15,0,0,0,Free_Flow,2,1
6/8/2026 3:30,Tahrir Square,"30.0444,31.2357",30.0444,31.2357,36,71,10,0.878772,FALSE,3,30,0,0,0,Moderate,16,2
6/8/2026 3:45,Corniche El Nil,"30.0263,31.2268",30.0263,31.2268,63,63,50,0.893702,FALSE,3,45,0,0,0,Free_Flow,3,1
6/8/2026 4:00,Mosheer Tantawy Axis,"30.0242,31.3486",30.0242,31.3486,26,75,54,0.912367,FALSE,4,0,0,0,0,Moderate,7,2
6/8/2026 4:15,Rod El Farag Axis,"30.0881,31.2185",30.0881,31.2185,50,57,27,0.996498,FALSE,4,15,0,0,0,Free_Flow,13,1
6/8/2026 4:30,Ring Road - Marg,"30.1554,31.3323",30.1554,31.3323,40,60,17,0.901784,FALSE,4,30,0,0,0,Moderate,11,2
6/8/2026 4:45,Ring Road - Moneeb,"29.9881,31.2227",29.9881,31.2227,57,57,46,0.979418,FALSE,4,45,0,0,0,Free_Flow,12,1
6/8/2026 5:00,Gamaat El Dowal St,"30.0543,31.2005",30.0543,31.2005,64,64,18,0.985177,FALSE,5,0,0,0,0,Free_Flow,6,1
6/8/2026 5:15,Faisal Street,"30.0051,31.1574",30.0051,31.1574,42,80,28,0.966057,FALSE,5,15,0,0,0,Moderate,4,2
6/8/2026 5:30,North 90th Street,"30.0308,31.4721",30.0308,31.4721,36,76,73,0.911591,FALSE,5,30,0,0,0,Moderate,8,2
6/8/2026 5:45,South 90th Street,"30.0195,31.4326",30.0195,31.4326,33,68,75,0.967046,FALSE,5,45,0,0,0,Moderate,15,2
6/8/2026 6:00,Ring Road - Maadi,"29.9544,31.2858",29.9544,31.2858,48,60,57,0.949736,FALSE,6,0,0,0,0,Moderate,10,2
6/8/2026 6:15,October Bridge,"30.0526,31.2372",30.0526,31.2372,31,69,70,0.913912,FALSE,6,15,0,0,0,Moderate,9,2
6/8/2026 6:30,26th July Corridor,"30.0381,31.0264",30.0381,31.0264,30,80,24,0.977673,FALSE,6,30,0,0,0,Moderate,0,2
6/8/2026 6:45,Abbas El Akkad,"30.0631,31.3341",30.0631,31.3341,51,77,56,0.950342,FALSE,6,45,0,0,0,Free_Flow,1,1
6/8/2026 7:00,Galaa Square,"30.0398,31.2188",30.0398,31.2188,20,72,83,0.995485,FALSE,7,0,0,0,1,Moderate,5,2
6/8/2026 7:15,Salah Salem,"30.0645,31.282",30.0645,31.282,15,59,72,0.894499,FALSE,7,15,0,0,1,Congested,14,0
6/8/2026 7:30,Autostrad - Sheraton,"30.1065,31.3711",30.1065,31.3711,35,64,75,0.876425,FALSE,7,30,0,0,1,Moderate,2,2
6/8/2026 7:45,Tahrir Square,"30.0444,31.2357",30.0444,31.2357,24,74,61,0.923717,FALSE,7,45,0,0,1,Moderate,16,2
6/8/2026 8:00,Corniche El Nil,"30.0263,31.2268",30.0263,31.2268,32,78,98,0.940656,FALSE,8,0,0,0,1,Moderate,3,2
6/8/2026 8:15,Mosheer Tantawy Axis,"30.0242,31.3486",30.0242,31.3486,27,71,97,0.951834,FALSE,8,15,0,0,1,Moderate,7,2
6/8/2026 8:30,Rod El Farag Axis,"30.0881,31.2185",30.0881,31.2185,14,55,117,0.869961,FALSE,8,30,0,0,1,Congested,13,0
6/8/2026 8:45,Ring Road - Marg,"30.1554,31.3323",30.1554,31.3323,21,61,70,0.944966,FALSE,8,45,0,0,1,Moderate,11,2
6/8/2026 9:00,Ring Road - Moneeb,"29.9881,31.2227",29.9881,31.2227,33,76,77,0.876295,FALSE,9,0,0,0,1,Moderate,12,2
6/8/2026 9:15,Gamaat El Dowal St,"30.0543,31.2005",30.0543,31.2005,19,71,89,0.916992,FALSE,9,15,0,0,1,Congested,6,0
6/8/2026 9:30,Faisal Street,"30.0051,31.1574",30.0051,31.1574,16,78,78,0.859068,FALSE,9,30,0,0,1,Congested,4,0
6/8/2026 9:45,North 90th Street,"30.0308,31.4721",30.0308,31.4721,23,60,74,0.908877,FALSE,9,45,0,0,1,Moderate,8,2
6/8/2026 10:00,South 90th Street,"30.0195,31.4326",30.0195,31.4326,34,60,96,0.941159,FALSE,10,0,0,0,0,Moderate,15,2
6/8/2026 10:15,Ring Road - Maadi,"29.9544,31.2858",29.9544,31.2858,16,64,78,0.964713,FALSE,10,15,0,0,0,Congested,10,0
6/8/2026 10:30,October Bridge,"30.0526,31.2372",30.0526,31.2372,14,74,90,0.873057,FALSE,10,30,0,0,0,Congested,9,0
6/8/2026 10:45,26th July Corridor,"30.0381,31.0264",30.0381,31.0264,34,70,72,0.932068,FALSE,10,45,0,0,0,Moderate,0,2
6/8/2026 11:00,Abbas El Akkad,"30.0631,31.3341",30.0631,31.3341,37,71,44,0.927661,FALSE,11,0,0,0,0,Moderate,1,2
6/8/2026 11:15,Galaa Square,"30.0398,31.2188",30.0398,31.2188,37,57,74,0.957763,FALSE,11,15,0,0,0,Moderate,5,2
6/8/2026 11:30,Salah Salem,"30.0645,31.282",30.0645,31.282,34,71,80,0.951155,FALSE,11,30,0,0,0,Moderate,14,2
6/8/2026 11:45,Autostrad - Sheraton,"30.1065,31.3711",30.1065,31.3711,65,69,33,0.850958,FALSE,11,45,0,0,0,Free_Flow,2,1
6/8/2026 12:00,Tahrir Square,"30.0444,31.2357",30.0444,31.2357,60,63,79,0.91071,FALSE,12,0,0,0,0,Free_Flow,16,1
6/8/2026 12:15,Corniche El Nil,"30.0263,31.2268",30.0263,31.2268,50,77,21,0.916966,FALSE,12,15,0,0,0,Free_Flow,3,1
6/8/2026 12:30,Mosheer Tantawy Axis,"30.0242,31.3486",30.0242,31.3486,56,77,30,0.947079,FALSE,12,30,0,0,0,Free_Flow,7,1
6/8/2026 12:45,Rod El Farag Axis,"30.0881,31.2185",30.0881,31.2185,58,79,50,0.863375,FALSE,12,45,0,0,0,Free_Flow,13,1
6/8/2026 13:00,Ring Road - Marg,"30.1554,31.3323",30.1554,31.3323,54,58,66,0.851413,FALSE,13,0,0,0,0,Free_Flow,11,1
6/8/2026 13:15,Ring Road - Moneeb,"29.9881,31.2227",29.9881,31.2227,31,70,13,0.864558,FALSE,13,15,0,0,0,Moderate,12,2
6/8/2026 13:30,Gamaat El Dowal St,"30.0543,31.2005",30.0543,31.2005,48,68,70,0.866289,FALSE,13,30,0,0,0,Moderate,6,2
6/8/2026 13:45,Faisal Street,"30.0051,31.1574",30.0051,31.1574,25,66,34,0.986361,FALSE,13,45,0,0,0,Moderate,4,2
6/8/2026 14:00,North 90th Street,"30.0308,31.4721",30.0308,31.4721,44,63,22,0.944802,FALSE,14,0,0,0,0,Moderate,8,2
6/8/2026 14:15,South 90th Street,"30.0195,31.4326",30.0195,31.4326,61,61,58,0.959428,FALSE,14,15,0,0,0,Free_Flow,15,1
6/8/2026 14:30,Ring Road - Maadi,"29.9544,31.2858",29.9544,31.2858,49,79,50,0.940835,FALSE,14,30,0,0,0,Moderate,10,2
6/8/2026 14:45,October Bridge,"30.0526,31.2372",30.0526,31.2372,54,62,68,0.996839,FALSE,14,45,0,0,0,Free_Flow,9,1
6/8/2026 15:00,26th July Corridor,"30.0381,31.0264",30.0381,31.0264,40,77,23,0.865932,FALSE,15,0,0,0,0,Moderate,0,2
6/8/2026 15:15,Abbas El Akkad,"30.0631,31.3341",30.0631,31.3341,62,62,51,0.975425,FALSE,15,15,0,0,0,Free_Flow,1,1
6/8/2026 15:30,Galaa Square,"30.0398,31.2188",30.0398,31.2188,54,55,60,0.898172,FALSE,15,30,0,0,0,Free_Flow,5,1
6/8/2026 15:45,Salah Salem,"30.0645,31.282",30.0645,31.282,60,63,68,0.946031,FALSE,15,45,0,0,0,Free_Flow,14,1
6/8/2026 16:00,Autostrad - Sheraton,"30.1065,31.3711",30.1065,31.3711,11,76,110,0.883829,FALSE,16,0,0,0,1,Congested,2,0
6/8/2026 16:15,Tahrir Square,"30.0444,31.2357",30.0444,31.2357,22,80,58,0.955181,FALSE,16,15,0,0,1,Moderate,16,2
6/8/2026 16:30,Corniche El Nil,"30.0263,31.2268",30.0263,31.2268,27,62,61,0.955143,FALSE,16,30,0,0,1,Moderate,3,2
6/8/2026 16:45,Mosheer Tantawy Axis,"30.0242,31.3486",30.0242,31.3486,12,66,83,0.987255,FALSE,16,45,0,0,1,Congested,7,0
6/8/2026 17:00,Rod El Farag Axis,"30.0881,31.2185",30.0881,31.2185,32,67,89,0.994179,FALSE,17,0,0,0,1,Moderate,13,2
6/8/2026 17:15,Ring Road - Marg,"30.1554,31.3323",30.1554,31.3323,35,63,110,0.947291,FALSE,17,15,0,0,1,Moderate,11,2
6/8/2026 17:30,Ring Road - Moneeb,"29.9881,31.2227",29.9881,31.2227,18,63,47,0.913223,FALSE,17,30,0,0,1,Congested,12,0
6/8/2026 17:45,Gamaat El Dowal St,"30.0543,31.2005",30.0543,31.2005,14,55,99,0.956476,FALSE,17,45,0,0,1,Congested,6,0
6/8/2026 18:00,Faisal Street,"30.0051,31.1574",30.0051,31.1574,29,66,95,0.970776,FALSE,18,0,0,0,1,Moderate,4,2
6/8/2026 18:15,North 90th Street,"30.0308,31.4721",30.0308,31.4721,17,60,80,0.936783,FALSE,18,15,0,0,1,Congested,8,0
6/8/2026 18:30,South 90th Street,"30.0195,31.4326",30.0195,31.4326,27,73,87,0.978728,FALSE,18,30,0,0,1,Moderate,15,2
6/8/2026 18:45,Ring Road - Maadi,"29.9544,31.2858",29.9544,31.2858,11,73,72,0.943472,FALSE,18,45,0,0,1,Congested,10,0
6/8/2026 19:00,October Bridge,"30.0526,31.2372",30.0526,31.2372,11,65,89,0.952098,FALSE,19,0,0,0,1,Congested,9,0
6/8/2026 19:15,26th July Corridor,"30.0381,31.0264",30.0381,31.0264,22,61,82,0.992501,FALSE,19,15,0,0,1,Moderate,0,2
6/8/2026 19:30,Abbas El Akkad,"30.0631,31.3341",30.0631,31.3341,12,77,85,0.953073,FALSE,19,30,0,0,1,Congested,1,0
6/8/2026 19:45,Galaa Square,"30.0398,31.2188",30.0398,31.2188,34,75,103,0.87208,FALSE,19,45,0,0,1,Moderate,5,2
6/8/2026 20:00,Salah Salem,"30.0645,31.282",30.0645,31.282,25,76,46,0.943338,FALSE,20,0,0,0,0,Moderate,14,2
6/8/2026 20:15,Autostrad - Sheraton,"30.1065,31.3711",30.1065,31.3711,16,59,74,0.990862,FALSE,20,15,0,0,0,Congested,2,0
6/8/2026 20:30,Tahrir Square,"30.0444,31.2357",30.0444,31.2357,33,78,98,0.872217,FALSE,20,30,0,0,0,Moderate,16,2
6/8/2026 20:45,Corniche El Nil,"30.0263,31.2268",30.0263,31.2268,21,68,67,0.928379,FALSE,20,45,0,0,0,Moderate,3,2
6/8/2026 21:00,Mosheer Tantawy Axis,"30.0242,31.3486",30.0242,31.3486,55,60,66,0.969647,FALSE,21,0,0,0,0,Free_Flow,7,1
6/8/2026 21:15,Rod El Farag Axis,"30.0881,31.2185",30.0881,31.2185,59,62,55,0.871747,FALSE,21,15,0,0,0,Free_Flow,13,1
6/8/2026 21:30,Ring Road - Marg,"30.1554,31.3323",30.1554,31.3323,43,69,58,0.880819,FALSE,21,30,0,0,0,Moderate,11,2
6/8/2026 21:45,Ring Road - Moneeb,"29.9881,31.2227",29.9881,31.2227,64,80,31,0.862402,FALSE,21,45,0,0,0,Free_Flow,12,1
6/8/2026 22:00,Gamaat El Dowal St,"30.0543,31.2005",30.0543,31.2005,34,67,30,0.899131,FALSE,22,0,0,0,0,Moderate,6,2
6/8/2026 22:15,Faisal Street,"30.0051,31.1574",30.0051,31.1574,25,75,37,0.961376,FALSE,22,15,0,0,0,Moderate,4,2
6/8/2026 22:30,North 90th Street,"30.0308,31.4721",30.0308,31.4721,42,58,36,0.950981,FALSE,22,30,0,0,0,Moderate,8,2
6/8/2026 22:45,South 90th Street,"30.0195,31.4326",30.0195,31.4326,61,62,44,0.981274,FALSE,22,45,0,0,0,Free_Flow,15,1
6/8/2026 23:00,Ring Road - Maadi,"29.9544,31.2858",29.9544,31.2858,40,66,10,0.965362,FALSE,23,0,0,0,0,Moderate,10,2
6/8/2026 23:15,October Bridge,"30.0526,31.2372",30.0526,31.2372,28,77,58,0.920869,FALSE,23,15,0,0,0,Moderate,9,2
6/8/2026 23:30,26th July Corridor,"30.0381,31.0264",30.0381,31.0264,30,57,70,0.915126,FALSE,23,30,0,0,0,Moderate,0,2
6/8/2026 23:45,Abbas El Akkad,"30.0631,31.3341",30.0631,31.3341,59,59,66,0.955249,FALSE,23,45,0,0,0,Free_Flow,1,1
6/9/2026 0:00,Galaa Square,"30.0398,31.2188",30.0398,31.2188,61,78,17,0.998724,FALSE,0,0,1,0,0,Free_Flow,5,1
6/9/2026 0:15,Salah Salem,"30.0645,31.282",30.0645,31.282,50,80,33,0.870065,FALSE,0,15,1,0,0,Free_Flow,14,1
6/9/2026 0:30,Autostrad - Sheraton,"30.1065,31.3711",30.1065,31.3711,53,66,62,0.91051,FALSE,0,30,1,0,0,Free_Flow,2,1
6/9/2026 0:45,Tahrir Square,"30.0444,31.2357",30.0444,31.2357,40,55,42,0.897338,FALSE,0,45,1,0,0,Moderate,16,2
6/9/2026 1:00,Corniche El Nil,"30.0263,31.2268",30.0263,31.2268,48,59,62,0.980728,FALSE,1,0,1,0,0,Moderate,3,2
6/9/2026 1:15,Mosheer Tantawy Axis,"30.0242,31.3486",30.0242,31.3486,62,74,67,0.961298,FALSE,1,15,1,0,0,Free_Flow,7,1
6/9/2026 1:30,Rod El Farag Axis,"30.0881,31.2185",30.0881,31.2185,53,69,64,0.957031,FALSE,1,30,1,0,0,Free_Flow,13,1
6/9/2026 1:45,Ring Road - Marg,"30.1554,31.3323",30.1554,31.3323,37,78,10,0.850948,FALSE,1,45,1,0,0,Moderate,11,2
6/9/2026 2:00,Ring Road - Moneeb,"29.9881,31.2227",29.9881,31.2227,46,62,36,0.939476,FALSE,2,0,1,0,0,Moderate,12,2
6/9/2026 2:15,Gamaat El Dowal St,"30.0543,31.2005",30.0543,31.2005,32,75,57,0.886167,FALSE,2,15,1,0,0,Moderate,6,2
6/9/2026 2:30,Faisal Street,"30.0051,31.1574",30.0051,31.1574,33,77,57,0.899248,FALSE,2,30,1,0,0,Moderate,4,2
6/9/2026 2:45,North 90th Street,"30.0308,31.4721",30.0308,31.4721,45,76,14,0.977287,FALSE,2,45,1,0,0,Moderate,8,2
6/9/2026 3:00,South 90th Street,"30.0195,31.4326",30.0195,31.4326,46,68,64,0.930553,FALSE,3,0,1,0,0,Moderate,15,2
6/9/2026 3:15,Ring Road - Maadi,"29.9544,31.2858",29.9544,31.2858,30,61,11,0.918349,FALSE,3,15,1,0,0,Moderate,10,2
6/9/2026 3:30,October Bridge,"30.0526,31.2372",30.0526,31.2372,50,55,69,0.969958,FALSE,3,30,1,0,0,Free_Flow,9,1
6/9/2026 3:45,26th July Corridor,"30.0381,31.0264",30.0381,31.0264,34,60,61,0.986943,FALSE,3,45,1,0,0,Moderate,0,2
6/9/2026 4:00,Abbas El Akkad,"30.0631,31.3341",30.0631,31.3341,55,64,16,0.993974,FALSE,4,0,1,0,0,Free_Flow,1,1
6/9/2026 4:15,Galaa Square,"30.0398,31.2188",30.0398,31.2188,63,66,46,0.912888,FALSE,4,15,1,0,0,Free_Flow,5,1
6/9/2026 4:30,Salah Salem,"30.0645,31.282",30.0645,31.282,54,75,51,0.928653,FALSE,4,30,1,0,0,Free_Flow,14,1
6/9/2026 4:45,Autostrad - Sheraton,"30.1065,31.3711",30.1065,31.3711,35,68,21,0.904123,FALSE,4,45,1,0,0,Moderate,2,2
6/9/2026 5:00,Tahrir Square,"30.0444,31.2357",30.0444,31.2357,59,65,39,0.916506,FALSE,5,0,1,0,0,Free_Flow,16,1
6/9/2026 5:15,Corniche El Nil,"30.0263,31.2268",30.0263,31.2268,29,60,21,0.941666,FALSE,5,15,1,0,0,Moderate,3,2
6/9/2026 5:30,Mosheer Tantawy Axis,"30.0242,31.3486",30.0242,31.3486,44,63,20,0.864858,FALSE,5,30,1,0,0,Moderate,7,2
6/9/2026 5:45,Rod El Farag Axis,"30.0881,31.2185",30.0881,31.2185,54,60,31,0.890856,FALSE,5,45,1,0,0,Free_Flow,13,1
6/9/2026 6:00,Ring Road - Marg,"30.1554,31.3323",30.1554,31.3323,54,73,23,0.908927,FALSE,6,0,1,0,0,Free_Flow,11,1
6/9/2026 6:15,Ring Road - Moneeb,"29.9881,31.2227",29.9881,31.2227,45,71,10,0.894339,FALSE,6,15,1,0,0,Moderate,12,2
6/9/2026 6:30,Gamaat El Dowal St,"30.0543,31.2005",30.0543,31.2005,53,79,18,0.914145,FALSE,6,30,1,0,0,Free_Flow,6,1
6/9/2026 6:45,Faisal Street,"30.0051,31.1574",30.0051,31.1574,51,70,77,0.876909,FALSE,6,45,1,0,0,Free_Flow,4,1
6/9/2026 7:00,North 90th Street,"30.0308,31.4721",30.0308,31.4721,32,62,79,0.958375,FALSE,7,0,1,0,1,Moderate,8,2
6/9/2026 7:15,South 90th Street,"30.0195,31.4326",30.0195,31.4326,17,55,102,0.995389,FALSE,7,15,1,0,1,Congested,15,0
6/9/2026 7:30,Ring Road - Maadi,"29.9544,31.2858",29.9544,31.2858,12,79,61,0.968532,FALSE,7,30,1,0,1,Congested,10,0
6/9/2026 7:45,October Bridge,"30.0526,31.2372",30.0526,31.2372,35,56,94,0.856362,FALSE,7,45,1,0,1,Moderate,9,2
6/9/2026 8:00,26th July Corridor,"30.0381,31.0264",30.0381,31.0264,25,57,116,0.998894,FALSE,8,0,1,0,1,Moderate,0,2
6/9/2026 8:15,Abbas El Akkad,"30.0631,31.3341",30.0631,31.3341,25,71,55,0.943611,FALSE,8,15,1,0,1,Moderate,1,2
6/9/2026 8:30,Galaa Square,"30.0398,31.2188",30.0398,31.2188,18,69,118,0.965804,FALSE,8,30,1,0,1,Congested,5,0
6/9/2026 8:45,Salah Salem,"30.0645,31.282",30.0645,31.282,27,75,110,0.966963,FALSE,8,45,1,0,1,Moderate,14,2
6/9/2026 9:00,Autostrad - Sheraton,"30.1065,31.3711",30.1065,31.3711,19,77,119,0.995093,FALSE,9,0,1,0,1,Congested,2,0
6/9/2026 9:15,Tahrir Square,"30.0444,31.2357",30.0444,31.2357,15,59,68,0.932449,FALSE,9,15,1,0,1,Congested,16,0
6/9/2026 9:30,Corniche El Nil,"30.0263,31.2268",30.0263,31.2268,26,64,103,0.965762,FALSE,9,30,1,0,1,Moderate,3,2
6/9/2026 9:45,Mosheer Tantawy Axis,"30.0242,31.3486",30.0242,31.3486,27,60,75,0.93718,FALSE,9,45,1,0,1,Moderate,7,2
6/9/2026 10:00,Rod El Farag Axis,"30.0881,31.2185",30.0881,31.2185,28,80,83,0.906987,FALSE,10,0,1,0,0,Moderate,13,2
6/9/2026 10:15,Ring Road - Marg,"30.1554,31.3323",30.1554,31.3323,10,60,120,0.936704,FALSE,10,15,1,0,0,Congested,11,0
6/9/2026 10:30,Ring Road - Moneeb,"29.9881,31.2227",29.9881,31.2227,11,66,69,0.906442,FALSE,10,30,1,0,0,Congested,12,0
6/9/2026 10:45,Gamaat El Dowal St,"30.0543,31.2005",30.0543,31.2005,30,70,73,0.957867,FALSE,10,45,1,0,0,Moderate,6,2
6/9/2026 11:00,Faisal Street,"30.0051,31.1574",30.0051,31.1574,48,69,18,0.958141,FALSE,11,0,1,0,0,Moderate,4,2
6/9/2026 11:15,North 90th Street,"30.0308,31.4721",30.0308,31.4721,54,55,67,0.935516,FALSE,11,15,1,0,0,Free_Flow,8,1
6/9/2026 11:30,South 90th Street,"30.0195,31.4326",30.0195,31.4326,51,77,28,0.965093,FALSE,11,30,1,0,0,Free_Flow,15,1
6/9/2026 11:45,Ring Road - Maadi,"29.9544,31.2858",29.9544,31.2858,52,61,24,0.9597,FALSE,11,45,1,0,0,Free_Flow,10,1
6/9/2026 12:00,October Bridge,"30.0526,31.2372",30.0526,31.2372,33,64,33,0.959641,FALSE,12,0,1,0,0,Moderate,9,2
6/9/2026 12:15,26th July Corridor,"30.0381,31.0264",30.0381,31.0264,49,72,33,0.921649,FALSE,12,15,1,0,0,Moderate,0,2
6/9/2026 12:30,Abbas El Akkad,"30.0631,31.3341",30.0631,31.3341,65,73,76,0.994086,FALSE,12,30,1,0,0,Free_Flow,1,1
6/9/2026 12:45,Galaa Square,"30.0398,31.2188",30.0398,31.2188,45,64,33,0.882665,FALSE,12,45,1,0,0,Moderate,5,2
6/9/2026 13:00,Salah Salem,"30.0645,31.282",30.0645,31.282,36,75,11,0.984825,FALSE,13,0,1,0,0,Moderate,14,2
6/9/2026 13:15,Autostrad - Sheraton,"30.1065,31.3711",30.1065,31.3711,31,70,61,0.986256,FALSE,13,15,1,0,0,Moderate,2,2
6/9/2026 13:30,Tahrir Square,"30.0444,31.2357",30.0444,31.2357,56,60,25,0.859577,FALSE,13,30,1,0,0,Free_Flow,16,1
6/9/2026 13:45,Corniche El Nil,"30.0263,31.2268",30.0263,31.2268,42,72,35,0.986015,FALSE,13,45,1,0,0,Moderate,3,2
6/9/2026 14:00,Mosheer Tantawy Axis,"30.0242,31.3486",30.0242,31.3486,60,74,79,0.962665,FALSE,14,0,1,0,0,Free_Flow,7,1
6/9/2026 14:15,Rod El Farag Axis,"30.0881,31.2185",30.0881,31.2185,30,55,61,0.922866,FALSE,14,15,1,0,0,Moderate,13,2
6/9/2026 14:30,Ring Road - Marg,"30.1554,31.3323",30.1554,31.3323,25,68,50,0.934206,FALSE,14,30,1,0,0,Moderate,11,2
6/9/2026 14:45,Ring Road - Moneeb,"29.9881,31.2227",29.9881,31.2227,63,64,63,0.922054,FALSE,14,45,1,0,0,Free_Flow,12,1
6/9/2026 15:00,Gamaat El Dowal St,"30.0543,31.2005",30.0543,31.2005,50,80,67,0.915472,FALSE,15,0,1,0,0,Free_Flow,6,1
6/9/2026 15:15,Faisal Street,"30.0051,31.1574",30.0051,31.1574,61,61,74,0.929231,FALSE,15,15,1,0,0,Free_Flow,4,1
6/9/2026 15:30,North 90th Street,"30.0308,31.4721",30.0308,31.4721,25,70,62,0.901839,FALSE,15,30,1,0,0,Moderate,8,2
6/9/2026 15:45,South 90th Street,"30.0195,31.4326",30.0195,31.4326,56,58,12,0.949062,FALSE,15,45,1,0,0,Free_Flow,15,1
6/9/2026 16:00,Ring Road - Maadi,"29.9544,31.2858",29.9544,31.2858,19,76,51,0.988397,FALSE,16,0,1,0,1,Congested,10,0
6/9/2026 16:15,October Bridge,"30.0526,31.2372",30.0526,31.2372,16,67,57,0.981367,FALSE,16,15,1,0,1,Congested,9,0
6/9/2026 16:30,26th July Corridor,"30.0381,31.0264",30.0381,31.0264,29,56,45,0.993995,FALSE,16,30,1,0,1,Moderate,0,2
6/9/2026 16:45,Abbas El Akkad,"30.0631,31.3341",30.0631,31.3341,34,62,65,0.89176,FALSE,16,45,1,0,1,Moderate,1,2
6/9/2026 17:00,Galaa Square,"30.0398,31.2188",30.0398,31.2188,31,62,44,0.905183,FALSE,17,0,1,0,1,Moderate,5,2
6/9/2026 17:15,Salah Salem,"30.0645,31.282",30.0645,31.282,29,65,69,0.857714,FALSE,17,15,1,0,1,Moderate,14,2
6/9/2026 17:30,Autostrad - Sheraton,"30.1065,31.3711",30.1065,31.3711,33,58,76,0.876824,FALSE,17,30,1,0,1,Moderate,2,2
6/9/2026 17:45,Tahrir Square,"30.0444,31.2357",30.0444,31.2357,30,75,69,0.971927,FALSE,17,45,1,0,1,Moderate,16,2
6/9/2026 18:00,Corniche El Nil,"30.0263,31.2268",30.0263,31.2268,10,55,109,0.921735,FALSE,18,0,1,0,1,Congested,3,0
6/9/2026 18:15,Mosheer Tantawy Axis,"30.0242,31.3486",30.0242,31.3486,14,73,94,0.91211,FALSE,18,15,1,0,1,Congested,7,0
6/9/2026 18:30,Rod El Farag Axis,"30.0881,31.2185",30.0881,31.2185,15,79,89,0.999176,FALSE,18,30,1,0,1,Congested,13,0
6/9/2026 18:45,Ring Road - Marg,"30.1554,31.3323",30.1554,31.3323,28,58,77,0.894202,FALSE,18,45,1,0,1,Moderate,11,2
6/9/2026 19:00,Ring Road - Moneeb,"29.9881,31.2227",29.9881,31.2227,11,70,41,0.861201,FALSE,19,0,1,0,1,Congested,12,0
6/9/2026 19:15,Gamaat El Dowal St,"30.0543,31.2005",30.0543,31.2005,20,70,89,0.861662,FALSE,19,15,1,0,1,Moderate,6,2
6/9/2026 19:30,Faisal Street,"30.0051,31.1574",30.0051,31.1574,21,66,100,0.937061,FALSE,19,30,1,0,1,Moderate,4,2
6/9/2026 19:45,North 90th Street,"30.0308,31.4721",30.0308,31.4721,30,69,50,0.995781,FALSE,19,45,1,0,1,Moderate,8,2
6/9/2026 20:00,South 90th Street,"30.0195,31.4326",30.0195,31.4326,34,59,119,0.930938,FALSE,20,0,1,0,0,Moderate,15,2
6/9/2026 20:15,Ring Road - Maadi,"29.9544,31.2858",29.9544,31.2858,24,68,114,0.888958,FALSE,20,15,1,0,0,Moderate,10,2
6/9/2026 20:30,October Bridge,"30.0526,31.2372",30.0526,31.2372,15,57,103,0.868976,FALSE,20,30,1,0,0,Congested,9,0
6/9/2026 20:45,26th July Corridor,"30.0381,31.0264",30.0381,31.0264,26,66,82,0.962004,FALSE,20,45,1,0,0,Moderate,0,2
6/9/2026 21:00,Abbas El Akkad,"30.0631,31.3341",30.0631,31.3341,56,60,77,0.907931,FALSE,21,0,1,0,0,Free_Flow,1,1
6/9/2026 21:15,Galaa Square,"30.0398,31.2188",30.0398,31.2188,35,71,74,0.979972,FALSE,21,15,1,0,0,Moderate,5,2
6/9/2026 21:30,Salah Salem,"30.0645,31.282",30.0645,31.282,49,75,11,0.99979,FALSE,21,30,1,0,0,Moderate,14,2
6/9/2026 21:45,Autostrad - Sheraton,"30.1065,31.3711",30.1065,31.3711,56,57,21,0.926853,FALSE,21,45,1,0,0,Free_Flow,2,1
6/9/2026 22:00,Tahrir Square,"30.0444,31.2357",30.0444,31.2357,52,71,75,0.996425,FALSE,22,0,1,0,0,Free_Flow,16,1
6/9/2026 22:15,Corniche El Nil,"30.0263,31.2268",30.0263,31.2268,28,66,22,0.995509,FALSE,22,15,1,0,0,Moderate,3,2
6/9/2026 22:30,Mosheer Tantawy Axis,"30.0242,31.3486",30.0242,31.3486,30,75,44,0.896523,FALSE,22,30,1,0,0,Moderate,7,2
6/9/2026 22:45,Rod El Farag Axis,"30.0881,31.2185",30.0881,31.2185,65,72,41,0.850653,FALSE,22,45,1,0,0,Free_Flow,13,1
6/9/2026 23:00,Ring Road - Marg,"30.1554,31.3323",30.1554,31.3323,34,68,52,0.874008,FALSE,23,0,1,0,0,Moderate,11,2
6/9/2026 23:15,Ring Road - Moneeb,"29.9881,31.2227",29.9881,31.2227,46,78,56,0.909464,FALSE,23,15,1,0,0,Moderate,12,2
6/9/2026 23:30,Gamaat El Dowal St,"30.0543,31.2005",30.0543,31.2005,48,71,32,0.88202,FALSE,23,30,1,0,0,Moderate,6,2
6/9/2026 23:45,Faisal Street,"30.0051,31.1574",30.0051,31.1574,26,65,74,0.969113,FALSE,23,45,1,0,0,Moderate,4,2
6/10/2026 0:00,North 90th Street,"30.0308,31.4721",30.0308,31.4721,46,72,67,0.91679,FALSE,0,0,2,0,0,Moderate,8,2
6/10/2026 0:15,South 90th Street,"30.0195,31.4326",30.0195,31.4326,58,65,76,0.991945,FALSE,0,15,2,0,0,Free_Flow,15,1
6/10/2026 0:30,Ring Road - Maadi,"29.9544,31.2858",29.9544,31.2858,56,61,78,0.935456,FALSE,0,30,2,0,0,Free_Flow,10,1
6/10/2026 0:45,October Bridge,"30.0526,31.2372",30.0526,31.2372,65,67,60,0.979046,FALSE,0,45,2,0,0,Free_Flow,9,1
6/10/2026 1:00,26th July Corridor,"30.0381,31.0264",30.0381,31.0264,62,62,22,0.977558,FALSE,1,0,2,0,0,Free_Flow,0,1
6/10/2026 1:15,Abbas El Akkad,"30.0631,31.3341",30.0631,31.3341,63,64,36,0.970746,FALSE,1,15,2,0,0,Free_Flow,1,1
6/10/2026 1:30,Galaa Square,"30.0398,31.2188",30.0398,31.2188,38,74,14,0.948276,FALSE,1,30,2,0,0,Moderate,5,2
6/10/2026 1:45,Salah Salem,"30.0645,31.282",30.0645,31.282,56,78,30,0.868485,FALSE,1,45,2,0,0,Free_Flow,14,1
6/10/2026 2:00,Autostrad - Sheraton,"30.1065,31.3711",30.1065,31.3711,53,67,56,0.867265,FALSE,2,0,2,0,0,Free_Flow,2,1
6/10/2026 2:15,Tahrir Square,"30.0444,31.2357",30.0444,31.2357,42,70,41,0.938608,FALSE,2,15,2,0,0,Moderate,16,2
6/10/2026 2:30,Corniche El Nil,"30.0263,31.2268",30.0263,31.2268,53,69,58,0.934525,FALSE,2,30,2,0,0,Free_Flow,3,1
6/10/2026 2:45,Mosheer Tantawy Axis,"30.0242,31.3486",30.0242,31.3486,50,67,65,0.923353,FALSE,2,45,2,0,0,Free_Flow,7,1
6/10/2026 3:00,Rod El Farag Axis,"30.0881,31.2185",30.0881,31.2185,31,70,44,0.982481,FALSE,3,0,2,0,0,Moderate,13,2
6/10/2026 3:15,Ring Road - Marg,"30.1554,31.3323",30.1554,31.3323,48,77,70,0.925444,FALSE,3,15,2,0,0,Moderate,11,2
6/10/2026 3:30,Ring Road - Moneeb,"29.9881,31.2227",29.9881,31.2227,33,71,54,0.909265,FALSE,3,30,2,0,0,Moderate,12,2
6/10/2026 3:45,Gamaat El Dowal St,"30.0543,31.2005",30.0543,31.2005,47,72,57,0.873028,FALSE,3,45,2,0,0,Moderate,6,2
6/10/2026 4:00,Faisal Street,"30.0051,31.1574",30.0051,31.1574,37,58,55,0.971467,FALSE,4,0,2,0,0,Moderate,4,2
6/10/2026 4:15,North 90th Street,"30.0308,31.4721",30.0308,31.4721,33,61,20,0.947406,FALSE,4,15,2,0,0,Moderate,8,2
6/10/2026 4:30,South 90th Street,"30.0195,31.4326",30.0195,31.4326,49,79,50,0.968874,FALSE,4,30,2,0,0,Moderate,15,2
6/10/2026 4:45,Ring Road - Maadi,"29.9544,31.2858",29.9544,31.2858,52,63,61,0.950036,FALSE,4,45,2,0,0,Free_Flow,10,1
6/10/2026 5:00,October Bridge,"30.0526,31.2372",30.0526,31.2372,39,78,31,0.996617,FALSE,5,0,2,0,0,Moderate,9,2
6/10/2026 5:15,26th July Corridor,"30.0381,31.0264",30.0381,31.0264,41,70,25,0.889365,FALSE,5,15,2,0,0,Moderate,0,2
6/10/2026 5:30,Abbas El Akkad,"30.0631,31.3341",30.0631,31.3341,40,64,41,0.951838,FALSE,5,30,2,0,0,Moderate,1,2
6/10/2026 5:45,Galaa Square,"30.0398,31.2188",30.0398,31.2188,26,78,52,0.850389,FALSE,5,45,2,0,0,Moderate,5,2
6/10/2026 6:00,Salah Salem,"30.0645,31.282",30.0645,31.282,36,79,34,0.969407,FALSE,6,0,2,0,0,Moderate,14,2
6/10/2026 6:15,Autostrad - Sheraton,"30.1065,31.3711",30.1065,31.3711,58,72,69,0.92499,FALSE,6,15,2,0,0,Free_Flow,2,1
6/10/2026 6:30,Tahrir Square,"30.0444,31.2357",30.0444,31.2357,39,55,73,0.969787,FALSE,6,30,2,0,0,Moderate,16,2
6/10/2026 6:45,Corniche El Nil,"30.0263,31.2268",30.0263,31.2268,28,80,31,0.882982,FALSE,6,45,2,0,0,Moderate,3,2
6/10/2026 7:00,Mosheer Tantawy Axis,"30.0242,31.3486",30.0242,31.3486,15,76,45,0.903821,FALSE,7,0,2,0,1,Congested,7,0
6/10/2026 7:15,Rod El Farag Axis,"30.0881,31.2185",30.0881,31.2185,27,70,63,0.939553,FALSE,7,15,2,0,1,Moderate,13,2
6/10/2026 7:30,Ring Road - Marg,"30.1554,31.3323",30.1554,31.3323,17,67,95,0.948905,FALSE,7,30,2,0,1,Congested,11,0
6/10/2026 7:45,Ring Road - Moneeb,"29.9881,31.2227",29.9881,31.2227,20,68,93,0.996629,FALSE,7,45,2,0,1,Moderate,12,2
6/10/2026 8:00,Gamaat El Dowal St,"30.0543,31.2005",30.0543,31.2005,25,72,67,0.8572,FALSE,8,0,2,0,1,Moderate,6,2
6/10/2026 8:15,Faisal Street,"30.0051,31.1574",30.0051,31.1574,32,79,89,0.98215,FALSE,8,15,2,0,1,Moderate,4,2
6/10/2026 8:30,North 90th Street,"30.0308,31.4721",30.0308,31.4721,33,64,100,0.862269,FALSE,8,30,2,0,1,Moderate,8,2
6/10/2026 8:45,South 90th Street,"30.0195,31.4326",30.0195,31.4326,21,79,63,0.910473,FALSE,8,45,2,0,1,Moderate,15,2
6/10/2026 9:00,Ring Road - Maadi,"29.9544,31.2858",29.9544,31.2858,33,65,66,0.876966,FALSE,9,0,2,0,1,Moderate,10,2
6/10/2026 9:15,October Bridge,"30.0526,31.2372",30.0526,31.2372,34,66,103,0.990243,FALSE,9,15,2,0,1,Moderate,9,2
6/10/2026 9:30,26th July Corridor,"30.0381,31.0264",30.0381,31.0264,29,70,76,0.91501,FALSE,9,30,2,0,1,Moderate,0,2
6/10/2026 9:45,Abbas El Akkad,"30.0631,31.3341",30.0631,31.3341,30,55,77,0.953271,FALSE,9,45,2,0,1,Moderate,1,2
6/10/2026 10:00,Galaa Square,"30.0398,31.2188",30.0398,31.2188,17,80,100,0.941528,FALSE,10,0,2,0,0,Congested,5,0
6/10/2026 10:15,Salah Salem,"30.0645,31.282",30.0645,31.282,22,69,101,0.944229,FALSE,10,15,2,0,0,Moderate,14,2
6/10/2026 10:30,Autostrad - Sheraton,"30.1065,31.3711",30.1065,31.3711,17,66,79,0.970378,FALSE,10,30,2,0,0,Congested,2,0
6/10/2026 10:45,Tahrir Square,"30.0444,31.2357",30.0444,31.2357,24,80,45,0.864539,FALSE,10,45,2,0,0,Moderate,16,2
6/10/2026 11:00,Corniche El Nil,"30.0263,31.2268",30.0263,31.2268,59,65,53,0.9737,FALSE,11,0,2,0,0,Free_Flow,3,1
6/10/2026 11:15,Mosheer Tantawy Axis,"30.0242,31.3486",30.0242,31.3486,45,69,32,0.902705,FALSE,11,15,2,0,0,Moderate,7,2
6/10/2026 11:30,Rod El Farag Axis,"30.0881,31.2185",30.0881,31.2185,31,65,19,0.876407,FALSE,11,30,2,0,0,Moderate,13,2
6/10/2026 11:45,Ring Road - Marg,"30.1554,31.3323",30.1554,31.3323,28,69,69,0.892617,FALSE,11,45,2,0,0,Moderate,11,2
6/10/2026 12:00,Ring Road - Moneeb,"29.9881,31.2227",29.9881,31.2227,37,57,73,0.911983,FALSE,12,0,2,0,0,Moderate,12,2
6/10/2026 12:15,Gamaat El Dowal St,"30.0543,31.2005",30.0543,31.2005,53,64,38,0.888922,FALSE,12,15,2,0,0,Free_Flow,6,1
6/10/2026 12:30,Faisal Street,"30.0051,31.1574",30.0051,31.1574,40,73,80,0.876392,FALSE,12,30,2,0,0,Moderate,4,2
6/10/2026 12:45,North 90th Street,"30.0308,31.4721",30.0308,31.4721,47,56,16,0.945659,FALSE,12,45,2,0,0,Moderate,8,2
6/10/2026 13:00,South 90th Street,"30.0195,31.4326",30.0195,31.4326,38,65,35,0.960933,FALSE,13,0,2,0,0,Moderate,15,2
6/10/2026 13:15,Ring Road - Maadi,"29.9544,31.2858",29.9544,31.2858,35,79,69,0.875117,FALSE,13,15,2,0,0,Moderate,10,2
6/10/2026 13:30,October Bridge,"30.0526,31.2372",30.0526,31.2372,61,63,46,0.931129,FALSE,13,30,2,0,0,Free_Flow,9,1
6/10/2026 13:45,26th July Corridor,"30.0381,31.0264",30.0381,31.0264,51,67,49,0.858315,FALSE,13,45,2,0,0,Free_Flow,0,1
6/10/2026 14:00,Abbas El Akkad,"30.0631,31.3341",30.0631,31.3341,32,73,63,0.922222,FALSE,14,0,2,0,0,Moderate,1,2
6/10/2026 14:15,Galaa Square,"30.0398,31.2188",30.0398,31.2188,25,76,53,0.950475,FALSE,14,15,2,0,0,Moderate,5,2
6/10/2026 14:30,Salah Salem,"30.0645,31.282",30.0645,31.282,62,63,55,0.992469,FALSE,14,30,2,0,0,Free_Flow,14,1
6/10/2026 14:45,Autostrad - Sheraton,"30.1065,31.3711",30.1065,31.3711,25,57,73,0.880107,FALSE,14,45,2,0,0,Moderate,2,2
6/10/2026 15:00,Tahrir Square,"30.0444,31.2357",30.0444,31.2357,62,62,37,0.933179,FALSE,15,0,2,0,0,Free_Flow,16,1
6/10/2026 15:15,Corniche El Nil,"30.0263,31.2268",30.0263,31.2268,28,56,63,0.881219,FALSE,15,15,2,0,0,Moderate,3,2
6/10/2026 15:30,Mosheer Tantawy Axis,"30.0242,31.3486",30.0242,31.3486,42,68,63,0.959318,FALSE,15,30,2,0,0,Moderate,7,2
6/10/2026 15:45,Rod El Farag Axis,"30.0881,31.2185",30.0881,31.2185,54,67,73,0.999849,FALSE,15,45,2,0,0,Free_Flow,13,1
6/10/2026 16:00,Ring Road - Marg,"30.1554,31.3323",30.1554,31.3323,15,62,83,0.975549,FALSE,16,0,2,0,1,Congested,11,0
6/10/2026 16:15,Ring Road - Moneeb,"29.9881,31.2227",29.9881,31.2227,32,61,61,0.883065,FALSE,16,15,2,0,1,Moderate,12,2
6/10/2026 16:30,Gamaat El Dowal St,"30.0543,31.2005",30.0543,31.2005,12,58,54,0.905735,FALSE,16,30,2,0,1,Congested,6,0
6/10/2026 16:45,Faisal Street,"30.0051,31.1574",30.0051,31.1574,15,71,103,0.979289,FALSE,16,45,2,0,1,Congested,4,0
6/10/2026 17:00,North 90th Street,"30.0308,31.4721",30.0308,31.4721,23,69,112,0.979243,FALSE,17,0,2,0,1,Moderate,8,2
6/10/2026 17:15,South 90th Street,"30.0195,31.4326",30.0195,31.4326,31,79,50,0.950281,FALSE,17,15,2,0,1,Moderate,15,2
6/10/2026 17:30,Ring Road - Maadi,"29.9544,31.2858",29.9544,31.2858,34,77,43,0.956734,FALSE,17,30,2,0,1,Moderate,10,2
6/10/2026 17:45,October Bridge,"30.0526,31.2372",30.0526,31.2372,34,60,115,0.862675,FALSE,17,45,2,0,1,Moderate,9,2
6/10/2026 18:00,26th July Corridor,"30.0381,31.0264",30.0381,31.0264,18,59,120,0.969618,FALSE,18,0,2,0,1,Congested,0,0
6/10/2026 18:15,Abbas El Akkad,"30.0631,31.3341",30.0631,31.3341,17,68,58,0.954522,FALSE,18,15,2,0,1,Congested,1,0
6/10/2026 18:30,Galaa Square,"30.0398,31.2188",30.0398,31.2188,16,67,40,0.89749,FALSE,18,30,2,0,1,Congested,5,0
6/10/2026 18:45,Salah Salem,"30.0645,31.282",30.0645,31.282,25,79,57,0.982861,FALSE,18,45,2,0,1,Moderate,14,2
6/10/2026 19:00,Autostrad - Sheraton,"30.1065,31.3711",30.1065,31.3711,23,67,40,0.976676,FALSE,19,0,2,0,1,Moderate,2,2
6/10/2026 19:15,Tahrir Square,"30.0444,31.2357",30.0444,31.2357,25,70,100,0.941247,FALSE,19,15,2,0,1,Moderate,16,2
6/10/2026 19:30,Corniche El Nil,"30.0263,31.2268",30.0263,31.2268,35,70,95,0.994777,FALSE,19,30,2,0,1,Moderate,3,2
6/10/2026 19:45,Mosheer Tantawy Axis,"30.0242,31.3486",30.0242,31.3486,18,55,52,0.97977,FALSE,19,45,2,0,1,Congested,7,0
6/10/2026 20:00,Rod El Farag Axis,"30.0881,31.2185",30.0881,31.2185,15,55,44,0.865218,FALSE,20,0,2,0,0,Congested,13,0
6/10/2026 20:15,Ring Road - Marg,"30.1554,31.3323",30.1554,31.3323,19,71,48,0.888249,FALSE,20,15,2,0,0,Congested,11,0
6/10/2026 20:30,Ring Road - Moneeb,"29.9881,31.2227",29.9881,31.2227,12,78,53,0.87847,FALSE,20,30,2,0,0,Congested,12,0
6/10/2026 20:45,Gamaat El Dowal St,"30.0543,31.2005",30.0543,31.2005,24,62,74,0.974471,FALSE,20,45,2,0,0,Moderate,6,2
6/10/2026 21:00,Faisal Street,"30.0051,31.1574",30.0051,31.1574,65,68,32,0.859244,FALSE,21,0,2,0,0,Free_Flow,4,1
6/10/2026 21:15,North 90th Street,"30.0308,31.4721",30.0308,31.4721,50,72,80,0.865211,FALSE,21,15,2,0,0,Free_Flow,8,1
6/10/2026 21:30,South 90th Street,"30.0195,31.4326",30.0195,31.4326,38,77,51,0.987252,FALSE,21,30,2,0,0,Moderate,15,2
6/10/2026 21:45,Ring Road - Maadi,"29.9544,31.2858",29.9544,31.2858,45,57,42,0.965533,FALSE,21,45,2,0,0,Moderate,10,2
6/10/2026 22:00,October Bridge,"30.0526,31.2372",30.0526,31.2372,39,59,74,0.884107,FALSE,22,0,2,0,0,Moderate,9,2
6/10/2026 22:15,26th July Corridor,"30.0381,31.0264",30.0381,31.0264,28,78,78,0.918981,FALSE,22,15,2,0,0,Moderate,0,2
6/10/2026 22:30,Abbas El Akkad,"30.0631,31.3341",30.0631,31.3341,59,72,43,0.87743,FALSE,22,30,2,0,0,Free_Flow,1,1
6/10/2026 22:45,Galaa Square,"30.0398,31.2188",30.0398,31.2188,25,69,36,0.939089,FALSE,22,45,2,0,0,Moderate,5,2
6/10/2026 23:00,Salah Salem,"30.0645,31.282",30.0645,31.282,53,76,38,0.946359,FALSE,23,0,2,0,0,Free_Flow,14,1
6/10/2026 23:15,Autostrad - Sheraton,"30.1065,31.3711",30.1065,31.3711,61,75,67,0.971206,FALSE,23,15,2,0,0,Free_Flow,2,1
6/10/2026 23:30,Tahrir Square,"30.0444,31.2357",30.0444,31.2357,39,79,27,0.991285,FALSE,23,30,2,0,0,Moderate,16,2
6/10/2026 23:45,Corniche El Nil,"30.0263,31.2268",30.0263,31.2268,27,68,13,0.99891,FALSE,23,45,2,0,0,Moderate,3,2
6/11/2026 0:00,Mosheer Tantawy Axis,"30.0242,31.3486",30.0242,31.3486,26,58,18,0.984476,FALSE,0,0,3,0,0,Moderate,7,2
6/11/2026 0:15,Rod El Farag Axis,"30.0881,31.2185",30.0881,31.2185,63,63,75,0.907247,FALSE,0,15,3,0,0,Free_Flow,13,1
6/11/2026 0:30,Ring Road - Marg,"30.1554,31.3323",30.1554,31.3323,60,67,40,0.976617,FALSE,0,30,3,0,0,Free_Flow,11,1
6/11/2026 0:45,Ring Road - Moneeb,"29.9881,31.2227",29.9881,31.2227,27,58,76,0.865834,FALSE,0,45,3,0,0,Moderate,12,2
6/11/2026 1:00,Gamaat El Dowal St,"30.0543,31.2005",30.0543,31.2005,43,70,33,0.963079,FALSE,1,0,3,0,0,Moderate,6,2
6/11/2026 1:15,Faisal Street,"30.0051,31.1574",30.0051,31.1574,63,63,72,0.988744,FALSE,1,15,3,0,0,Free_Flow,4,1
6/11/2026 1:30,North 90th Street,"30.0308,31.4721",30.0308,31.4721,61,61,25,0.92628,FALSE,1,30,3,0,0,Free_Flow,8,1
6/11/2026 1:45,South 90th Street,"30.0195,31.4326",30.0195,31.4326,35,55,59,0.916686,FALSE,1,45,3,0,0,Moderate,15,2
6/11/2026 2:00,Ring Road - Maadi,"29.9544,31.2858",29.9544,31.2858,35,61,46,0.973249,FALSE,2,0,3,0,0,Moderate,10,2
6/11/2026 2:15,October Bridge,"30.0526,31.2372",30.0526,31.2372,32,79,74,0.940823,FALSE,2,15,3,0,0,Moderate,9,2
6/11/2026 2:30,26th July Corridor,"30.0381,31.0264",30.0381,31.0264,64,80,20,0.977427,FALSE,2,30,3,0,0,Free_Flow,0,1
6/11/2026 2:45,Abbas El Akkad,"30.0631,31.3341",30.0631,31.3341,41,71,39,0.875856,FALSE,2,45,3,0,0,Moderate,1,2
6/11/2026 3:00,Galaa Square,"30.0398,31.2188",30.0398,31.2188,64,72,48,0.887709,FALSE,3,0,3,0,0,Free_Flow,5,1
6/11/2026 3:15,Salah Salem,"30.0645,31.282",30.0645,31.282,61,65,79,0.939071,FALSE,3,15,3,0,0,Free_Flow,14,1
6/11/2026 3:30,Autostrad - Sheraton,"30.1065,31.3711",30.1065,31.3711,30,76,64,0.943465,FALSE,3,30,3,0,0,Moderate,2,2
6/11/2026 3:45,Tahrir Square,"30.0444,31.2357",30.0444,31.2357,51,76,19,0.963665,FALSE,3,45,3,0,0,Free_Flow,16,1
6/11/2026 4:00,Corniche El Nil,"30.0263,31.2268",30.0263,31.2268,59,78,25,0.910545,FALSE,4,0,3,0,0,Free_Flow,3,1
6/11/2026 4:15,Mosheer Tantawy Axis,"30.0242,31.3486",30.0242,31.3486,29,78,58,0.978859,FALSE,4,15,3,0,0,Moderate,7,2
6/11/2026 4:30,Rod El Farag Axis,"30.0881,31.2185",30.0881,31.2185,42,79,43,0.854236,FALSE,4,30,3,0,0,Moderate,13,2
6/11/2026 4:45,Ring Road - Marg,"30.1554,31.3323",30.1554,31.3323,51,73,43,0.954344,FALSE,4,45,3,0,0,Free_Flow,11,1
6/11/2026 5:00,Ring Road - Moneeb,"29.9881,31.2227",29.9881,31.2227,55,65,37,0.928211,FALSE,5,0,3,0,0,Free_Flow,12,1
6/11/2026 5:15,Gamaat El Dowal St,"30.0543,31.2005",30.0543,31.2005,29,69,46,0.948263,FALSE,5,15,3,0,0,Moderate,6,2
6/11/2026 5:30,Faisal Street,"30.0051,31.1574",30.0051,31.1574,51,61,44,0.997405,FALSE,5,30,3,0,0,Free_Flow,4,1
6/11/2026 5:45,North 90th Street,"30.0308,31.4721",30.0308,31.4721,30,59,37,0.927623,FALSE,5,45,3,0,0,Moderate,8,2
6/11/2026 6:00,South 90th Street,"30.0195,31.4326",30.0195,31.4326,51,62,59,0.910093,FALSE,6,0,3,0,0,Free_Flow,15,1
6/11/2026 6:15,Ring Road - Maadi,"29.9544,31.2858",29.9544,31.2858,64,80,16,0.930419,FALSE,6,15,3,0,0,Free_Flow,10,1
6/11/2026 6:30,October Bridge,"30.0526,31.2372",30.0526,31.2372,53,55,52,0.974184,FALSE,6,30,3,0,0,Free_Flow,9,1
6/11/2026 6:45,26th July Corridor,"30.0381,31.0264",30.0381,31.0264,46,58,73,0.961754,FALSE,6,45,3,0,0,Moderate,0,2
6/11/2026 7:00,Abbas El Akkad,"30.0631,31.3341",30.0631,31.3341,11,59,111,0.86413,FALSE,7,0,3,0,1,Congested,1,0
6/11/2026 7:15,Galaa Square,"30.0398,31.2188",30.0398,31.2188,20,74,96,0.998732,FALSE,7,15,3,0,1,Moderate,5,2
6/11/2026 7:30,Salah Salem,"30.0645,31.282",30.0645,31.282,20,72,65,0.944263,FALSE,7,30,3,0,1,Moderate,14,2
6/11/2026 7:45,Autostrad - Sheraton,"30.1065,31.3711",30.1065,31.3711,28,74,118,0.898262,FALSE,7,45,3,0,1,Moderate,2,2
6/11/2026 8:00,Tahrir Square,"30.0444,31.2357",30.0444,31.2357,13,61,45,0.993892,FALSE,8,0,3,0,1,Congested,16,0
6/11/2026 8:15,Corniche El Nil,"30.0263,31.2268",30.0263,31.2268,16,74,79,0.969982,FALSE,8,15,3,0,1,Congested,3,0
6/11/2026 8:30,Mosheer Tantawy Axis,"30.0242,31.3486",30.0242,31.3486,23,80,72,0.982884,FALSE,8,30,3,0,1,Moderate,7,2
6/11/2026 8:45,Rod El Farag Axis,"30.0881,31.2185",30.0881,31.2185,12,77,57,0.859391,FALSE,8,45,3,0,1,Congested,13,0
6/11/2026 9:00,Ring Road - Marg,"30.1554,31.3323",30.1554,31.3323,29,59,86,0.974096,FALSE,9,0,3,0,1,Moderate,11,2
6/11/2026 9:15,Ring Road - Moneeb,"29.9881,31.2227",29.9881,31.2227,34,72,56,0.956402,FALSE,9,15,3,0,1,Moderate,12,2
6/11/2026 9:30,Gamaat El Dowal St,"30.0543,31.2005",30.0543,31.2005,28,79,100,0.885279,FALSE,9,30,3,0,1,Moderate,6,2
6/11/2026 9:45,Faisal Street,"30.0051,31.1574",30.0051,31.1574,32,68,67,0.933667,FALSE,9,45,3,0,1,Moderate,4,2
6/11/2026 10:00,North 90th Street,"30.0308,31.4721",30.0308,31.4721,33,75,93,0.965959,FALSE,10,0,3,0,0,Moderate,8,2
6/11/2026 10:15,South 90th Street,"30.0195,31.4326",30.0195,31.4326,12,67,97,0.901476,FALSE,10,15,3,0,0,Congested,15,0
6/11/2026 10:30,Ring Road - Maadi,"29.9544,31.2858",29.9544,31.2858,12,75,106,0.921227,FALSE,10,30,3,0,0,Congested,10,0
6/11/2026 10:45,October Bridge,"30.0526,31.2372",30.0526,31.2372,10,61,58,0.928399,FALSE,10,45,3,0,0,Congested,9,0
6/11/2026 11:00,26th July Corridor,"30.0381,31.0264",30.0381,31.0264,38,68,36,0.856099,FALSE,11,0,3,0,0,Moderate,0,2
6/11/2026 11:15,Abbas El Akkad,"30.0631,31.3341",30.0631,31.3341,26,58,63,0.850042,FALSE,11,15,3,0,0,Moderate,1,2
6/11/2026 11:30,Galaa Square,"30.0398,31.2188",30.0398,31.2188,42,78,61,0.975478,FALSE,11,30,3,0,0,Moderate,5,2
6/11/2026 11:45,Salah Salem,"30.0645,31.282",30.0645,31.282,58,72,13,0.858187,FALSE,11,45,3,0,0,Free_Flow,14,1
6/11/2026 12:00,Autostrad - Sheraton,"30.1065,31.3711",30.1065,31.3711,27,76,68,0.949555,FALSE,12,0,3,0,0,Moderate,2,2
6/11/2026 12:15,Tahrir Square,"30.0444,31.2357",30.0444,31.2357,44,71,19,0.93263,FALSE,12,15,3,0,0,Moderate,16,2
6/11/2026 12:30,Corniche El Nil,"30.0263,31.2268",30.0263,31.2268,65,65,43,0.8542,FALSE,12,30,3,0,0,Free_Flow,3,1
6/11/2026 12:45,Mosheer Tantawy Axis,"30.0242,31.3486",30.0242,31.3486,57,78,67,0.978483,FALSE,12,45,3,0,0,Free_Flow,7,1
6/11/2026 13:00,Rod El Farag Axis,"30.0881,31.2185",30.0881,31.2185,65,65,31,0.861676,FALSE,13,0,3,0,0,Free_Flow,13,1
6/11/2026 13:15,Ring Road - Marg,"30.1554,31.3323",30.1554,31.3323,45,64,44,0.982726,FALSE,13,15,3,0,0,Moderate,11,2
6/11/2026 13:30,Ring Road - Moneeb,"29.9881,31.2227",29.9881,31.2227,33,79,39,0.975413,FALSE,13,30,3,0,0,Moderate,12,2
6/11/2026 13:45,Gamaat El Dowal St,"30.0543,31.2005",30.0543,31.2005,64,73,43,0.980977,FALSE,13,45,3,0,0,Free_Flow,6,1
6/11/2026 14:00,Faisal Street,"30.0051,31.1574",30.0051,31.1574,32,72,21,0.867427,FALSE,14,0,3,0,0,Moderate,4,2
6/11/2026 14:15,North 90th Street,"30.0308,31.4721",30.0308,31.4721,34,59,16,0.946844,FALSE,14,15,3,0,0,Moderate,8,2
6/11/2026 14:30,South 90th Street,"30.0195,31.4326",30.0195,31.4326,41,77,58,0.921181,FALSE,14,30,3,0,0,Moderate,15,2
6/11/2026 14:45,Ring Road - Maadi,"29.9544,31.2858",29.9544,31.2858,33,57,76,0.870262,FALSE,14,45,3,0,0,Moderate,10,2
6/11/2026 15:00,October Bridge,"30.0526,31.2372",30.0526,31.2372,58,76,35,0.863509,FALSE,15,0,3,0,0,Free_Flow,9,1
6/11/2026 15:15,26th July Corridor,"30.0381,31.0264",30.0381,31.0264,61,62,73,0.923177,FALSE,15,15,3,0,0,Free_Flow,0,1
6/11/2026 15:30,Abbas El Akkad,"30.0631,31.3341",30.0631,31.3341,64,64,34,0.943426,FALSE,15,30,3,0,0,Free_Flow,1,1
6/11/2026 15:45,Galaa Square,"30.0398,31.2188",30.0398,31.2188,41,59,57,0.990635,FALSE,15,45,3,0,0,Moderate,5,2
6/11/2026 16:00,Salah Salem,"30.0645,31.282",30.0645,31.282,34,65,70,0.966762,FALSE,16,0,3,0,1,Moderate,14,2
6/11/2026 16:15,Autostrad - Sheraton,"30.1065,31.3711",30.1065,31.3711,10,80,58,0.866873,FALSE,16,15,3,0,1,Congested,2,0
6/11/2026 16:30,Tahrir Square,"30.0444,31.2357",30.0444,31.2357,24,55,75,0.851439,FALSE,16,30,3,0,1,Moderate,16,2
6/11/2026 16:45,Corniche El Nil,"30.0263,31.2268",30.0263,31.2268,31,57,113,0.901007,FALSE,16,45,3,0,1,Moderate,3,2
6/11/2026 17:00,Mosheer Tantawy Axis,"30.0242,31.3486",30.0242,31.3486,11,60,92,0.97064,FALSE,17,0,3,0,1,Congested,7,0
6/11/2026 17:15,Rod El Farag Axis,"30.0881,31.2185",30.0881,31.2185,18,67,75,0.916641,FALSE,17,15,3,0,1,Congested,13,0
6/11/2026 17:30,Ring Road - Marg,"30.1554,31.3323",30.1554,31.3323,33,65,78,0.95287,FALSE,17,30,3,0,1,Moderate,11,2
6/11/2026 17:45,Ring Road - Moneeb,"29.9881,31.2227",29.9881,31.2227,30,76,97,0.896389,FALSE,17,45,3,0,1,Moderate,12,2
6/11/2026 18:00,Gamaat El Dowal St,"30.0543,31.2005",30.0543,31.2005,21,71,53,0.943812,FALSE,18,0,3,0,1,Moderate,6,2
6/11/2026 18:15,Faisal Street,"30.0051,31.1574",30.0051,31.1574,20,59,73,0.86043,FALSE,18,15,3,0,1,Moderate,4,2
6/11/2026 18:30,North 90th Street,"30.0308,31.4721",30.0308,31.4721,35,57,83,0.881724,FALSE,18,30,3,0,1,Moderate,8,2
6/11/2026 18:45,South 90th Street,"30.0195,31.4326",30.0195,31.4326,20,73,44,0.853761,FALSE,18,45,3,0,1,Moderate,15,2
6/11/2026 19:00,Ring Road - Maadi,"29.9544,31.2858",29.9544,31.2858,18,58,111,0.888035,FALSE,19,0,3,0,1,Congested,10,0
6/11/2026 19:15,October Bridge,"30.0526,31.2372",30.0526,31.2372,34,76,91,0.891148,FALSE,19,15,3,0,1,Moderate,9,2
6/11/2026 19:30,26th July Corridor,"30.0381,31.0264",30.0381,31.0264,34,65,55,0.894737,FALSE,19,30,3,0,1,Moderate,0,2
6/11/2026 19:45,Abbas El Akkad,"30.0631,31.3341",30.0631,31.3341,30,74,86,0.902733,FALSE,19,45,3,0,1,Moderate,1,2
6/11/2026 20:00,Galaa Square,"30.0398,31.2188",30.0398,31.2188,12,68,47,0.97814,FALSE,20,0,3,0,0,Congested,5,0
6/11/2026 20:15,Salah Salem,"30.0645,31.282",30.0645,31.282,30,77,99,0.850711,FALSE,20,15,3,0,0,Moderate,14,2
6/11/2026 20:30,Autostrad - Sheraton,"30.1065,31.3711",30.1065,31.3711,25,66,71,0.973155,FALSE,20,30,3,0,0,Moderate,2,2
6/11/2026 20:45,Tahrir Square,"30.0444,31.2357",30.0444,31.2357,16,57,80,0.991274,FALSE,20,45,3,0,0,Congested,16,0
6/11/2026 21:00,Corniche El Nil,"30.0263,31.2268",30.0263,31.2268,40,75,39,0.857353,FALSE,21,0,3,0,0,Moderate,3,2
6/11/2026 21:15,Mosheer Tantawy Axis,"30.0242,31.3486",30.0242,31.3486,62,62,25,0.959764,FALSE,21,15,3,0,0,Free_Flow,7,1
6/11/2026 21:30,Rod El Farag Axis,"30.0881,31.2185",30.0881,31.2185,65,76,21,0.966104,FALSE,21,30,3,0,0,Free_Flow,13,1
6/11/2026 21:45,Ring Road - Marg,"30.1554,31.3323",30.1554,31.3323,50,78,34,0.98371,FALSE,21,45,3,0,0,Free_Flow,11,1
6/11/2026 22:00,Ring Road - Moneeb,"29.9881,31.2227",29.9881,31.2227,48,66,20,0.854677,FALSE,22,0,3,0,0,Moderate,12,2
6/11/2026 22:15,Gamaat El Dowal St,"30.0543,31.2005",30.0543,31.2005,61,62,36,0.87007,FALSE,22,15,3,0,0,Free_Flow,6,1
6/11/2026 22:30,Faisal Street,"30.0051,31.1574",30.0051,31.1574,54,63,58,0.976204,FALSE,22,30,3,0,0,Free_Flow,4,1
6/11/2026 22:45,North 90th Street,"30.0308,31.4721",30.0308,31.4721,40,65,52,0.851684,FALSE,22,45,3,0,0,Moderate,8,2
6/11/2026 23:00,South 90th Street,"30.0195,31.4326",30.0195,31.4326,57,60,22,0.997431,FALSE,23,0,3,0,0,Free_Flow,15,1
6/11/2026 23:15,Ring Road - Maadi,"29.9544,31.2858",29.9544,31.2858,56,56,29,0.85005,FALSE,23,15,3,0,0,Free_Flow,10,1
6/11/2026 23:30,October Bridge,"30.0526,31.2372",30.0526,31.2372,34,58,40,0.991785,FALSE,23,30,3,0,0,Moderate,9,2
6/11/2026 23:45,26th July Corridor,"30.0381,31.0264",30.0381,31.0264,41,67,79,0.85047,FALSE,23,45,3,0,0,Moderate,0,2
6/12/2026 0:00,Abbas El Akkad,"30.0631,31.3341",30.0631,31.3341,49,58,49,0.987458,FALSE,0,0,4,0,0,Moderate,1,2
6/12/2026 0:15,Galaa Square,"30.0398,31.2188",30.0398,31.2188,35,63,50,0.997618,FALSE,0,15,4,0,0,Moderate,5,2
6/12/2026 0:30,Salah Salem,"30.0645,31.282",30.0645,31.282,49,78,27,0.922622,FALSE,0,30,4,0,0,Moderate,14,2
6/12/2026 0:45,Autostrad - Sheraton,"30.1065,31.3711",30.1065,31.3711,66,68,38,0.879563,FALSE,0,45,4,0,0,Free_Flow,2,1
6/12/2026 1:00,Tahrir Square,"30.0444,31.2357",30.0444,31.2357,43,63,24,0.971857,FALSE,1,0,4,0,0,Moderate,16,2
6/12/2026 1:15,Corniche El Nil,"30.0263,31.2268",30.0263,31.2268,59,61,35,0.938329,FALSE,1,15,4,0,0,Free_Flow,3,1
6/12/2026 1:30,Mosheer Tantawy Axis,"30.0242,31.3486",30.0242,31.3486,63,67,25,0.970528,FALSE,1,30,4,0,0,Free_Flow,7,1
6/12/2026 1:45,Rod El Farag Axis,"30.0881,31.2185",30.0881,31.2185,63,63,37,0.870532,FALSE,1,45,4,0,0,Free_Flow,13,1
6/12/2026 2:00,Ring Road - Marg,"30.1554,31.3323",30.1554,31.3323,74,74,15,0.895034,FALSE,2,0,4,0,0,Free_Flow,11,1
6/12/2026 2:15,Ring Road - Moneeb,"29.9881,31.2227",29.9881,31.2227,47,79,50,0.942507,FALSE,2,15,4,0,0,Moderate,12,2
6/12/2026 2:30,Gamaat El Dowal St,"30.0543,31.2005",30.0543,31.2005,45,61,31,0.898421,FALSE,2,30,4,0,0,Moderate,6,2
6/12/2026 2:45,Faisal Street,"30.0051,31.1574",30.0051,31.1574,42,61,9,0.934552,FALSE,2,45,4,0,0,Moderate,4,2
6/12/2026 3:00,North 90th Street,"30.0308,31.4721",30.0308,31.4721,71,72,37,0.868388,FALSE,3,0,4,0,0,Free_Flow,8,1
6/12/2026 3:15,South 90th Street,"30.0195,31.4326",30.0195,31.4326,60,71,47,0.913807,FALSE,3,15,4,0,0,Free_Flow,15,1
6/12/2026 3:30,Ring Road - Maadi,"29.9544,31.2858",29.9544,31.2858,69,76,38,0.864209,FALSE,3,30,4,0,0,Free_Flow,10,1
6/12/2026 3:45,October Bridge,"30.0526,31.2372",30.0526,31.2372,64,64,24,0.937018,FALSE,3,45,4,0,0,Free_Flow,9,1
6/12/2026 4:00,26th July Corridor,"30.0381,31.0264",30.0381,31.0264,43,70,11,0.976077,FALSE,4,0,4,0,0,Moderate,0,2
6/12/2026 4:15,Abbas El Akkad,"30.0631,31.3341",30.0631,31.3341,72,79,27,0.914872,FALSE,4,15,4,0,0,Free_Flow,1,1
6/12/2026 4:30,Galaa Square,"30.0398,31.2188",30.0398,31.2188,51,58,14,0.937137,FALSE,4,30,4,0,0,Free_Flow,5,1
6/12/2026 4:45,Salah Salem,"30.0645,31.282",30.0645,31.282,59,59,35,0.946342,FALSE,4,45,4,0,0,Free_Flow,14,1
6/12/2026 5:00,Autostrad - Sheraton,"30.1065,31.3711",30.1065,31.3711,71,71,33,0.894196,FALSE,5,0,4,0,0,Free_Flow,2,1
6/12/2026 5:15,Tahrir Square,"30.0444,31.2357",30.0444,31.2357,57,70,10,0.985871,FALSE,5,15,4,0,0,Free_Flow,16,1
6/12/2026 5:30,Corniche El Nil,"30.0263,31.2268",30.0263,31.2268,49,68,38,0.875446,FALSE,5,30,4,0,0,Moderate,3,2
6/12/2026 5:45,Mosheer Tantawy Axis,"30.0242,31.3486",30.0242,31.3486,56,77,48,0.919534,FALSE,5,45,4,0,0,Free_Flow,7,1
6/12/2026 6:00,Rod El Farag Axis,"30.0881,31.2185",30.0881,31.2185,70,70,21,0.869774,FALSE,6,0,4,0,0,Free_Flow,13,1
6/12/2026 6:15,Ring Road - Marg,"30.1554,31.3323",30.1554,31.3323,43,70,38,0.971564,FALSE,6,15,4,0,0,Moderate,11,2
6/12/2026 6:30,Ring Road - Moneeb,"29.9881,31.2227",29.9881,31.2227,57,58,9,0.932143,FALSE,6,30,4,0,0,Free_Flow,12,1
6/12/2026 6:45,Gamaat El Dowal St,"30.0543,31.2005",30.0543,31.2005,75,75,40,0.885316,FALSE,6,45,4,0,0,Free_Flow,6,1
6/12/2026 7:00,Faisal Street,"30.0051,31.1574",30.0051,31.1574,44,69,41,0.95926,FALSE,7,0,4,0,1,Moderate,4,2
6/12/2026 7:15,North 90th Street,"30.0308,31.4721",30.0308,31.4721,61,80,34,0.994447,FALSE,7,15,4,0,1,Free_Flow,8,1
6/12/2026 7:30,South 90th Street,"30.0195,31.4326",30.0195,31.4326,42,71,27,0.946953,FALSE,7,30,4,0,1,Moderate,15,2
6/12/2026 7:45,Ring Road - Maadi,"29.9544,31.2858",29.9544,31.2858,47,69,46,0.966342,FALSE,7,45,4,0,1,Moderate,10,2
6/12/2026 8:00,October Bridge,"30.0526,31.2372",30.0526,31.2372,66,66,9,0.863733,FALSE,8,0,4,0,1,Free_Flow,9,1
6/12/2026 8:15,26th July Corridor,"30.0381,31.0264",30.0381,31.0264,60,68,15,0.904588,FALSE,8,15,4,0,1,Free_Flow,0,1
6/12/2026 8:30,Abbas El Akkad,"30.0631,31.3341",30.0631,31.3341,71,71,36,0.901826,FALSE,8,30,4,0,1,Free_Flow,1,1
6/12/2026 8:45,Galaa Square,"30.0398,31.2188",30.0398,31.2188,44,78,17,0.942664,FALSE,8,45,4,0,1,Moderate,5,2
6/12/2026 9:00,Salah Salem,"30.0645,31.282",30.0645,31.282,62,74,9,0.977148,FALSE,9,0,4,0,1,Free_Flow,14,1
6/12/2026 9:15,Autostrad - Sheraton,"30.1065,31.3711",30.1065,31.3711,43,80,23,0.895653,FALSE,9,15,4,0,1,Moderate,2,2
6/12/2026 9:30,Tahrir Square,"30.0444,31.2357",30.0444,31.2357,68,70,5,0.897117,FALSE,9,30,4,0,1,Free_Flow,16,1
6/12/2026 9:45,Corniche El Nil,"30.0263,31.2268",30.0263,31.2268,73,73,14,0.949756,FALSE,9,45,4,0,1,Free_Flow,3,1
6/12/2026 10:00,Mosheer Tantawy Axis,"30.0242,31.3486",30.0242,31.3486,36,72,13,0.892127,FALSE,10,0,4,0,0,Moderate,7,2
6/12/2026 10:15,Rod El Farag Axis,"30.0881,31.2185",30.0881,31.2185,46,78,40,0.981525,FALSE,10,15,4,0,0,Moderate,13,2
6/12/2026 10:30,Ring Road - Marg,"30.1554,31.3323",30.1554,31.3323,63,72,44,0.917229,FALSE,10,30,4,0,0,Free_Flow,11,1
6/12/2026 10:45,Ring Road - Moneeb,"29.9881,31.2227",29.9881,31.2227,63,72,48,0.859449,FALSE,10,45,4,0,0,Free_Flow,12,1
6/12/2026 11:00,Gamaat El Dowal St,"30.0543,31.2005",30.0543,31.2005,38,71,22,0.887043,FALSE,11,0,4,0,0,Moderate,6,2
6/12/2026 11:15,Faisal Street,"30.0051,31.1574",30.0051,31.1574,52,64,16,0.850773,FALSE,11,15,4,0,0,Free_Flow,4,1
6/12/2026 11:30,North 90th Street,"30.0308,31.4721",30.0308,31.4721,60,77,49,0.872635,FALSE,11,30,4,0,0,Free_Flow,8,1
6/12/2026 11:45,South 90th Street,"30.0195,31.4326",30.0195,31.4326,49,70,46,0.98515,FALSE,11,45,4,0,0,Moderate,15,2
6/12/2026 12:00,Ring Road - Maadi,"29.9544,31.2858",29.9544,31.2858,50,62,26,0.929005,FALSE,12,0,4,0,0,Free_Flow,10,1
6/12/2026 12:15,October Bridge,"30.0526,31.2372",30.0526,31.2372,59,79,19,0.946668,FALSE,12,15,4,0,0,Free_Flow,9,1
6/12/2026 12:30,26th July Corridor,"30.0381,31.0264",30.0381,31.0264,60,80,12,0.995157,FALSE,12,30,4,0,0,Free_Flow,0,1
6/12/2026 12:45,Abbas El Akkad,"30.0631,31.3341",30.0631,31.3341,48,75,48,0.853207,FALSE,12,45,4,0,0,Moderate,1,2
6/12/2026 13:00,Galaa Square,"30.0398,31.2188",30.0398,31.2188,37,69,50,0.987501,FALSE,13,0,4,0,0,Moderate,5,2
6/12/2026 13:15,Salah Salem,"30.0645,31.282",30.0645,31.282,56,64,17,0.94199,FALSE,13,15,4,0,0,Free_Flow,14,1
6/12/2026 13:30,Autostrad - Sheraton,"30.1065,31.3711",30.1065,31.3711,36,63,31,0.912672,FALSE,13,30,4,0,0,Moderate,2,2
6/12/2026 13:45,Tahrir Square,"30.0444,31.2357",30.0444,31.2357,48,57,34,0.920335,FALSE,13,45,4,0,0,Moderate,16,2
6/12/2026 14:00,Corniche El Nil,"30.0263,31.2268",30.0263,31.2268,43,56,34,0.940191,FALSE,14,0,4,0,0,Moderate,3,2
6/12/2026 14:15,Mosheer Tantawy Axis,"30.0242,31.3486",30.0242,31.3486,75,75,49,0.95069,FALSE,14,15,4,0,0,Free_Flow,7,1
6/12/2026 14:30,Rod El Farag Axis,"30.0881,31.2185",30.0881,31.2185,43,78,18,0.995883,FALSE,14,30,4,0,0,Moderate,13,2
6/12/2026 14:45,Ring Road - Marg,"30.1554,31.3323",30.1554,31.3323,39,71,39,0.853719,FALSE,14,45,4,0,0,Moderate,11,2
6/12/2026 15:00,Ring Road - Moneeb,"29.9881,31.2227",29.9881,31.2227,50,70,46,0.910876,FALSE,15,0,4,0,0,Free_Flow,12,1
6/12/2026 15:15,Gamaat El Dowal St,"30.0543,31.2005",30.0543,31.2005,38,66,48,0.981689,FALSE,15,15,4,0,0,Moderate,6,2
6/12/2026 15:30,Faisal Street,"30.0051,31.1574",30.0051,31.1574,56,56,33,0.930962,FALSE,15,30,4,0,0,Free_Flow,4,1
6/12/2026 15:45,North 90th Street,"30.0308,31.4721",30.0308,31.4721,50,58,49,0.890383,FALSE,15,45,4,0,0,Free_Flow,8,1
6/12/2026 16:00,South 90th Street,"30.0195,31.4326",30.0195,31.4326,48,56,19,0.96194,FALSE,16,0,4,0,1,Moderate,15,2
6/12/2026 16:15,Ring Road - Maadi,"29.9544,31.2858",29.9544,31.2858,39,62,18,0.985062,FALSE,16,15,4,0,1,Moderate,10,2
6/12/2026 16:30,October Bridge,"30.0526,31.2372",30.0526,31.2372,44,65,32,0.959654,FALSE,16,30,4,0,1,Moderate,9,2
6/12/2026 16:45,26th July Corridor,"30.0381,31.0264",30.0381,31.0264,44,60,11,0.90786,FALSE,16,45,4,0,1,Moderate,0,2
6/12/2026 17:00,Abbas El Akkad,"30.0631,31.3341",30.0631,31.3341,52,74,30,0.909563,FALSE,17,0,4,0,1,Free_Flow,1,1
6/12/2026 17:15,Galaa Square,"30.0398,31.2188",30.0398,31.2188,70,70,42,0.9256,FALSE,17,15,4,0,1,Free_Flow,5,1
6/12/2026 17:30,Salah Salem,"30.0645,31.282",30.0645,31.282,65,70,9,0.926962,FALSE,17,30,4,0,1,Free_Flow,14,1
6/12/2026 17:45,Autostrad - Sheraton,"30.1065,31.3711",30.1065,31.3711,47,70,25,0.977961,FALSE,17,45,4,0,1,Moderate,2,2
6/12/2026 18:00,Tahrir Square,"30.0444,31.2357",30.0444,31.2357,39,77,17,0.858489,FALSE,18,0,4,0,1,Moderate,16,2
6/12/2026 18:15,Corniche El Nil,"30.0263,31.2268",30.0263,31.2268,71,71,31,0.95277,FALSE,18,15,4,0,1,Free_Flow,3,1
6/12/2026 18:30,Mosheer Tantawy Axis,"30.0242,31.3486",30.0242,31.3486,66,66,33,0.897068,FALSE,18,30,4,0,1,Free_Flow,7,1
6/12/2026 18:45,Rod El Farag Axis,"30.0881,31.2185",30.0881,31.2185,45,58,18,0.952384,FALSE,18,45,4,0,1,Moderate,13,2
6/12/2026 19:00,Ring Road - Marg,"30.1554,31.3323",30.1554,31.3323,56,79,44,0.908535,FALSE,19,0,4,0,1,Free_Flow,11,1
6/12/2026 19:15,Ring Road - Moneeb,"29.9881,31.2227",29.9881,31.2227,54,67,8,0.956962,FALSE,19,15,4,0,1,Free_Flow,12,1
6/12/2026 19:30,Gamaat El Dowal St,"30.0543,31.2005",30.0543,31.2005,35,55,23,0.933596,FALSE,19,30,4,0,1,Moderate,6,2
6/12/2026 19:45,Faisal Street,"30.0051,31.1574",30.0051,31.1574,44,72,32,0.862386,FALSE,19,45,4,0,1,Moderate,4,2
6/12/2026 20:00,North 90th Street,"30.0308,31.4721",30.0308,31.4721,44,61,22,0.989733,FALSE,20,0,4,0,0,Moderate,8,2
6/12/2026 20:15,South 90th Street,"30.0195,31.4326",30.0195,31.4326,72,76,49,0.939178,FALSE,20,15,4,0,0,Free_Flow,15,1
6/12/2026 20:30,Ring Road - Maadi,"29.9544,31.2858",29.9544,31.2858,43,67,24,0.853745,FALSE,20,30,4,0,0,Moderate,10,2
6/12/2026 20:45,October Bridge,"30.0526,31.2372",30.0526,31.2372,45,74,36,0.979747,FALSE,20,45,4,0,0,Moderate,9,2
6/12/2026 21:00,26th July Corridor,"30.0381,31.0264",30.0381,31.0264,38,74,15,0.856505,FALSE,21,0,4,0,0,Moderate,0,2
6/12/2026 21:15,Abbas El Akkad,"30.0631,31.3341",30.0631,31.3341,35,64,31,0.928428,FALSE,21,15,4,0,0,Moderate,1,2
6/12/2026 21:30,Galaa Square,"30.0398,31.2188",30.0398,31.2188,65,65,15,0.939349,FALSE,21,30,4,0,0,Free_Flow,5,1
6/12/2026 21:45,Salah Salem,"30.0645,31.282",30.0645,31.282,50,62,6,0.941461,FALSE,21,45,4,0,0,Free_Flow,14,1
6/12/2026 22:00,Autostrad - Sheraton,"30.1065,31.3711",30.1065,31.3711,71,71,22,0.91837,FALSE,22,0,4,0,0,Free_Flow,2,1
6/12/2026 22:15,Tahrir Square,"30.0444,31.2357",30.0444,31.2357,55,59,47,0.885734,FALSE,22,15,4,0,0,Free_Flow,16,1
6/12/2026 22:30,Corniche El Nil,"30.0263,31.2268",30.0263,31.2268,65,77,42,0.984594,FALSE,22,30,4,0,0,Free_Flow,3,1
6/12/2026 22:45,Mosheer Tantawy Axis,"30.0242,31.3486",30.0242,31.3486,38,65,5,0.889799,FALSE,22,45,4,0,0,Moderate,7,2
6/12/2026 23:00,Rod El Farag Axis,"30.0881,31.2185",30.0881,31.2185,56,73,38,0.87907,FALSE,23,0,4,0,0,Free_Flow,13,1
6/12/2026 23:15,Ring Road - Marg,"30.1554,31.3323",30.1554,31.3323,71,71,15,0.96122,FALSE,23,15,4,0,0,Free_Flow,11,1
6/12/2026 23:30,Ring Road - Moneeb,"29.9881,31.2227",29.9881,31.2227,61,67,14,0.871593,FALSE,23,30,4,0,0,Free_Flow,12,1
6/12/2026 23:45,Gamaat El Dowal St,"30.0543,31.2005",30.0543,31.2005,39,72,5,0.85828,FALSE,23,45,4,0,0,Moderate,6,2
6/13/2026 0:00,Faisal Street,"30.0051,31.1574",30.0051,31.1574,41,79,7,0.973033,FALSE,0,0,5,1,0,Moderate,4,2
6/13/2026 0:15,North 90th Street,"30.0308,31.4721",30.0308,31.4721,49,56,8,0.927026,FALSE,0,15,5,1,0,Moderate,8,2
6/13/2026 0:30,South 90th Street,"30.0195,31.4326",30.0195,31.4326,53,57,39,0.949108,FALSE,0,30,5,1,0,Free_Flow,15,1
6/13/2026 0:45,Ring Road - Maadi,"29.9544,31.2858",29.9544,31.2858,54,55,15,0.995197,FALSE,0,45,5,1,0,Free_Flow,10,1
6/13/2026 1:00,October Bridge,"30.0526,31.2372",30.0526,31.2372,55,59,48,0.954391,FALSE,1,0,5,1,0,Free_Flow,9,1
6/13/2026 1:15,26th July Corridor,"30.0381,31.0264",30.0381,31.0264,46,59,39,0.984728,FALSE,1,15,5,1,0,Moderate,0,2
6/13/2026 1:30,Abbas El Akkad,"30.0631,31.3341",30.0631,31.3341,58,66,7,0.859773,FALSE,1,30,5,1,0,Free_Flow,1,1
6/13/2026 1:45,Galaa Square,"30.0398,31.2188",30.0398,31.2188,68,79,47,0.926173,FALSE,1,45,5,1,0,Free_Flow,5,1
6/13/2026 2:00,Salah Salem,"30.0645,31.282",30.0645,31.282,46,73,5,0.909848,FALSE,2,0,5,1,0,Moderate,14,2
6/13/2026 2:15,Autostrad - Sheraton,"30.1065,31.3711",30.1065,31.3711,61,74,37,0.99363,FALSE,2,15,5,1,0,Free_Flow,2,1
6/13/2026 2:30,Tahrir Square,"30.0444,31.2357",30.0444,31.2357,56,56,22,0.934723,FALSE,2,30,5,1,0,Free_Flow,16,1
6/13/2026 2:45,Corniche El Nil,"30.0263,31.2268",30.0263,31.2268,70,70,13,0.875959,FALSE,2,45,5,1,0,Free_Flow,3,1
6/13/2026 3:00,Mosheer Tantawy Axis,"30.0242,31.3486",30.0242,31.3486,49,69,48,0.912597,FALSE,3,0,5,1,0,Moderate,7,2
6/13/2026 3:15,Rod El Farag Axis,"30.0881,31.2185",30.0881,31.2185,69,69,49,0.88941,FALSE,3,15,5,1,0,Free_Flow,13,1
6/13/2026 3:30,Ring Road - Marg,"30.1554,31.3323",30.1554,31.3323,68,68,19,0.8818,FALSE,3,30,5,1,0,Free_Flow,11,1
6/13/2026 3:45,Ring Road - Moneeb,"29.9881,31.2227",29.9881,31.2227,65,65,26,0.993723,FALSE,3,45,5,1,0,Free_Flow,12,1
6/13/2026 4:00,Gamaat El Dowal St,"30.0543,31.2005",30.0543,31.2005,57,79,39,0.854283,FALSE,4,0,5,1,0,Free_Flow,6,1
6/13/2026 4:15,Faisal Street,"30.0051,31.1574",30.0051,31.1574,67,67,22,0.890724,FALSE,4,15,5,1,0,Free_Flow,4,1
6/13/2026 4:30,North 90th Street,"30.0308,31.4721",30.0308,31.4721,57,75,8,0.971325,FALSE,4,30,5,1,0,Free_Flow,8,1
6/13/2026 4:45,South 90th Street,"30.0195,31.4326",30.0195,31.4326,54,67,9,0.943117,FALSE,4,45,5,1,0,Free_Flow,15,1
6/13/2026 5:00,Ring Road - Maadi,"29.9544,31.2858",29.9544,31.2858,56,80,16,0.966866,FALSE,5,0,5,1,0,Free_Flow,10,1
6/13/2026 5:15,October Bridge,"30.0526,31.2372",30.0526,31.2372,73,76,18,0.869142,FALSE,5,15,5,1,0,Free_Flow,9,1
6/13/2026 5:30,26th July Corridor,"30.0381,31.0264",30.0381,31.0264,37,62,35,0.934932,FALSE,5,30,5,1,0,Moderate,0,2
6/13/2026 5:45,Abbas El Akkad,"30.0631,31.3341",30.0631,31.3341,59,60,47,0.900988,FALSE,5,45,5,1,0,Free_Flow,1,1
6/13/2026 6:00,Galaa Square,"30.0398,31.2188",30.0398,31.2188,40,79,20,0.851392,FALSE,6,0,5,1,0,Moderate,5,2
6/13/2026 6:15,Salah Salem,"30.0645,31.282",30.0645,31.282,61,69,22,0.853338,FALSE,6,15,5,1,0,Free_Flow,14,1
6/13/2026 6:30,Autostrad - Sheraton,"30.1065,31.3711",30.1065,31.3711,60,70,32,0.973255,FALSE,6,30,5,1,0,Free_Flow,2,1
6/13/2026 6:45,Tahrir Square,"30.0444,31.2357",30.0444,31.2357,39,75,23,0.964685,FALSE,6,45,5,1,0,Moderate,16,2
6/13/2026 7:00,Corniche El Nil,"30.0263,31.2268",30.0263,31.2268,75,75,20,0.870667,FALSE,7,0,5,1,1,Free_Flow,3,1
6/13/2026 7:15,Mosheer Tantawy Axis,"30.0242,31.3486",30.0242,31.3486,75,76,28,0.897394,FALSE,7,15,5,1,1,Free_Flow,7,1
6/13/2026 7:30,Rod El Farag Axis,"30.0881,31.2185",30.0881,31.2185,46,69,45,0.944981,FALSE,7,30,5,1,1,Moderate,13,2
6/13/2026 7:45,Ring Road - Marg,"30.1554,31.3323",30.1554,31.3323,39,68,41,0.890611,FALSE,7,45,5,1,1,Moderate,11,2
6/13/2026 8:00,Ring Road - Moneeb,"29.9881,31.2227",29.9881,31.2227,56,67,35,0.939853,FALSE,8,0,5,1,1,Free_Flow,12,1
6/13/2026 8:15,Gamaat El Dowal St,"30.0543,31.2005",30.0543,31.2005,67,67,7,0.932288,FALSE,8,15,5,1,1,Free_Flow,6,1
6/13/2026 8:30,Faisal Street,"30.0051,31.1574",30.0051,31.1574,48,66,24,0.965289,FALSE,8,30,5,1,1,Moderate,4,2
6/13/2026 8:45,North 90th Street,"30.0308,31.4721",30.0308,31.4721,74,74,41,0.949577,FALSE,8,45,5,1,1,Free_Flow,8,1
6/13/2026 9:00,South 90th Street,"30.0195,31.4326",30.0195,31.4326,69,75,14,0.888404,FALSE,9,0,5,1,1,Free_Flow,15,1
6/13/2026 9:15,Ring Road - Maadi,"29.9544,31.2858",29.9544,31.2858,35,58,22,0.856922,FALSE,9,15,5,1,1,Moderate,10,2
6/13/2026 9:30,October Bridge,"30.0526,31.2372",30.0526,31.2372,35,76,41,0.988085,FALSE,9,30,5,1,1,Moderate,9,2
6/13/2026 9:45,26th July Corridor,"30.0381,31.0264",30.0381,31.0264,59,78,28,0.98799,FALSE,9,45,5,1,1,Free_Flow,0,1
6/13/2026 10:00,Abbas El Akkad,"30.0631,31.3341",30.0631,31.3341,38,57,24,0.968842,FALSE,10,0,5,1,0,Moderate,1,2
6/13/2026 10:15,Galaa Square,"30.0398,31.2188",30.0398,31.2188,51,70,6,0.932738,FALSE,10,15,5,1,0,Free_Flow,5,1
6/13/2026 10:30,Salah Salem,"30.0645,31.282",30.0645,31.282,35,71,27,0.972959,FALSE,10,30,5,1,0,Moderate,14,2
6/13/2026 10:45,Autostrad - Sheraton,"30.1065,31.3711",30.1065,31.3711,69,80,39,0.975911,FALSE,10,45,5,1,0,Free_Flow,2,1
6/13/2026 11:00,Tahrir Square,"30.0444,31.2357",30.0444,31.2357,72,77,42,0.963177,FALSE,11,0,5,1,0,Free_Flow,16,1
6/13/2026 11:15,Corniche El Nil,"30.0263,31.2268",30.0263,31.2268,71,71,6,0.987467,FALSE,11,15,5,1,0,Free_Flow,3,1
6/13/2026 11:30,Mosheer Tantawy Axis,"30.0242,31.3486",30.0242,31.3486,51,71,28,0.921882,FALSE,11,30,5,1,0,Free_Flow,7,1
6/13/2026 11:45,Rod El Farag Axis,"30.0881,31.2185",30.0881,31.2185,55,78,18,0.970329,FALSE,11,45,5,1,0,Free_Flow,13,1
6/13/2026 12:00,Ring Road - Marg,"30.1554,31.3323",30.1554,31.3323,64,64,6,0.868227,FALSE,12,0,5,1,0,Free_Flow,11,1
6/13/2026 12:15,Ring Road - Moneeb,"29.9881,31.2227",29.9881,31.2227,58,78,19,0.989303,FALSE,12,15,5,1,0,Free_Flow,12,1
6/13/2026 12:30,Gamaat El Dowal St,"30.0543,31.2005",30.0543,31.2005,48,66,38,0.981896,FALSE,12,30,5,1,0,Moderate,6,2
6/13/2026 12:45,Faisal Street,"30.0051,31.1574",30.0051,31.1574,65,80,30,0.917354,FALSE,12,45,5,1,0,Free_Flow,4,1
6/13/2026 13:00,North 90th Street,"30.0308,31.4721",30.0308,31.4721,70,70,5,0.995806,FALSE,13,0,5,1,0,Free_Flow,8,1
6/13/2026 13:15,South 90th Street,"30.0195,31.4326",30.0195,31.4326,37,67,44,0.958429,FALSE,13,15,5,1,0,Moderate,15,2
6/13/2026 13:30,Ring Road - Maadi,"29.9544,31.2858",29.9544,31.2858,38,72,44,0.963965,FALSE,13,30,5,1,0,Moderate,10,2
6/13/2026 13:45,October Bridge,"30.0526,31.2372",30.0526,31.2372,50,59,13,0.885233,FALSE,13,45,5,1,0,Free_Flow,9,1
6/13/2026 14:00,26th July Corridor,"30.0381,31.0264",30.0381,31.0264,70,78,13,0.910548,FALSE,14,0,5,1,0,Free_Flow,0,1
6/13/2026 14:15,Abbas El Akkad,"30.0631,31.3341",30.0631,31.3341,63,66,39,0.91423,FALSE,14,15,5,1,0,Free_Flow,1,1
6/13/2026 14:30,Galaa Square,"30.0398,31.2188",30.0398,31.2188,55,65,21,0.904321,FALSE,14,30,5,1,0,Free_Flow,5,1
6/13/2026 14:45,Salah Salem,"30.0645,31.282",30.0645,31.282,39,67,8,0.92223,FALSE,14,45,5,1,0,Moderate,14,2
6/13/2026 15:00,Autostrad - Sheraton,"30.1065,31.3711",30.1065,31.3711,55,74,43,0.890117,FALSE,15,0,5,1,0,Free_Flow,2,1
6/13/2026 15:15,Tahrir Square,"30.0444,31.2357",30.0444,31.2357,65,70,13,0.927642,FALSE,15,15,5,1,0,Free_Flow,16,1
6/13/2026 15:30,Corniche El Nil,"30.0263,31.2268",30.0263,31.2268,36,63,26,0.884528,FALSE,15,30,5,1,0,Moderate,3,2
6/13/2026 15:45,Mosheer Tantawy Axis,"30.0242,31.3486",30.0242,31.3486,66,66,14,0.953124,FALSE,15,45,5,1,0,Free_Flow,7,1
6/13/2026 16:00,Rod El Farag Axis,"30.0881,31.2185",30.0881,31.2185,68,68,40,0.878934,FALSE,16,0,5,1,1,Free_Flow,13,1
6/13/2026 16:15,Ring Road - Marg,"30.1554,31.3323",30.1554,31.3323,58,58,12,0.938331,FALSE,16,15,5,1,1,Free_Flow,11,1
6/13/2026 16:30,Ring Road - Moneeb,"29.9881,31.2227",29.9881,31.2227,67,77,30,0.983328,FALSE,16,30,5,1,1,Free_Flow,12,1
6/13/2026 16:45,Gamaat El Dowal St,"30.0543,31.2005",30.0543,31.2005,65,66,44,0.907899,FALSE,16,45,5,1,1,Free_Flow,6,1
6/13/2026 17:00,Faisal Street,"30.0051,31.1574",30.0051,31.1574,59,72,27,0.853759,FALSE,17,0,5,1,1,Free_Flow,4,1
6/13/2026 17:15,North 90th Street,"30.0308,31.4721",30.0308,31.4721,72,72,23,0.932706,FALSE,17,15,5,1,1,Free_Flow,8,1
6/13/2026 17:30,South 90th Street,"30.0195,31.4326",30.0195,31.4326,67,67,31,0.893965,FALSE,17,30,5,1,1,Free_Flow,15,1
6/13/2026 17:45,Ring Road - Maadi,"29.9544,31.2858",29.9544,31.2858,45,70,42,0.854005,FALSE,17,45,5,1,1,Moderate,10,2
6/13/2026 18:00,October Bridge,"30.0526,31.2372",30.0526,31.2372,41,61,25,0.970103,FALSE,18,0,5,1,1,Moderate,9,2
6/13/2026 18:15,26th July Corridor,"30.0381,31.0264",30.0381,31.0264,38,74,28,0.948356,FALSE,18,15,5,1,1,Moderate,0,2
6/13/2026 18:30,Abbas El Akkad,"30.0631,31.3341",30.0631,31.3341,58,80,28,0.993505,FALSE,18,30,5,1,1,Free_Flow,1,1
6/13/2026 18:45,Galaa Square,"30.0398,31.2188",30.0398,31.2188,52,70,40,0.893701,FALSE,18,45,5,1,1,Free_Flow,5,1
6/13/2026 19:00,Salah Salem,"30.0645,31.282",30.0645,31.282,65,74,12,0.903677,FALSE,19,0,5,1,1,Free_Flow,14,1
6/13/2026 19:15,Autostrad - Sheraton,"30.1065,31.3711",30.1065,31.3711,55,60,10,0.976848,FALSE,19,15,5,1,1,Free_Flow,2,1
6/13/2026 19:30,Tahrir Square,"30.0444,31.2357",30.0444,31.2357,39,60,44,0.895005,FALSE,19,30,5,1,1,Moderate,16,2
6/13/2026 19:45,Corniche El Nil,"30.0263,31.2268",30.0263,31.2268,67,67,49,0.985007,FALSE,19,45,5,1,1,Free_Flow,3,1
6/13/2026 20:00,Mosheer Tantawy Axis,"30.0242,31.3486",30.0242,31.3486,46,78,31,0.892657,FALSE,20,0,5,1,0,Moderate,7,2
6/13/2026 20:15,Rod El Farag Axis,"30.0881,31.2185",30.0881,31.2185,45,79,49,0.864706,FALSE,20,15,5,1,0,Moderate,13,2
6/13/2026 20:30,Ring Road - Marg,"30.1554,31.3323",30.1554,31.3323,36,61,7,0.903322,FALSE,20,30,5,1,0,Moderate,11,2
6/13/2026 20:45,Ring Road - Moneeb,"29.9881,31.2227",29.9881,31.2227,66,76,27,0.90387,FALSE,20,45,5,1,0,Free_Flow,12,1
6/13/2026 21:00,Gamaat El Dowal St,"30.0543,31.2005",30.0543,31.2005,58,70,24,0.909986,FALSE,21,0,5,1,0,Free_Flow,6,1
6/13/2026 21:15,Faisal Street,"30.0051,31.1574",30.0051,31.1574,68,68,28,0.928785,FALSE,21,15,5,1,0,Free_Flow,4,1
6/13/2026 21:30,North 90th Street,"30.0308,31.4721",30.0308,31.4721,40,79,30,0.889296,FALSE,21,30,5,1,0,Moderate,8,2
6/13/2026 21:45,South 90th Street,"30.0195,31.4326",30.0195,31.4326,48,65,47,0.943937,FALSE,21,45,5,1,0,Moderate,15,2
6/13/2026 22:00,Ring Road - Maadi,"29.9544,31.2858",29.9544,31.2858,57,65,10,0.939377,FALSE,22,0,5,1,0,Free_Flow,10,1
6/13/2026 22:15,October Bridge,"30.0526,31.2372",30.0526,31.2372,50,69,45,0.995233,FALSE,22,15,5,1,0,Free_Flow,9,1
6/13/2026 22:30,26th July Corridor,"30.0381,31.0264",30.0381,31.0264,49,62,45,0.902814,FALSE,22,30,5,1,0,Moderate,0,2
6/13/2026 22:45,Abbas El Akkad,"30.0631,31.3341",30.0631,31.3341,38,59,46,0.947099,FALSE,22,45,5,1,0,Moderate,1,2
6/13/2026 23:00,Galaa Square,"30.0398,31.2188",30.0398,31.2188,59,59,46,0.888791,FALSE,23,0,5,1,0,Free_Flow,5,1
6/13/2026 23:15,Salah Salem,"30.0645,31.282",30.0645,31.282,73,73,8,0.851397,FALSE,23,15,5,1,0,Free_Flow,14,1
6/13/2026 23:30,Autostrad - Sheraton,"30.1065,31.3711",30.1065,31.3711,64,64,19,0.859946,FALSE,23,30,5,1,0,Free_Flow,2,1
6/13/2026 23:45,Tahrir Square,"30.0444,31.2357",30.0444,31.2357,51,78,31,0.871479,FALSE,23,45,5,1,0,Free_Flow,16,1
6/14/2026 0:00,Corniche El Nil,"30.0263,31.2268",30.0263,31.2268,33,80,13,0.980175,FALSE,0,0,6,1,0,Moderate,3,2
6/14/2026 0:15,Mosheer Tantawy Axis,"30.0242,31.3486",30.0242,31.3486,44,61,11,0.854213,FALSE,0,15,6,1,0,Moderate,7,2
6/14/2026 0:30,Rod El Farag Axis,"30.0881,31.2185",30.0881,31.2185,53,69,60,0.894425,FALSE,0,30,6,1,0,Free_Flow,13,1
6/14/2026 0:45,Ring Road - Marg,"30.1554,31.3323",30.1554,31.3323,46,76,12,0.981177,FALSE,0,45,6,1,0,Moderate,11,2
6/14/2026 1:00,Ring Road - Moneeb,"29.9881,31.2227",29.9881,31.2227,57,61,72,0.938309,FALSE,1,0,6,1,0,Free_Flow,12,1
6/14/2026 1:15,Gamaat El Dowal St,"30.0543,31.2005",30.0543,31.2005,38,61,55,0.97554,FALSE,1,15,6,1,0,Moderate,6,2
6/14/2026 1:30,Faisal Street,"30.0051,31.1574",30.0051,31.1574,40,73,68,0.982753,FALSE,1,30,6,1,0,Moderate,4,2
6/14/2026 1:45,North 90th Street,"30.0308,31.4721",30.0308,31.4721,47,73,70,0.927783,FALSE,1,45,6,1,0,Moderate,8,2
6/14/2026 2:00,South 90th Street,"30.0195,31.4326",30.0195,31.4326,38,56,44,0.955367,FALSE,2,0,6,1,0,Moderate,15,2
6/14/2026 2:15,Ring Road - Maadi,"29.9544,31.2858",29.9544,31.2858,52,75,42,0.871822,FALSE,2,15,6,1,0,Free_Flow,10,1
6/14/2026 2:30,October Bridge,"30.0526,31.2372",30.0526,31.2372,34,57,34,0.863032,FALSE,2,30,6,1,0,Moderate,9,2
6/14/2026 2:45,26th July Corridor,"30.0381,31.0264",30.0381,31.0264,33,55,57,0.87974,FALSE,2,45,6,1,0,Moderate,0,2
6/14/2026 3:00,Abbas El Akkad,"30.0631,31.3341",30.0631,31.3341,53,59,70,0.998259,FALSE,3,0,6,1,0,Free_Flow,1,1
6/14/2026 3:15,Galaa Square,"30.0398,31.2188",30.0398,31.2188,30,80,59,0.997144,FALSE,3,15,6,1,0,Moderate,5,2
6/14/2026 3:30,Salah Salem,"30.0645,31.282",30.0645,31.282,57,67,26,0.982605,FALSE,3,30,6,1,0,Free_Flow,14,1
6/14/2026 3:45,Autostrad - Sheraton,"30.1065,31.3711",30.1065,31.3711,25,73,62,0.943909,FALSE,3,45,6,1,0,Moderate,2,2
6/14/2026 4:00,Tahrir Square,"30.0444,31.2357",30.0444,31.2357,53,68,12,0.977039,FALSE,4,0,6,1,0,Free_Flow,16,1
6/14/2026 4:15,Corniche El Nil,"30.0263,31.2268",30.0263,31.2268,50,80,61,0.865805,FALSE,4,15,6,1,0,Free_Flow,3,1
6/14/2026 4:30,Mosheer Tantawy Axis,"30.0242,31.3486",30.0242,31.3486,44,65,43,0.966745,FALSE,4,30,6,1,0,Moderate,7,2
6/14/2026 4:45,Rod El Farag Axis,"30.0881,31.2185",30.0881,31.2185,33,56,25,0.87964,FALSE,4,45,6,1,0,Moderate,13,2
6/14/2026 5:00,Ring Road - Marg,"30.1554,31.3323",30.1554,31.3323,62,62,64,0.859312,FALSE,5,0,6,1,0,Free_Flow,11,1
6/14/2026 5:15,Ring Road - Moneeb,"29.9881,31.2227",29.9881,31.2227,63,68,37,0.898839,FALSE,5,15,6,1,0,Free_Flow,12,1
6/14/2026 5:30,Gamaat El Dowal St,"30.0543,31.2005",30.0543,31.2005,60,77,19,0.905751,FALSE,5,30,6,1,0,Free_Flow,6,1
6/14/2026 5:45,Faisal Street,"30.0051,31.1574",30.0051,31.1574,31,78,16,0.886542,FALSE,5,45,6,1,0,Moderate,4,2
6/14/2026 6:00,North 90th Street,"30.0308,31.4721",30.0308,31.4721,27,67,18,0.910931,FALSE,6,0,6,1,0,Moderate,8,2
6/14/2026 6:15,South 90th Street,"30.0195,31.4326",30.0195,31.4326,56,57,10,0.960851,FALSE,6,15,6,1,0,Free_Flow,15,1
6/14/2026 6:30,Ring Road - Maadi,"29.9544,31.2858",29.9544,31.2858,42,69,41,0.901314,FALSE,6,30,6,1,0,Moderate,10,2
6/14/2026 6:45,October Bridge,"30.0526,31.2372",30.0526,31.2372,29,61,68,0.944702,FALSE,6,45,6,1,0,Moderate,9,2
6/14/2026 7:00,26th July Corridor,"30.0381,31.0264",30.0381,31.0264,19,64,53,0.992998,FALSE,7,0,6,1,1,Congested,0,0
6/14/2026 7:15,Abbas El Akkad,"30.0631,31.3341",30.0631,31.3341,25,72,85,0.876872,FALSE,7,15,6,1,1,Moderate,1,2
6/14/2026 7:30,Galaa Square,"30.0398,31.2188",30.0398,31.2188,25,78,62,0.88058,FALSE,7,30,6,1,1,Moderate,5,2
6/14/2026 7:45,Salah Salem,"30.0645,31.282",30.0645,31.282,30,65,120,0.994899,FALSE,7,45,6,1,1,Moderate,14,2
6/14/2026 8:00,Autostrad - Sheraton,"30.1065,31.3711",30.1065,31.3711,33,64,110,0.870646,FALSE,8,0,6,1,1,Moderate,2,2
6/14/2026 8:15,Tahrir Square,"30.0444,31.2357",30.0444,31.2357,30,76,68,0.855514,FALSE,8,15,6,1,1,Moderate,16,2
6/14/2026 8:30,Corniche El Nil,"30.0263,31.2268",30.0263,31.2268,34,69,114,0.850823,FALSE,8,30,6,1,1,Moderate,3,2
6/14/2026 8:45,Mosheer Tantawy Axis,"30.0242,31.3486",30.0242,31.3486,28,60,81,0.909462,FALSE,8,45,6,1,1,Moderate,7,2
6/14/2026 9:00,Rod El Farag Axis,"30.0881,31.2185",30.0881,31.2185,15,75,45,0.892195,FALSE,9,0,6,1,1,Congested,13,0
6/14/2026 9:15,Ring Road - Marg,"30.1554,31.3323",30.1554,31.3323,27,58,118,0.893414,FALSE,9,15,6,1,1,Moderate,11,2
6/14/2026 9:30,Ring Road - Moneeb,"29.9881,31.2227",29.9881,31.2227,17,78,43,0.933935,FALSE,9,30,6,1,1,Congested,12,0
6/14/2026 9:45,Gamaat El Dowal St,"30.0543,31.2005",30.0543,31.2005,19,78,115,0.945045,FALSE,9,45,6,1,1,Congested,6,0
6/14/2026 10:00,Faisal Street,"30.0051,31.1574",30.0051,31.1574,35,55,63,0.850616,FALSE,10,0,6,1,0,Moderate,4,2
6/14/2026 10:15,North 90th Street,"30.0308,31.4721",30.0308,31.4721,16,60,66,0.993838,FALSE,10,15,6,1,0,Congested,8,0
6/14/2026 10:30,South 90th Street,"30.0195,31.4326",30.0195,31.4326,20,67,109,0.939478,FALSE,10,30,6,1,0,Moderate,15,2
6/14/2026 10:45,Ring Road - Maadi,"29.9544,31.2858",29.9544,31.2858,12,56,97,0.934959,FALSE,10,45,6,1,0,Congested,10,0
6/14/2026 11:00,October Bridge,"30.0526,31.2372",30.0526,31.2372,47,68,31,0.950068,FALSE,11,0,6,1,0,Moderate,9,2
6/14/2026 11:15,26th July Corridor,"30.0381,31.0264",30.0381,31.0264,28,76,53,0.87513,FALSE,11,15,6,1,0,Moderate,0,2
6/14/2026 11:30,Abbas El Akkad,"30.0631,31.3341",30.0631,31.3341,31,61,17,0.997585,FALSE,11,30,6,1,0,Moderate,1,2
6/14/2026 11:45,Galaa Square,"30.0398,31.2188",30.0398,31.2188,60,80,74,0.9242,FALSE,11,45,6,1,0,Free_Flow,5,1
6/14/2026 12:00,Salah Salem,"30.0645,31.282",30.0645,31.282,65,65,21,0.959172,FALSE,12,0,6,1,0,Free_Flow,14,1
6/14/2026 12:15,Autostrad - Sheraton,"30.1065,31.3711",30.1065,31.3711,59,71,62,0.985233,FALSE,12,15,6,1,0,Free_Flow,2,1
6/14/2026 12:30,Tahrir Square,"30.0444,31.2357",30.0444,31.2357,60,65,49,0.88584,FALSE,12,30,6,1,0,Free_Flow,16,1
6/14/2026 12:45,Corniche El Nil,"30.0263,31.2268",30.0263,31.2268,62,72,59,0.925966,FALSE,12,45,6,1,0,Free_Flow,3,1
6/14/2026 13:00,Mosheer Tantawy Axis,"30.0242,31.3486",30.0242,31.3486,46,78,39,0.858978,FALSE,13,0,6,1,0,Moderate,7,2
6/14/2026 13:15,Rod El Farag Axis,"30.0881,31.2185",30.0881,31.2185,29,71,27,0.962839,FALSE,13,15,6,1,0,Moderate,13,2
6/14/2026 13:30,Ring Road - Marg,"30.1554,31.3323",30.1554,31.3323,55,57,71,0.948226,FALSE,13,30,6,1,0,Free_Flow,11,1
6/14/2026 13:45,Ring Road - Moneeb,"29.9881,31.2227",29.9881,31.2227,27,72,12,0.909919,FALSE,13,45,6,1,0,Moderate,12,2
6/14/2026 14:00,Gamaat El Dowal St,"30.0543,31.2005",30.0543,31.2005,54,55,15,0.936255,FALSE,14,0,6,1,0,Free_Flow,6,1
6/14/2026 14:15,Faisal Street,"30.0051,31.1574",30.0051,31.1574,39,72,17,0.978001,FALSE,14,15,6,1,0,Moderate,4,2
6/14/2026 14:30,North 90th Street,"30.0308,31.4721",30.0308,31.4721,36,62,22,0.934437,FALSE,14,30,6,1,0,Moderate,8,2
6/14/2026 14:45,South 90th Street,"30.0195,31.4326",30.0195,31.4326,52,56,72,0.966382,FALSE,14,45,6,1,0,Free_Flow,15,1
6/14/2026 15:00,Ring Road - Maadi,"29.9544,31.2858",29.9544,31.2858,42,68,38,0.932396,FALSE,15,0,6,1,0,Moderate,10,2
6/14/2026 15:15,October Bridge,"30.0526,31.2372",30.0526,31.2372,38,67,30,0.939512,FALSE,15,15,6,1,0,Moderate,9,2
6/14/2026 15:30,26th July Corridor,"30.0381,31.0264",30.0381,31.0264,26,78,74,0.906143,FALSE,15,30,6,1,0,Moderate,0,2
6/14/2026 15:45,Abbas El Akkad,"30.0631,31.3341",30.0631,31.3341,54,62,23,0.894939,FALSE,15,45,6,1,0,Free_Flow,1,1
6/14/2026 16:00,Galaa Square,"30.0398,31.2188",30.0398,31.2188,25,58,60,0.87268,FALSE,16,0,6,1,1,Moderate,5,2
6/14/2026 16:15,Salah Salem,"30.0645,31.282",30.0645,31.282,27,73,110,0.957563,FALSE,16,15,6,1,1,Moderate,14,2
6/14/2026 16:30,Autostrad - Sheraton,"30.1065,31.3711",30.1065,31.3711,16,56,111,0.972653,FALSE,16,30,6,1,1,Congested,2,0
6/14/2026 16:45,Tahrir Square,"30.0444,31.2357",30.0444,31.2357,26,77,64,0.988561,FALSE,16,45,6,1,1,Moderate,16,2
6/14/2026 17:00,Corniche El Nil,"30.0263,31.2268",30.0263,31.2268,26,68,50,0.987871,FALSE,17,0,6,1,1,Moderate,3,2
6/14/2026 17:15,Mosheer Tantawy Axis,"30.0242,31.3486",30.0242,31.3486,29,59,78,0.880085,FALSE,17,15,6,1,1,Moderate,7,2
6/14/2026 17:30,Rod El Farag Axis,"30.0881,31.2185",30.0881,31.2185,19,80,63,0.963514,FALSE,17,30,6,1,1,Congested,13,0
6/14/2026 17:45,Ring Road - Marg,"30.1554,31.3323",30.1554,31.3323,11,64,59,0.892777,FALSE,17,45,6,1,1,Congested,11,0
6/14/2026 18:00,Ring Road - Moneeb,"29.9881,31.2227",29.9881,31.2227,12,59,116,0.922501,FALSE,18,0,6,1,1,Congested,12,0
6/14/2026 18:15,Gamaat El Dowal St,"30.0543,31.2005",30.0543,31.2005,16,56,114,0.866841,FALSE,18,15,6,1,1,Congested,6,0
6/14/2026 18:30,Faisal Street,"30.0051,31.1574",30.0051,31.1574,26,57,75,0.88269,FALSE,18,30,6,1,1,Moderate,4,2
6/14/2026 18:45,North 90th Street,"30.0308,31.4721",30.0308,31.4721,11,62,115,0.890728,FALSE,18,45,6,1,1,Congested,8,0
6/14/2026 19:00,South 90th Street,"30.0195,31.4326",30.0195,31.4326,15,79,119,0.941156,FALSE,19,0,6,1,1,Congested,15,0
6/14/2026 19:15,Ring Road - Maadi,"29.9544,31.2858",29.9544,31.2858,25,64,77,0.896461,FALSE,19,15,6,1,1,Moderate,10,2
6/14/2026 19:30,October Bridge,"30.0526,31.2372",30.0526,31.2372,16,69,101,0.888929,FALSE,19,30,6,1,1,Congested,9,0
6/14/2026 19:45,26th July Corridor,"30.0381,31.0264",30.0381,31.0264,15,59,107,0.889617,FALSE,19,45,6,1,1,Congested,0,0
6/14/2026 20:00,Abbas El Akkad,"30.0631,31.3341",30.0631,31.3341,16,66,64,0.957712,FALSE,20,0,6,1,0,Congested,1,0
6/14/2026 20:15,Galaa Square,"30.0398,31.2188",30.0398,31.2188,30,64,110,0.895134,FALSE,20,15,6,1,0,Moderate,5,2
6/14/2026 20:30,Salah Salem,"30.0645,31.282",30.0645,31.282,11,79,69,0.905587,FALSE,20,30,6,1,0,Congested,14,0
6/14/2026 20:45,Autostrad - Sheraton,"30.1065,31.3711",30.1065,31.3711,19,64,87,0.866255,FALSE,20,45,6,1,0,Congested,2,0
6/14/2026 21:00,Tahrir Square,"30.0444,31.2357",30.0444,31.2357,58,59,54,0.883305,FALSE,21,0,6,1,0,Free_Flow,16,1
6/14/2026 21:15,Corniche El Nil,"30.0263,31.2268",30.0263,31.2268,65,79,41,0.941712,FALSE,21,15,6,1,0,Free_Flow,3,1
6/14/2026 21:30,Mosheer Tantawy Axis,"30.0242,31.3486",30.0242,31.3486,52,78,21,0.911082,FALSE,21,30,6,1,0,Free_Flow,7,1
6/14/2026 21:45,Rod El Farag Axis,"30.0881,31.2185",30.0881,31.2185,45,56,54,0.897201,FALSE,21,45,6,1,0,Moderate,13,2
6/14/2026 22:00,Ring Road - Marg,"30.1554,31.3323",30.1554,31.3323,65,65,42,0.943446,FALSE,22,0,6,1,0,Free_Flow,11,1
6/14/2026 22:15,Ring Road - Moneeb,"29.9881,31.2227",29.9881,31.2227,61,63,58,0.988788,FALSE,22,15,6,1,0,Free_Flow,12,1
6/14/2026 22:30,Gamaat El Dowal St,"30.0543,31.2005",30.0543,31.2005,54,55,36,0.888812,FALSE,22,30,6,1,0,Free_Flow,6,1
6/14/2026 22:45,Faisal Street,"30.0051,31.1574",30.0051,31.1574,55,80,71,0.857371,FALSE,22,45,6,1,0,Free_Flow,4,1
6/14/2026 23:00,North 90th Street,"30.0308,31.4721",30.0308,31.4721,60,60,26,0.945948,FALSE,23,0,6,1,0,Free_Flow,8,1
6/14/2026 23:15,South 90th Street,"30.0195,31.4326",30.0195,31.4326,48,69,10,0.926448,FALSE,23,15,6,1,0,Moderate,15,2
6/14/2026 23:30,Ring Road - Maadi,"29.9544,31.2858",29.9544,31.2858,33,76,35,0.869281,FALSE,23,30,6,1,0,Moderate,10,2
6/14/2026 23:45,October Bridge,"30.0526,31.2372",30.0526,31.2372,53,80,39,0.86437,FALSE,23,45,6,1,0,Free_Flow,9,1
6/15/2026 0:00,26th July Corridor,"30.0381,31.0264",30.0381,31.0264,52,69,79,0.919582,FALSE,0,0,0,0,0,Free_Flow,0,1
6/15/2026 0:15,Abbas El Akkad,"30.0631,31.3341",30.0631,31.3341,60,79,44,0.881012,FALSE,0,15,0,0,0,Free_Flow,1,1
6/15/2026 0:30,Galaa Square,"30.0398,31.2188",30.0398,31.2188,42,78,22,0.955968,FALSE,0,30,0,0,0,Moderate,5,2
6/15/2026 0:45,Salah Salem,"30.0645,31.282",30.0645,31.282,36,56,73,0.971707,FALSE,0,45,0,0,0,Moderate,14,2
6/15/2026 1:00,Autostrad - Sheraton,"30.1065,31.3711",30.1065,31.3711,49,60,25,0.98866,FALSE,1,0,0,0,0,Moderate,2,2
6/15/2026 1:15,Tahrir Square,"30.0444,31.2357",30.0444,31.2357,27,65,36,0.900533,FALSE,1,15,0,0,0,Moderate,16,2
6/15/2026 1:30,Corniche El Nil,"30.0263,31.2268",30.0263,31.2268,53,55,63,0.948086,FALSE,1,30,0,0,0,Free_Flow,3,1
6/15/2026 1:45,Mosheer Tantawy Axis,"30.0242,31.3486",30.0242,31.3486,27,66,52,0.898889,FALSE,1,45,0,0,0,Moderate,7,2
6/15/2026 2:00,Rod El Farag Axis,"30.0881,31.2185",30.0881,31.2185,40,61,66,0.933881,FALSE,2,0,0,0,0,Moderate,13,2
6/15/2026 2:15,Ring Road - Marg,"30.1554,31.3323",30.1554,31.3323,54,68,52,0.935208,FALSE,2,15,0,0,0,Free_Flow,11,1
6/15/2026 2:30,Ring Road - Moneeb,"29.9881,31.2227",29.9881,31.2227,41,80,38,0.900224,FALSE,2,30,0,0,0,Moderate,12,2
6/15/2026 2:45,Gamaat El Dowal St,"30.0543,31.2005",30.0543,31.2005,51,64,68,0.881387,FALSE,2,45,0,0,0,Free_Flow,6,1
6/15/2026 3:00,Faisal Street,"30.0051,31.1574",30.0051,31.1574,43,76,70,0.866769,FALSE,3,0,0,0,0,Moderate,4,2
6/15/2026 3:15,North 90th Street,"30.0308,31.4721",30.0308,31.4721,62,62,71,0.915258,FALSE,3,15,0,0,0,Free_Flow,8,1
6/15/2026 3:30,South 90th Street,"30.0195,31.4326",30.0195,31.4326,36,75,63,0.882042,FALSE,3,30,0,0,0,Moderate,15,2
6/15/2026 3:45,Ring Road - Maadi,"29.9544,31.2858",29.9544,31.2858,59,59,55,0.982059,FALSE,3,45,0,0,0,Free_Flow,10,1
6/15/2026 4:00,October Bridge,"30.0526,31.2372",30.0526,31.2372,59,72,43,0.854624,FALSE,4,0,0,0,0,Free_Flow,9,1
6/15/2026 4:15,26th July Corridor,"30.0381,31.0264",30.0381,31.0264,25,71,21,0.865951,FALSE,4,15,0,0,0,Moderate,0,2
6/15/2026 4:30,Abbas El Akkad,"30.0631,31.3341",30.0631,31.3341,27,78,75,0.894272,FALSE,4,30,0,0,0,Moderate,1,2
6/15/2026 4:45,Galaa Square,"30.0398,31.2188",30.0398,31.2188,55,76,16,0.983167,FALSE,4,45,0,0,0,Free_Flow,5,1
6/15/2026 5:00,Salah Salem,"30.0645,31.282",30.0645,31.282,40,60,57,0.966705,FALSE,5,0,0,0,0,Moderate,14,2
6/15/2026 5:15,Autostrad - Sheraton,"30.1065,31.3711",30.1065,31.3711,55,77,16,0.938795,FALSE,5,15,0,0,0,Free_Flow,2,1
6/15/2026 5:30,Tahrir Square,"30.0444,31.2357",30.0444,31.2357,27,64,48,0.930869,FALSE,5,30,0,0,0,Moderate,16,2
6/15/2026 5:45,Corniche El Nil,"30.0263,31.2268",30.0263,31.2268,25,57,25,0.929383,FALSE,5,45,0,0,0,Moderate,3,2
6/15/2026 6:00,Mosheer Tantawy Axis,"30.0242,31.3486",30.0242,31.3486,38,55,52,0.946809,FALSE,6,0,0,0,0,Moderate,7,2
6/15/2026 6:15,Rod El Farag Axis,"30.0881,31.2185",30.0881,31.2185,50,78,56,0.883919,FALSE,6,15,0,0,0,Free_Flow,13,1
6/15/2026 6:30,Ring Road - Marg,"30.1554,31.3323",30.1554,31.3323,37,71,53,0.952462,FALSE,6,30,0,0,0,Moderate,11,2
6/15/2026 6:45,Ring Road - Moneeb,"29.9881,31.2227",29.9881,31.2227,34,69,13,0.937324,FALSE,6,45,0,0,0,Moderate,12,2
6/15/2026 7:00,Gamaat El Dowal St,"30.0543,31.2005",30.0543,31.2005,11,70,81,0.92659,FALSE,7,0,0,0,1,Congested,6,0
6/15/2026 7:15,Faisal Street,"30.0051,31.1574",30.0051,31.1574,35,80,94,0.904329,FALSE,7,15,0,0,1,Moderate,4,2
6/15/2026 7:30,North 90th Street,"30.0308,31.4721",30.0308,31.4721,11,62,54,0.910201,FALSE,7,30,0,0,1,Congested,8,0
6/15/2026 7:45,South 90th Street,"30.0195,31.4326",30.0195,31.4326,13,60,107,0.93223,FALSE,7,45,0,0,1,Congested,15,0
6/15/2026 8:00,Ring Road - Maadi,"29.9544,31.2858",29.9544,31.2858,11,60,93,0.886914,FALSE,8,0,0,0,1,Congested,10,0
6/15/2026 8:15,October Bridge,"30.0526,31.2372",30.0526,31.2372,29,68,96,0.874999,FALSE,8,15,0,0,1,Moderate,9,2
6/15/2026 8:30,26th July Corridor,"30.0381,31.0264",30.0381,31.0264,25,75,52,0.930986,FALSE,8,30,0,0,1,Moderate,0,2
6/15/2026 8:45,Abbas El Akkad,"30.0631,31.3341",30.0631,31.3341,33,70,112,0.883752,FALSE,8,45,0,0,1,Moderate,1,2
6/15/2026 9:00,Galaa Square,"30.0398,31.2188",30.0398,31.2188,13,65,119,0.996746,FALSE,9,0,0,0,1,Congested,5,0
6/15/2026 9:15,Salah Salem,"30.0645,31.282",30.0645,31.282,23,79,96,0.934569,FALSE,9,15,0,0,1,Moderate,14,2
6/15/2026 9:30,Autostrad - Sheraton,"30.1065,31.3711",30.1065,31.3711,32,65,75,0.993478,FALSE,9,30,0,0,1,Moderate,2,2
6/15/2026 9:45,Tahrir Square,"30.0444,31.2357",30.0444,31.2357,13,56,96,0.933595,FALSE,9,45,0,0,1,Congested,16,0
6/15/2026 10:00,Corniche El Nil,"30.0263,31.2268",30.0263,31.2268,30,73,42,0.911881,FALSE,10,0,0,0,0,Moderate,3,2
6/15/2026 10:15,Mosheer Tantawy Axis,"30.0242,31.3486",30.0242,31.3486,22,80,96,0.942272,FALSE,10,15,0,0,0,Moderate,7,2
6/15/2026 10:30,Rod El Farag Axis,"30.0881,31.2185",30.0881,31.2185,16,64,53,0.867775,FALSE,10,30,0,0,0,Congested,13,0
6/15/2026 10:45,Ring Road - Marg,"30.1554,31.3323",30.1554,31.3323,23,61,113,0.957736,FALSE,10,45,0,0,0,Moderate,11,2
6/15/2026 11:00,Ring Road - Moneeb,"29.9881,31.2227",29.9881,31.2227,59,70,51,0.884897,FALSE,11,0,0,0,0,Free_Flow,12,1
6/15/2026 11:15,Gamaat El Dowal St,"30.0543,31.2005",30.0543,31.2005,27,65,45,0.967261,FALSE,11,15,0,0,0,Moderate,6,2
6/15/2026 11:30,Faisal Street,"30.0051,31.1574",30.0051,31.1574,35,57,63,0.891852,FALSE,11,30,0,0,0,Moderate,4,2
6/15/2026 11:45,North 90th Street,"30.0308,31.4721",30.0308,31.4721,56,76,71,0.890852,FALSE,11,45,0,0,0,Free_Flow,8,1
6/15/2026 12:00,South 90th Street,"30.0195,31.4326",30.0195,31.4326,43,71,43,0.958949,FALSE,12,0,0,0,0,Moderate,15,2
6/15/2026 12:15,Ring Road - Maadi,"29.9544,31.2858",29.9544,31.2858,26,68,59,0.969054,FALSE,12,15,0,0,0,Moderate,10,2
6/15/2026 12:30,October Bridge,"30.0526,31.2372",30.0526,31.2372,50,67,37,0.854365,FALSE,12,30,0,0,0,Free_Flow,9,1
6/15/2026 12:45,26th July Corridor,"30.0381,31.0264",30.0381,31.0264,28,77,79,0.87808,FALSE,12,45,0,0,0,Moderate,0,2
6/15/2026 13:00,Abbas El Akkad,"30.0631,31.3341",30.0631,31.3341,30,57,74,0.888383,FALSE,13,0,0,0,0,Moderate,1,2
6/15/2026 13:15,Galaa Square,"30.0398,31.2188",30.0398,31.2188,31,67,69,0.94549,FALSE,13,15,0,0,0,Moderate,5,2
6/15/2026 13:30,Salah Salem,"30.0645,31.282",30.0645,31.282,42,64,80,0.89979,FALSE,13,30,0,0,0,Moderate,14,2
6/15/2026 13:45,Autostrad - Sheraton,"30.1065,31.3711",30.1065,31.3711,34,56,73,0.881522,FALSE,13,45,0,0,0,Moderate,2,2
6/15/2026 14:00,Tahrir Square,"30.0444,31.2357",30.0444,31.2357,49,65,32,0.920118,FALSE,14,0,0,0,0,Moderate,16,2
6/15/2026 14:15,Corniche El Nil,"30.0263,31.2268",30.0263,31.2268,54,73,63,0.963244,FALSE,14,15,0,0,0,Free_Flow,3,1
6/15/2026 14:30,Mosheer Tantawy Axis,"30.0242,31.3486",30.0242,31.3486,55,74,22,0.884326,FALSE,14,30,0,0,0,Free_Flow,7,1
6/15/2026 14:45,Rod El Farag Axis,"30.0881,31.2185",30.0881,31.2185,51,60,23,0.984833,FALSE,14,45,0,0,0,Free_Flow,13,1
6/15/2026 15:00,Ring Road - Marg,"30.1554,31.3323",30.1554,31.3323,61,78,13,0.930711,FALSE,15,0,0,0,0,Free_Flow,11,1
6/15/2026 15:15,Ring Road - Moneeb,"29.9881,31.2227",29.9881,31.2227,61,66,80,0.94048,FALSE,15,15,0,0,0,Free_Flow,12,1
6/15/2026 15:30,Gamaat El Dowal St,"30.0543,31.2005",30.0543,31.2005,41,58,13,0.964965,FALSE,15,30,0,0,0,Moderate,6,2
6/15/2026 15:45,Faisal Street,"30.0051,31.1574",30.0051,31.1574,25,61,41,0.872097,FALSE,15,45,0,0,0,Moderate,4,2
6/15/2026 16:00,North 90th Street,"30.0308,31.4721",30.0308,31.4721,18,58,47,0.928344,FALSE,16,0,0,0,1,Congested,8,0
6/15/2026 16:15,South 90th Street,"30.0195,31.4326",30.0195,31.4326,25,68,58,0.978126,FALSE,16,15,0,0,1,Moderate,15,2
6/15/2026 16:30,Ring Road - Maadi,"29.9544,31.2858",29.9544,31.2858,13,75,56,0.866036,FALSE,16,30,0,0,1,Congested,10,0
6/15/2026 16:45,October Bridge,"30.0526,31.2372",30.0526,31.2372,26,57,54,0.924196,FALSE,16,45,0,0,1,Moderate,9,2
6/15/2026 17:00,26th July Corridor,"30.0381,31.0264",30.0381,31.0264,13,79,61,0.856507,FALSE,17,0,0,0,1,Congested,0,0
6/15/2026 17:15,Abbas El Akkad,"30.0631,31.3341",30.0631,31.3341,28,80,43,0.855568,FALSE,17,15,0,0,1,Moderate,1,2
6/15/2026 17:30,Galaa Square,"30.0398,31.2188",30.0398,31.2188,34,68,98,0.956574,FALSE,17,30,0,0,1,Moderate,5,2
6/15/2026 17:45,Salah Salem,"30.0645,31.282",30.0645,31.282,29,74,42,0.98293,FALSE,17,45,0,0,1,Moderate,14,2
6/15/2026 18:00,Autostrad - Sheraton,"30.1065,31.3711",30.1065,31.3711,13,60,62,0.932395,FALSE,18,0,0,0,1,Congested,2,0
6/15/2026 18:15,Tahrir Square,"30.0444,31.2357",30.0444,31.2357,29,66,97,0.876864,FALSE,18,15,0,0,1,Moderate,16,2
6/15/2026 18:30,Corniche El Nil,"30.0263,31.2268",30.0263,31.2268,25,60,102,0.914759,FALSE,18,30,0,0,1,Moderate,3,2
6/15/2026 18:45,Mosheer Tantawy Axis,"30.0242,31.3486",30.0242,31.3486,31,69,117,0.893755,FALSE,18,45,0,0,1,Moderate,7,2
6/15/2026 19:00,Rod El Farag Axis,"30.0881,31.2185",30.0881,31.2185,30,66,86,0.937728,FALSE,19,0,0,0,1,Moderate,13,2
6/15/2026 19:15,Ring Road - Marg,"30.1554,31.3323",30.1554,31.3323,15,78,109,0.933577,FALSE,19,15,0,0,1,Congested,11,0
6/15/2026 19:30,Ring Road - Moneeb,"29.9881,31.2227",29.9881,31.2227,10,77,116,0.927111,FALSE,19,30,0,0,1,Congested,12,0
6/15/2026 19:45,Gamaat El Dowal St,"30.0543,31.2005",30.0543,31.2005,23,57,109,0.926907,FALSE,19,45,0,0,1,Moderate,6,2
6/15/2026 20:00,Faisal Street,"30.0051,31.1574",30.0051,31.1574,33,56,107,0.869774,FALSE,20,0,0,0,0,Moderate,4,2
6/15/2026 20:15,North 90th Street,"30.0308,31.4721",30.0308,31.4721,13,65,61,0.975196,FALSE,20,15,0,0,0,Congested,8,0
6/15/2026 20:30,South 90th Street,"30.0195,31.4326",30.0195,31.4326,26,68,56,0.930174,FALSE,20,30,0,0,0,Moderate,15,2
6/15/2026 20:45,Ring Road - Maadi,"29.9544,31.2858",29.9544,31.2858,33,69,97,0.933978,FALSE,20,45,0,0,0,Moderate,10,2
6/15/2026 21:00,October Bridge,"30.0526,31.2372",30.0526,31.2372,35,57,64,0.943898,FALSE,21,0,0,0,0,Moderate,9,2
6/15/2026 21:15,26th July Corridor,"30.0381,31.0264",30.0381,31.0264,35,55,21,0.917711,FALSE,21,15,0,0,0,Moderate,0,2
6/15/2026 21:30,Abbas El Akkad,"30.0631,31.3341",30.0631,31.3341,43,63,29,0.850629,FALSE,21,30,0,0,0,Moderate,1,2
6/15/2026 21:45,Galaa Square,"30.0398,31.2188",30.0398,31.2188,62,79,78,0.983538,FALSE,21,45,0,0,0,Free_Flow,5,1
6/15/2026 22:00,Salah Salem,"30.0645,31.282",30.0645,31.282,29,64,37,0.948912,FALSE,22,0,0,0,0,Moderate,14,2
6/15/2026 22:15,Autostrad - Sheraton,"30.1065,31.3711",30.1065,31.3711,31,66,27,0.85174,FALSE,22,15,0,0,0,Moderate,2,2
6/15/2026 22:30,Tahrir Square,"30.0444,31.2357",30.0444,31.2357,56,67,51,0.975849,FALSE,22,30,0,0,0,Free_Flow,16,1
6/15/2026 22:45,Corniche El Nil,"30.0263,31.2268",30.0263,31.2268,47,56,26,0.913883,FALSE,22,45,0,0,0,Moderate,3,2
6/15/2026 23:00,Mosheer Tantawy Axis,"30.0242,31.3486",30.0242,31.3486,60,78,63,0.91181,FALSE,23,0,0,0,0,Free_Flow,7,1
6/15/2026 23:15,Rod El Farag Axis,"30.0881,31.2185",30.0881,31.2185,64,67,56,0.90495,FALSE,23,15,0,0,0,Free_Flow,13,1
6/15/2026 23:30,Ring Road - Marg,"30.1554,31.3323",30.1554,31.3323,27,70,69,0.935172,FALSE,23,30,0,0,0,Moderate,11,2
6/15/2026 23:45,Ring Road - Moneeb,"29.9881,31.2227",29.9881,31.2227,61,74,76,0.884776,FALSE,23,45,0,0,0,Free_Flow,12,1
6/16/2026 0:00,Gamaat El Dowal St,"30.0543,31.2005",30.0543,31.2005,47,73,46,0.952964,FALSE,0,0,1,0,0,Moderate,6,2
6/16/2026 0:15,Faisal Street,"30.0051,31.1574",30.0051,31.1574,30,67,19,0.859953,FALSE,0,15,1,0,0,Moderate,4,2
6/16/2026 0:30,North 90th Street,"30.0308,31.4721",30.0308,31.4721,62,62,71,0.969508,FALSE,0,30,1,0,0,Free_Flow,8,1
6/16/2026 0:45,South 90th Street,"30.0195,31.4326",30.0195,31.4326,50,65,51,0.972267,FALSE,0,45,1,0,0,Free_Flow,15,1
6/16/2026 1:00,Ring Road - Maadi,"29.9544,31.2858",29.9544,31.2858,45,67,21,0.949146,FALSE,1,0,1,0,0,Moderate,10,2
6/16/2026 1:15,October Bridge,"30.0526,31.2372",30.0526,31.2372,43,62,22,0.891433,FALSE,1,15,1,0,0,Moderate,9,2
6/16/2026 1:30,26th July Corridor,"30.0381,31.0264",30.0381,31.0264,59,59,48,0.925266,FALSE,1,30,1,0,0,Free_Flow,0,1
6/16/2026 1:45,Abbas El Akkad,"30.0631,31.3341",30.0631,31.3341,29,69,67,0.885383,FALSE,1,45,1,0,0,Moderate,1,2
6/16/2026 2:00,Galaa Square,"30.0398,31.2188",30.0398,31.2188,27,73,29,0.863708,FALSE,2,0,1,0,0,Moderate,5,2
6/16/2026 2:15,Salah Salem,"30.0645,31.282",30.0645,31.282,46,58,52,0.990844,FALSE,2,15,1,0,0,Moderate,14,2
6/16/2026 2:30,Autostrad - Sheraton,"30.1065,31.3711",30.1065,31.3711,48,56,21,0.995274,FALSE,2,30,1,0,0,Moderate,2,2
6/16/2026 2:45,Tahrir Square,"30.0444,31.2357",30.0444,31.2357,42,70,71,0.996977,FALSE,2,45,1,0,0,Moderate,16,2
6/16/2026 3:00,Corniche El Nil,"30.0263,31.2268",30.0263,31.2268,49,67,11,0.878105,FALSE,3,0,1,0,0,Moderate,3,2
6/16/2026 3:15,Mosheer Tantawy Axis,"30.0242,31.3486",30.0242,31.3486,38,62,80,0.992784,FALSE,3,15,1,0,0,Moderate,7,2
6/16/2026 3:30,Rod El Farag Axis,"30.0881,31.2185",30.0881,31.2185,37,78,37,0.850777,FALSE,3,30,1,0,0,Moderate,13,2
6/16/2026 3:45,Ring Road - Marg,"30.1554,31.3323",30.1554,31.3323,51,75,47,0.977709,FALSE,3,45,1,0,0,Free_Flow,11,1
6/16/2026 4:00,Ring Road - Moneeb,"29.9881,31.2227",29.9881,31.2227,65,65,58,0.983851,FALSE,4,0,1,0,0,Free_Flow,12,1
6/16/2026 4:15,Gamaat El Dowal St,"30.0543,31.2005",30.0543,31.2005,25,60,48,0.954726,FALSE,4,15,1,0,0,Moderate,6,2
6/16/2026 4:30,Faisal Street,"30.0051,31.1574",30.0051,31.1574,59,62,71,0.899413,FALSE,4,30,1,0,0,Free_Flow,4,1
6/16/2026 4:45,North 90th Street,"30.0308,31.4721",30.0308,31.4721,63,72,33,0.953535,FALSE,4,45,1,0,0,Free_Flow,8,1
6/16/2026 5:00,South 90th Street,"30.0195,31.4326",30.0195,31.4326,30,73,27,0.951431,FALSE,5,0,1,0,0,Moderate,15,2
6/16/2026 5:15,Ring Road - Maadi,"29.9544,31.2858",29.9544,31.2858,51,67,67,0.899134,FALSE,5,15,1,0,0,Free_Flow,10,1
6/16/2026 5:30,October Bridge,"30.0526,31.2372",30.0526,31.2372,30,69,42,0.916986,FALSE,5,30,1,0,0,Moderate,9,2
6/16/2026 5:45,26th July Corridor,"30.0381,31.0264",30.0381,31.0264,25,72,58,0.942845,FALSE,5,45,1,0,0,Moderate,0,2
6/16/2026 6:00,Abbas El Akkad,"30.0631,31.3341",30.0631,31.3341,55,69,34,0.968252,FALSE,6,0,1,0,0,Free_Flow,1,1
6/16/2026 6:15,Galaa Square,"30.0398,31.2188",30.0398,31.2188,48,60,18,0.854517,FALSE,6,15,1,0,0,Moderate,5,2
6/16/2026 6:30,Salah Salem,"30.0645,31.282",30.0645,31.282,64,64,41,0.851618,FALSE,6,30,1,0,0,Free_Flow,14,1
6/16/2026 6:45,Autostrad - Sheraton,"30.1065,31.3711",30.1065,31.3711,48,60,61,0.89975,FALSE,6,45,1,0,0,Moderate,2,2
6/16/2026 7:00,Tahrir Square,"30.0444,31.2357",30.0444,31.2357,10,66,54,0.850445,FALSE,7,0,1,0,1,Congested,16,0
6/16/2026 7:15,Corniche El Nil,"30.0263,31.2268",30.0263,31.2268,10,73,56,0.992249,FALSE,7,15,1,0,1,Congested,3,0
6/16/2026 7:30,Mosheer Tantawy Axis,"30.0242,31.3486",30.0242,31.3486,11,65,115,0.885499,FALSE,7,30,1,0,1,Congested,7,0
6/16/2026 7:45,Rod El Farag Axis,"30.0881,31.2185",30.0881,31.2185,29,64,79,0.964665,FALSE,7,45,1,0,1,Moderate,13,2
6/16/2026 8:00,Ring Road - Marg,"30.1554,31.3323",30.1554,31.3323,14,61,58,0.96276,FALSE,8,0,1,0,1,Congested,11,0
6/16/2026 8:15,Ring Road - Moneeb,"29.9881,31.2227",29.9881,31.2227,15,65,45,0.986803,FALSE,8,15,1,0,1,Congested,12,0
6/16/2026 8:30,Gamaat El Dowal St,"30.0543,31.2005",30.0543,31.2005,28,55,100,0.911622,FALSE,8,30,1,0,1,Moderate,6,2
6/16/2026 8:45,Faisal Street,"30.0051,31.1574",30.0051,31.1574,11,74,118,0.981641,FALSE,8,45,1,0,1,Congested,4,0
6/16/2026 9:00,North 90th Street,"30.0308,31.4721",30.0308,31.4721,16,76,89,0.94114,FALSE,9,0,1,0,1,Congested,8,0
6/16/2026 9:15,South 90th Street,"30.0195,31.4326",30.0195,31.4326,22,58,66,0.974461,FALSE,9,15,1,0,1,Moderate,15,2
6/16/2026 9:30,Ring Road - Maadi,"29.9544,31.2858",29.9544,31.2858,27,76,62,0.907407,FALSE,9,30,1,0,1,Moderate,10,2
6/16/2026 9:45,October Bridge,"30.0526,31.2372",30.0526,31.2372,31,74,81,0.928415,FALSE,9,45,1,0,1,Moderate,9,2
6/16/2026 10:00,26th July Corridor,"30.0381,31.0264",30.0381,31.0264,10,69,41,0.932812,FALSE,10,0,1,0,0,Congested,0,0
6/16/2026 10:15,Abbas El Akkad,"30.0631,31.3341",30.0631,31.3341,20,71,64,0.902834,FALSE,10,15,1,0,0,Moderate,1,2
6/16/2026 10:30,Galaa Square,"30.0398,31.2188",30.0398,31.2188,21,72,79,0.855562,FALSE,10,30,1,0,0,Moderate,5,2
6/16/2026 10:45,Salah Salem,"30.0645,31.282",30.0645,31.282,13,73,63,0.889128,FALSE,10,45,1,0,0,Congested,14,0
6/16/2026 11:00,Autostrad - Sheraton,"30.1065,31.3711",30.1065,31.3711,45,61,55,0.943642,FALSE,11,0,1,0,0,Moderate,2,2
6/16/2026 11:15,Tahrir Square,"30.0444,31.2357",30.0444,31.2357,41,61,22,0.858842,FALSE,11,15,1,0,0,Moderate,16,2
6/16/2026 11:30,Corniche El Nil,"30.0263,31.2268",30.0263,31.2268,30,69,26,0.993366,FALSE,11,30,1,0,0,Moderate,3,2
6/16/2026 11:45,Mosheer Tantawy Axis,"30.0242,31.3486",30.0242,31.3486,28,69,48,0.889204,FALSE,11,45,1,0,0,Moderate,7,2
6/16/2026 12:00,Rod El Farag Axis,"30.0881,31.2185",30.0881,31.2185,26,72,52,0.879072,FALSE,12,0,1,0,0,Moderate,13,2
6/16/2026 12:15,Ring Road - Marg,"30.1554,31.3323",30.1554,31.3323,62,68,77,0.962618,FALSE,12,15,1,0,0,Free_Flow,11,1
6/16/2026 12:30,Ring Road - Moneeb,"29.9881,31.2227",29.9881,31.2227,62,68,27,0.925569,FALSE,12,30,1,0,0,Free_Flow,12,1
6/16/2026 12:45,Gamaat El Dowal St,"30.0543,31.2005",30.0543,31.2005,33,78,36,0.892506,FALSE,12,45,1,0,0,Moderate,6,2
6/16/2026 13:00,Faisal Street,"30.0051,31.1574",30.0051,31.1574,25,58,73,0.948329,FALSE,13,0,1,0,0,Moderate,4,2
6/16/2026 13:15,North 90th Street,"30.0308,31.4721",30.0308,31.4721,27,61,45,0.901896,FALSE,13,15,1,0,0,Moderate,8,2
6/16/2026 13:30,South 90th Street,"30.0195,31.4326",30.0195,31.4326,59,60,56,0.947924,FALSE,13,30,1,0,0,Free_Flow,15,1
6/16/2026 13:45,Ring Road - Maadi,"29.9544,31.2858",29.9544,31.2858,32,61,34,0.915356,FALSE,13,45,1,0,0,Moderate,10,2
6/16/2026 14:00,October Bridge,"30.0526,31.2372",30.0526,31.2372,55,65,35,0.902454,FALSE,14,0,1,0,0,Free_Flow,9,1
6/16/2026 14:15,26th July Corridor,"30.0381,31.0264",30.0381,31.0264,57,75,19,0.902062,FALSE,14,15,1,0,0,Free_Flow,0,1
6/16/2026 14:30,Abbas El Akkad,"30.0631,31.3341",30.0631,31.3341,65,73,32,0.951648,FALSE,14,30,1,0,0,Free_Flow,1,1
6/16/2026 14:45,Galaa Square,"30.0398,31.2188",30.0398,31.2188,39,68,26,0.884063,FALSE,14,45,1,0,0,Moderate,5,2
6/16/2026 15:00,Salah Salem,"30.0645,31.282",30.0645,31.282,48,69,21,0.972514,FALSE,15,0,1,0,0,Moderate,14,2
6/16/2026 15:15,Autostrad - Sheraton,"30.1065,31.3711",30.1065,31.3711,44,71,76,0.916329,FALSE,15,15,1,0,0,Moderate,2,2
6/16/2026 15:30,Tahrir Square,"30.0444,31.2357",30.0444,31.2357,38,64,66,0.998079,FALSE,15,30,1,0,0,Moderate,16,2
6/16/2026 15:45,Corniche El Nil,"30.0263,31.2268",30.0263,31.2268,26,78,78,0.951238,FALSE,15,45,1,0,0,Moderate,3,2
6/16/2026 16:00,Mosheer Tantawy Axis,"30.0242,31.3486",30.0242,31.3486,26,67,53,0.937509,FALSE,16,0,1,0,1,Moderate,7,2
6/16/2026 16:15,Rod El Farag Axis,"30.0881,31.2185",30.0881,31.2185,25,67,97,0.9571,FALSE,16,15,1,0,1,Moderate,13,2
6/16/2026 16:30,Ring Road - Marg,"30.1554,31.3323",30.1554,31.3323,11,59,72,0.930312,FALSE,16,30,1,0,1,Congested,11,0
6/16/2026 16:45,Ring Road - Moneeb,"29.9881,31.2227",29.9881,31.2227,32,63,109,0.992107,FALSE,16,45,1,0,1,Moderate,12,2
6/16/2026 17:00,Gamaat El Dowal St,"30.0543,31.2005",30.0543,31.2005,20,72,101,0.919404,FALSE,17,0,1,0,1,Moderate,6,2
6/16/2026 17:15,Faisal Street,"30.0051,31.1574",30.0051,31.1574,21,61,68,0.877138,FALSE,17,15,1,0,1,Moderate,4,2
6/16/2026 17:30,North 90th Street,"30.0308,31.4721",30.0308,31.4721,18,74,85,0.92973,FALSE,17,30,1,0,1,Congested,8,0
6/16/2026 17:45,South 90th Street,"30.0195,31.4326",30.0195,31.4326,32,79,61,0.874868,FALSE,17,45,1,0,1,Moderate,15,2
6/16/2026 18:00,Ring Road - Maadi,"29.9544,31.2858",29.9544,31.2858,11,76,56,0.987013,FALSE,18,0,1,0,1,Congested,10,0
6/16/2026 18:15,October Bridge,"30.0526,31.2372",30.0526,31.2372,34,58,108,0.914537,FALSE,18,15,1,0,1,Moderate,9,2
6/16/2026 18:30,26th July Corridor,"30.0381,31.0264",30.0381,31.0264,22,58,98,0.911903,FALSE,18,30,1,0,1,Moderate,0,2
6/16/2026 18:45,Abbas El Akkad,"30.0631,31.3341",30.0631,31.3341,34,62,46,0.913159,FALSE,18,45,1,0,1,Moderate,1,2
6/16/2026 19:00,Galaa Square,"30.0398,31.2188",30.0398,31.2188,15,73,46,0.982059,FALSE,19,0,1,0,1,Congested,5,0
6/16/2026 19:15,Salah Salem,"30.0645,31.282",30.0645,31.282,33,65,87,0.872282,FALSE,19,15,1,0,1,Moderate,14,2
6/16/2026 19:30,Autostrad - Sheraton,"30.1065,31.3711",30.1065,31.3711,27,79,68,0.933923,FALSE,19,30,1,0,1,Moderate,2,2
6/16/2026 19:45,Tahrir Square,"30.0444,31.2357",30.0444,31.2357,25,68,92,0.885555,FALSE,19,45,1,0,1,Moderate,16,2
6/16/2026 20:00,Corniche El Nil,"30.0263,31.2268",30.0263,31.2268,35,58,89,0.853092,FALSE,20,0,1,0,0,Moderate,3,2
6/16/2026 20:15,Mosheer Tantawy Axis,"30.0242,31.3486",30.0242,31.3486,12,72,62,0.948284,FALSE,20,15,1,0,0,Congested,7,0
6/16/2026 20:30,Rod El Farag Axis,"30.0881,31.2185",30.0881,31.2185,26,72,45,0.855311,FALSE,20,30,1,0,0,Moderate,13,2
6/16/2026 20:45,Ring Road - Marg,"30.1554,31.3323",30.1554,31.3323,22,76,73,0.953466,FALSE,20,45,1,0,0,Moderate,11,2
6/16/2026 21:00,Ring Road - Moneeb,"29.9881,31.2227",29.9881,31.2227,50,73,62,0.939258,FALSE,21,0,1,0,0,Free_Flow,12,1
6/16/2026 21:15,Gamaat El Dowal St,"30.0543,31.2005",30.0543,31.2005,42,78,76,0.892823,FALSE,21,15,1,0,0,Moderate,6,2
6/16/2026 21:30,Faisal Street,"30.0051,31.1574",30.0051,31.1574,36,70,37,0.875693,FALSE,21,30,1,0,0,Moderate,4,2
6/16/2026 21:45,North 90th Street,"30.0308,31.4721",30.0308,31.4721,56,66,57,0.855162,FALSE,21,45,1,0,0,Free_Flow,8,1
6/16/2026 22:00,South 90th Street,"30.0195,31.4326",30.0195,31.4326,55,73,10,0.938338,FALSE,22,0,1,0,0,Free_Flow,15,1
6/16/2026 22:15,Ring Road - Maadi,"29.9544,31.2858",29.9544,31.2858,60,68,65,0.933115,FALSE,22,15,1,0,0,Free_Flow,10,1
6/16/2026 22:30,October Bridge,"30.0526,31.2372",30.0526,31.2372,28,77,39,0.892133,FALSE,22,30,1,0,0,Moderate,9,2
6/16/2026 22:45,26th July Corridor,"30.0381,31.0264",30.0381,31.0264,57,62,78,0.901691,FALSE,22,45,1,0,0,Free_Flow,0,1
6/16/2026 23:00,Abbas El Akkad,"30.0631,31.3341",30.0631,31.3341,40,78,37,0.858795,FALSE,23,0,1,0,0,Moderate,1,2
6/16/2026 23:15,Galaa Square,"30.0398,31.2188",30.0398,31.2188,56,73,59,0.875447,FALSE,23,15,1,0,0,Free_Flow,5,1
6/16/2026 23:30,Salah Salem,"30.0645,31.282",30.0645,31.282,52,77,59,0.976956,FALSE,23,30,1,0,0,Free_Flow,14,1
6/16/2026 23:45,Autostrad - Sheraton,"30.1065,31.3711",30.1065,31.3711,28,79,56,0.967019,FALSE,23,45,1,0,0,Moderate,2,2
6/17/2026 0:00,Tahrir Square,"30.0444,31.2357",30.0444,31.2357,59,60,74,0.899366,FALSE,0,0,2,0,0,Free_Flow,16,1
6/17/2026 0:15,Corniche El Nil,"30.0263,31.2268",30.0263,31.2268,55,59,25,0.974301,FALSE,0,15,2,0,0,Free_Flow,3,1
6/17/2026 0:30,Mosheer Tantawy Axis,"30.0242,31.3486",30.0242,31.3486,40,59,59,0.910236,FALSE,0,30,2,0,0,Moderate,7,2
6/17/2026 0:45,Rod El Farag Axis,"30.0881,31.2185",30.0881,31.2185,28,74,48,0.881562,FALSE,0,45,2,0,0,Moderate,13,2
6/17/2026 1:00,Ring Road - Marg,"30.1554,31.3323",30.1554,31.3323,61,71,43,0.930946,FALSE,1,0,2,0,0,Free_Flow,11,1
6/17/2026 1:15,Ring Road - Moneeb,"29.9881,31.2227",29.9881,31.2227,58,73,61,0.935732,FALSE,1,15,2,0,0,Free_Flow,12,1
6/17/2026 1:30,Gamaat El Dowal St,"30.0543,31.2005",30.0543,31.2005,42,67,73,0.90104,FALSE,1,30,2,0,0,Moderate,6,2
6/17/2026 1:45,Faisal Street,"30.0051,31.1574",30.0051,31.1574,31,71,79,0.917746,FALSE,1,45,2,0,0,Moderate,4,2
6/17/2026 2:00,North 90th Street,"30.0308,31.4721",30.0308,31.4721,45,78,35,0.873161,FALSE,2,0,2,0,0,Moderate,8,2
6/17/2026 2:15,South 90th Street,"30.0195,31.4326",30.0195,31.4326,48,57,67,0.932058,FALSE,2,15,2,0,0,Moderate,15,2
6/17/2026 2:30,Ring Road - Maadi,"29.9544,31.2858",29.9544,31.2858,30,71,24,0.882384,FALSE,2,30,2,0,0,Moderate,10,2
6/17/2026 2:45,October Bridge,"30.0526,31.2372",30.0526,31.2372,55,55,21,0.911786,FALSE,2,45,2,0,0,Free_Flow,9,1
6/17/2026 3:00,26th July Corridor,"30.0381,31.0264",30.0381,31.0264,41,72,25,0.943713,FALSE,3,0,2,0,0,Moderate,0,2
6/17/2026 3:15,Abbas El Akkad,"30.0631,31.3341",30.0631,31.3341,60,72,69,0.851318,FALSE,3,15,2,0,0,Free_Flow,1,1
6/17/2026 3:30,Galaa Square,"30.0398,31.2188",30.0398,31.2188,40,77,79,0.851096,FALSE,3,30,2,0,0,Moderate,5,2
6/17/2026 3:45,Salah Salem,"30.0645,31.282",30.0645,31.282,25,63,52,0.992202,FALSE,3,45,2,0,0,Moderate,14,2
6/17/2026 4:00,Autostrad - Sheraton,"30.1065,31.3711",30.1065,31.3711,38,63,52,0.871435,FALSE,4,0,2,0,0,Moderate,2,2
6/17/2026 4:15,Tahrir Square,"30.0444,31.2357",30.0444,31.2357,56,73,65,0.966706,FALSE,4,15,2,0,0,Free_Flow,16,1
6/17/2026 4:30,Corniche El Nil,"30.0263,31.2268",30.0263,31.2268,44,78,62,0.912484,FALSE,4,30,2,0,0,Moderate,3,2
6/17/2026 4:45,Mosheer Tantawy Axis,"30.0242,31.3486",30.0242,31.3486,36,67,56,0.885462,FALSE,4,45,2,0,0,Moderate,7,2
6/17/2026 5:00,Rod El Farag Axis,"30.0881,31.2185",30.0881,31.2185,35,79,25,0.91924,FALSE,5,0,2,0,0,Moderate,13,2
6/17/2026 5:15,Ring Road - Marg,"30.1554,31.3323",30.1554,31.3323,48,64,64,0.909118,FALSE,5,15,2,0,0,Moderate,11,2
6/17/2026 5:30,Ring Road - Moneeb,"29.9881,31.2227",29.9881,31.2227,65,65,41,0.9106,FALSE,5,30,2,0,0,Free_Flow,12,1
6/17/2026 5:45,Gamaat El Dowal St,"30.0543,31.2005",30.0543,31.2005,35,67,74,0.977797,FALSE,5,45,2,0,0,Moderate,6,2
6/17/2026 6:00,Faisal Street,"30.0051,31.1574",30.0051,31.1574,27,55,37,0.900943,FALSE,6,0,2,0,0,Moderate,4,2
6/17/2026 6:15,North 90th Street,"30.0308,31.4721",30.0308,31.4721,64,68,49,0.950582,FALSE,6,15,2,0,0,Free_Flow,8,1
6/17/2026 6:30,South 90th Street,"30.0195,31.4326",30.0195,31.4326,49,67,53,0.934198,FALSE,6,30,2,0,0,Moderate,15,2
6/17/2026 6:45,Ring Road - Maadi,"29.9544,31.2858",29.9544,31.2858,28,55,52,0.910149,FALSE,6,45,2,0,0,Moderate,10,2
6/17/2026 7:00,October Bridge,"30.0526,31.2372",30.0526,31.2372,20,71,88,0.9269,FALSE,7,0,2,0,1,Moderate,9,2
6/17/2026 7:15,26th July Corridor,"30.0381,31.0264",30.0381,31.0264,17,55,86,0.951981,FALSE,7,15,2,0,1,Congested,0,0
6/17/2026 7:30,Abbas El Akkad,"30.0631,31.3341",30.0631,31.3341,32,59,76,0.914585,FALSE,7,30,2,0,1,Moderate,1,2
6/17/2026 7:45,Galaa Square,"30.0398,31.2188",30.0398,31.2188,30,76,120,0.91712,FALSE,7,45,2,0,1,Moderate,5,2
6/17/2026 8:00,Salah Salem,"30.0645,31.282",30.0645,31.282,28,74,120,0.884585,FALSE,8,0,2,0,1,Moderate,14,2
6/17/2026 8:15,Autostrad - Sheraton,"30.1065,31.3711",30.1065,31.3711,14,74,63,0.974569,FALSE,8,15,2,0,1,Congested,2,0
6/17/2026 8:30,Tahrir Square,"30.0444,31.2357",30.0444,31.2357,21,59,83,0.956808,FALSE,8,30,2,0,1,Moderate,16,2
6/17/2026 8:45,Corniche El Nil,"30.0263,31.2268",30.0263,31.2268,15,73,92,0.851849,FALSE,8,45,2,0,1,Congested,3,0
6/17/2026 9:00,Mosheer Tantawy Axis,"30.0242,31.3486",30.0242,31.3486,22,73,57,0.92753,FALSE,9,0,2,0,1,Moderate,7,2
6/17/2026 9:15,Rod El Farag Axis,"30.0881,31.2185",30.0881,31.2185,24,62,91,0.955439,FALSE,9,15,2,0,1,Moderate,13,2
6/17/2026 9:30,Ring Road - Marg,"30.1554,31.3323",30.1554,31.3323,15,73,86,0.923418,FALSE,9,30,2,0,1,Congested,11,0
6/17/2026 9:45,Ring Road - Moneeb,"29.9881,31.2227",29.9881,31.2227,21,58,42,0.925046,FALSE,9,45,2,0,1,Moderate,12,2
6/17/2026 10:00,Gamaat El Dowal St,"30.0543,31.2005",30.0543,31.2005,29,57,76,0.851972,FALSE,10,0,2,0,0,Moderate,6,2
6/17/2026 10:15,Faisal Street,"30.0051,31.1574",30.0051,31.1574,33,55,73,0.944726,FALSE,10,15,2,0,0,Moderate,4,2
6/17/2026 10:30,North 90th Street,"30.0308,31.4721",30.0308,31.4721,32,60,108,0.913797,FALSE,10,30,2,0,0,Moderate,8,2
6/17/2026 10:45,South 90th Street,"30.0195,31.4326",30.0195,31.4326,30,72,119,0.943232,FALSE,10,45,2,0,0,Moderate,15,2
6/17/2026 11:00,Ring Road - Maadi,"29.9544,31.2858",29.9544,31.2858,58,77,42,0.995663,FALSE,11,0,2,0,0,Free_Flow,10,1
6/17/2026 11:15,October Bridge,"30.0526,31.2372",30.0526,31.2372,46,77,63,0.947154,FALSE,11,15,2,0,0,Moderate,9,2
6/17/2026 11:30,26th July Corridor,"30.0381,31.0264",30.0381,31.0264,37,56,43,0.916472,FALSE,11,30,2,0,0,Moderate,0,2
6/17/2026 11:45,Abbas El Akkad,"30.0631,31.3341",30.0631,31.3341,59,79,69,0.945037,FALSE,11,45,2,0,0,Free_Flow,1,1
6/17/2026 12:00,Galaa Square,"30.0398,31.2188",30.0398,31.2188,51,74,69,0.908238,FALSE,12,0,2,0,0,Free_Flow,5,1
6/17/2026 12:15,Salah Salem,"30.0645,31.282",30.0645,31.282,28,77,31,0.978364,FALSE,12,15,2,0,0,Moderate,14,2
6/17/2026 12:30,Autostrad - Sheraton,"30.1065,31.3711",30.1065,31.3711,35,71,79,0.941129,FALSE,12,30,2,0,0,Moderate,2,2
6/17/2026 12:45,Tahrir Square,"30.0444,31.2357",30.0444,31.2357,47,60,57,0.902189,FALSE,12,45,2,0,0,Moderate,16,2
6/17/2026 13:00,Corniche El Nil,"30.0263,31.2268",30.0263,31.2268,47,65,10,0.96248,FALSE,13,0,2,0,0,Moderate,3,2
6/17/2026 13:15,Mosheer Tantawy Axis,"30.0242,31.3486",30.0242,31.3486,43,64,10,0.905484,FALSE,13,15,2,0,0,Moderate,7,2
6/17/2026 13:30,Rod El Farag Axis,"30.0881,31.2185",30.0881,31.2185,58,58,79,0.855175,FALSE,13,30,2,0,0,Free_Flow,13,1
6/17/2026 13:45,Ring Road - Marg,"30.1554,31.3323",30.1554,31.3323,55,75,65,0.941657,FALSE,13,45,2,0,0,Free_Flow,11,1
6/17/2026 14:00,Ring Road - Moneeb,"29.9881,31.2227",29.9881,31.2227,63,63,35,0.975959,FALSE,14,0,2,0,0,Free_Flow,12,1
6/17/2026 14:15,Gamaat El Dowal St,"30.0543,31.2005",30.0543,31.2005,26,76,54,0.965575,FALSE,14,15,2,0,0,Moderate,6,2
6/17/2026 14:30,Faisal Street,"30.0051,31.1574",30.0051,31.1574,32,71,60,0.937206,FALSE,14,30,2,0,0,Moderate,4,2
6/17/2026 14:45,North 90th Street,"30.0308,31.4721",30.0308,31.4721,27,70,39,0.850143,FALSE,14,45,2,0,0,Moderate,8,2
6/17/2026 15:00,South 90th Street,"30.0195,31.4326",30.0195,31.4326,39,74,38,0.866875,FALSE,15,0,2,0,0,Moderate,15,2
6/17/2026 15:15,Ring Road - Maadi,"29.9544,31.2858",29.9544,31.2858,38,71,42,0.964532,FALSE,15,15,2,0,0,Moderate,10,2
6/17/2026 15:30,October Bridge,"30.0526,31.2372",30.0526,31.2372,26,76,28,0.874302,FALSE,15,30,2,0,0,Moderate,9,2
6/17/2026 15:45,26th July Corridor,"30.0381,31.0264",30.0381,31.0264,31,67,62,0.935445,FALSE,15,45,2,0,0,Moderate,0,2
6/17/2026 16:00,Abbas El Akkad,"30.0631,31.3341",30.0631,31.3341,14,79,109,0.960217,FALSE,16,0,2,0,1,Congested,1,0
6/17/2026 16:15,Galaa Square,"30.0398,31.2188",30.0398,31.2188,10,70,48,0.903548,FALSE,16,15,2,0,1,Congested,5,0
6/17/2026 16:30,Salah Salem,"30.0645,31.282",30.0645,31.282,10,76,63,0.994042,FALSE,16,30,2,0,1,Congested,14,0
6/17/2026 16:45,Autostrad - Sheraton,"30.1065,31.3711",30.1065,31.3711,33,70,47,0.990105,FALSE,16,45,2,0,1,Moderate,2,2
6/17/2026 17:00,Tahrir Square,"30.0444,31.2357",30.0444,31.2357,26,78,87,0.932827,FALSE,17,0,2,0,1,Moderate,16,2
6/17/2026 17:15,Corniche El Nil,"30.0263,31.2268",30.0263,31.2268,29,77,76,0.884329,FALSE,17,15,2,0,1,Moderate,3,2
6/17/2026 17:30,Mosheer Tantawy Axis,"30.0242,31.3486",30.0242,31.3486,23,56,111,0.911595,FALSE,17,30,2,0,1,Moderate,7,2
6/17/2026 17:45,Rod El Farag Axis,"30.0881,31.2185",30.0881,31.2185,11,79,48,0.890223,FALSE,17,45,2,0,1,Congested,13,0
6/17/2026 18:00,Ring Road - Marg,"30.1554,31.3323",30.1554,31.3323,34,62,88,0.895807,FALSE,18,0,2,0,1,Moderate,11,2
6/17/2026 18:15,Ring Road - Moneeb,"29.9881,31.2227",29.9881,31.2227,24,72,47,0.852856,FALSE,18,15,2,0,1,Moderate,12,2
6/17/2026 18:30,Gamaat El Dowal St,"30.0543,31.2005",30.0543,31.2005,30,74,66,0.912434,FALSE,18,30,2,0,1,Moderate,6,2
6/17/2026 18:45,Faisal Street,"30.0051,31.1574",30.0051,31.1574,12,78,106,0.858809,FALSE,18,45,2,0,1,Congested,4,0
6/17/2026 19:00,North 90th Street,"30.0308,31.4721",30.0308,31.4721,24,75,80,0.97351,FALSE,19,0,2,0,1,Moderate,8,2
6/17/2026 19:15,South 90th Street,"30.0195,31.4326",30.0195,31.4326,22,57,114,0.925681,FALSE,19,15,2,0,1,Moderate,15,2
6/17/2026 19:30,Ring Road - Maadi,"29.9544,31.2858",29.9544,31.2858,27,79,117,0.998611,FALSE,19,30,2,0,1,Moderate,10,2
6/17/2026 19:45,October Bridge,"30.0526,31.2372",30.0526,31.2372,12,59,114,0.996878,FALSE,19,45,2,0,1,Congested,9,0
6/17/2026 20:00,26th July Corridor,"30.0381,31.0264",30.0381,31.0264,15,74,84,0.878045,FALSE,20,0,2,0,0,Congested,0,0
6/17/2026 20:15,Abbas El Akkad,"30.0631,31.3341",30.0631,31.3341,28,69,101,0.961329,FALSE,20,15,2,0,0,Moderate,1,2
6/17/2026 20:30,Galaa Square,"30.0398,31.2188",30.0398,31.2188,22,65,63,0.925007,FALSE,20,30,2,0,0,Moderate,5,2
6/17/2026 20:45,Salah Salem,"30.0645,31.282",30.0645,31.282,15,70,42,0.884106,FALSE,20,45,2,0,0,Congested,14,0
6/17/2026 21:00,Autostrad - Sheraton,"30.1065,31.3711",30.1065,31.3711,46,68,24,0.91746,FALSE,21,0,2,0,0,Moderate,2,2
6/17/2026 21:15,Tahrir Square,"30.0444,31.2357",30.0444,31.2357,58,61,11,0.948004,FALSE,21,15,2,0,0,Free_Flow,16,1
6/17/2026 21:30,Corniche El Nil,"30.0263,31.2268",30.0263,31.2268,33,69,67,0.996058,FALSE,21,30,2,0,0,Moderate,3,2
6/17/2026 21:45,Mosheer Tantawy Axis,"30.0242,31.3486",30.0242,31.3486,42,73,30,0.904266,FALSE,21,45,2,0,0,Moderate,7,2
6/17/2026 22:00,Rod El Farag Axis,"30.0881,31.2185",30.0881,31.2185,29,76,44,0.900542,FALSE,22,0,2,0,0,Moderate,13,2
6/17/2026 22:15,Ring Road - Marg,"30.1554,31.3323",30.1554,31.3323,58,76,28,0.945768,FALSE,22,15,2,0,0,Free_Flow,11,1
6/17/2026 22:30,Ring Road - Moneeb,"29.9881,31.2227",29.9881,31.2227,53,69,62,0.97256,FALSE,22,30,2,0,0,Free_Flow,12,1
6/17/2026 22:45,Gamaat El Dowal St,"30.0543,31.2005",30.0543,31.2005,27,57,12,0.850693,FALSE,22,45,2,0,0,Moderate,6,2
6/17/2026 23:00,Faisal Street,"30.0051,31.1574",30.0051,31.1574,48,73,55,0.878837,FALSE,23,0,2,0,0,Moderate,4,2
6/17/2026 23:15,North 90th Street,"30.0308,31.4721",30.0308,31.4721,46,77,38,0.900717,FALSE,23,15,2,0,0,Moderate,8,2
6/17/2026 23:30,South 90th Street,"30.0195,31.4326",30.0195,31.4326,38,79,54,0.991233,FALSE,23,30,2,0,0,Moderate,15,2
6/17/2026 23:45,Ring Road - Maadi,"29.9544,31.2858",29.9544,31.2858,53,55,16,0.852697,FALSE,23,45,2,0,0,Free_Flow,10,1
6/18/2026 0:00,October Bridge,"30.0526,31.2372",30.0526,31.2372,58,61,51,0.94712,FALSE,0,0,3,0,0,Free_Flow,9,1
6/18/2026 0:15,26th July Corridor,"30.0381,31.0264",30.0381,31.0264,38,62,31,0.940519,FALSE,0,15,3,0,0,Moderate,0,2
6/18/2026 0:30,Abbas El Akkad,"30.0631,31.3341",30.0631,31.3341,65,68,14,0.901961,FALSE,0,30,3,0,0,Free_Flow,1,1
6/18/2026 0:45,Galaa Square,"30.0398,31.2188",30.0398,31.2188,27,73,71,0.884966,FALSE,0,45,3,0,0,Moderate,5,2
6/18/2026 1:00,Salah Salem,"30.0645,31.282",30.0645,31.282,52,69,17,0.850626,FALSE,1,0,3,0,0,Free_Flow,14,1
6/18/2026 1:15,Autostrad - Sheraton,"30.1065,31.3711",30.1065,31.3711,61,62,62,0.86788,FALSE,1,15,3,0,0,Free_Flow,2,1
6/18/2026 1:30,Tahrir Square,"30.0444,31.2357",30.0444,31.2357,39,69,42,0.911406,FALSE,1,30,3,0,0,Moderate,16,2
6/18/2026 1:45,Corniche El Nil,"30.0263,31.2268",30.0263,31.2268,30,72,59,0.91721,FALSE,1,45,3,0,0,Moderate,3,2
6/18/2026 2:00,Mosheer Tantawy Axis,"30.0242,31.3486",30.0242,31.3486,61,62,30,0.863892,FALSE,2,0,3,0,0,Free_Flow,7,1
6/18/2026 2:15,Rod El Farag Axis,"30.0881,31.2185",30.0881,31.2185,31,75,46,0.952811,FALSE,2,15,3,0,0,Moderate,13,2
6/18/2026 2:30,Ring Road - Marg,"30.1554,31.3323",30.1554,31.3323,38,71,26,0.987277,FALSE,2,30,3,0,0,Moderate,11,2
6/18/2026 2:45,Ring Road - Moneeb,"29.9881,31.2227",29.9881,31.2227,40,73,51,0.981739,FALSE,2,45,3,0,0,Moderate,12,2
6/18/2026 3:00,Gamaat El Dowal St,"30.0543,31.2005",30.0543,31.2005,55,74,61,0.996757,FALSE,3,0,3,0,0,Free_Flow,6,1
6/18/2026 3:15,Faisal Street,"30.0051,31.1574",30.0051,31.1574,40,59,27,0.88313,FALSE,3,15,3,0,0,Moderate,4,2
6/18/2026 3:30,North 90th Street,"30.0308,31.4721",30.0308,31.4721,27,79,21,0.932646,FALSE,3,30,3,0,0,Moderate,8,2
6/18/2026 3:45,South 90th Street,"30.0195,31.4326",30.0195,31.4326,34,57,31,0.866618,FALSE,3,45,3,0,0,Moderate,15,2
6/18/2026 4:00,Ring Road - Maadi,"29.9544,31.2858",29.9544,31.2858,63,74,55,0.854557,FALSE,4,0,3,0,0,Free_Flow,10,1
6/18/2026 4:15,October Bridge,"30.0526,31.2372",30.0526,31.2372,51,77,37,0.91604,FALSE,4,15,3,0,0,Free_Flow,9,1
6/18/2026 4:30,26th July Corridor,"30.0381,31.0264",30.0381,31.0264,65,65,52,0.964707,FALSE,4,30,3,0,0,Free_Flow,0,1
6/18/2026 4:45,Abbas El Akkad,"30.0631,31.3341",30.0631,31.3341,27,64,19,0.938886,FALSE,4,45,3,0,0,Moderate,1,2
6/18/2026 5:00,Galaa Square,"30.0398,31.2188",30.0398,31.2188,40,65,59,0.905829,FALSE,5,0,3,0,0,Moderate,5,2
6/18/2026 5:15,Salah Salem,"30.0645,31.282",30.0645,31.282,50,80,50,0.975965,FALSE,5,15,3,0,0,Free_Flow,14,1
6/18/2026 5:30,Autostrad - Sheraton,"30.1065,31.3711",30.1065,31.3711,60,75,78,0.950275,FALSE,5,30,3,0,0,Free_Flow,2,1
6/18/2026 5:45,Tahrir Square,"30.0444,31.2357",30.0444,31.2357,56,71,76,0.981513,FALSE,5,45,3,0,0,Free_Flow,16,1
6/18/2026 6:00,Corniche El Nil,"30.0263,31.2268",30.0263,31.2268,64,64,66,0.981514,FALSE,6,0,3,0,0,Free_Flow,3,1
6/18/2026 6:15,Mosheer Tantawy Axis,"30.0242,31.3486",30.0242,31.3486,62,64,55,0.997584,FALSE,6,15,3,0,0,Free_Flow,7,1
6/18/2026 6:30,Rod El Farag Axis,"30.0881,31.2185",30.0881,31.2185,59,71,77,0.877494,FALSE,6,30,3,0,0,Free_Flow,13,1
6/18/2026 6:45,Ring Road - Marg,"30.1554,31.3323",30.1554,31.3323,45,67,54,0.99884,FALSE,6,45,3,0,0,Moderate,11,2
6/18/2026 7:00,Ring Road - Moneeb,"29.9881,31.2227",29.9881,31.2227,22,58,63,0.970494,FALSE,7,0,3,0,1,Moderate,12,2
6/18/2026 7:15,Gamaat El Dowal St,"30.0543,31.2005",30.0543,31.2005,26,73,90,0.961797,FALSE,7,15,3,0,1,Moderate,6,2
6/18/2026 7:30,Faisal Street,"30.0051,31.1574",30.0051,31.1574,31,71,115,0.866686,FALSE,7,30,3,0,1,Moderate,4,2
6/18/2026 7:45,North 90th Street,"30.0308,31.4721",30.0308,31.4721,27,69,76,0.992571,FALSE,7,45,3,0,1,Moderate,8,2
6/18/2026 8:00,South 90th Street,"30.0195,31.4326",30.0195,31.4326,27,67,96,0.998876,FALSE,8,0,3,0,1,Moderate,15,2
6/18/2026 8:15,Ring Road - Maadi,"29.9544,31.2858",29.9544,31.2858,20,80,79,0.906431,FALSE,8,15,3,0,1,Moderate,10,2
6/18/2026 8:30,October Bridge,"30.0526,31.2372",30.0526,31.2372,17,79,51,0.970127,FALSE,8,30,3,0,1,Congested,9,0
6/18/2026 8:45,26th July Corridor,"30.0381,31.0264",30.0381,31.0264,23,67,89,0.908255,FALSE,8,45,3,0,1,Moderate,0,2
6/18/2026 9:00,Abbas El Akkad,"30.0631,31.3341",30.0631,31.3341,12,64,98,0.864585,FALSE,9,0,3,0,1,Congested,1,0
6/18/2026 9:15,Galaa Square,"30.0398,31.2188",30.0398,31.2188,27,71,88,0.963081,FALSE,9,15,3,0,1,Moderate,5,2
6/18/2026 9:30,Salah Salem,"30.0645,31.282",30.0645,31.282,19,75,113,0.964781,FALSE,9,30,3,0,1,Congested,14,0
6/18/2026 9:45,Autostrad - Sheraton,"30.1065,31.3711",30.1065,31.3711,21,70,106,0.964014,FALSE,9,45,3,0,1,Moderate,2,2
6/18/2026 10:00,Tahrir Square,"30.0444,31.2357",30.0444,31.2357,19,70,76,0.995255,FALSE,10,0,3,0,0,Congested,16,0
6/18/2026 10:15,Corniche El Nil,"30.0263,31.2268",30.0263,31.2268,14,70,79,0.950314,FALSE,10,15,3,0,0,Congested,3,0
6/18/2026 10:30,Mosheer Tantawy Axis,"30.0242,31.3486",30.0242,31.3486,23,78,100,0.963879,FALSE,10,30,3,0,0,Moderate,7,2
6/18/2026 10:45,Rod El Farag Axis,"30.0881,31.2185",30.0881,31.2185,14,68,55,0.963677,FALSE,10,45,3,0,0,Congested,13,0
6/18/2026 11:00,Ring Road - Marg,"30.1554,31.3323",30.1554,31.3323,39,60,35,0.898756,FALSE,11,0,3,0,0,Moderate,11,2
6/18/2026 11:15,Ring Road - Moneeb,"29.9881,31.2227",29.9881,31.2227,63,79,57,0.927384,FALSE,11,15,3,0,0,Free_Flow,12,1
6/18/2026 11:30,Gamaat El Dowal St,"30.0543,31.2005",30.0543,31.2005,46,70,12,0.993022,FALSE,11,30,3,0,0,Moderate,6,2
6/18/2026 11:45,Faisal Street,"30.0051,31.1574",30.0051,31.1574,60,62,76,0.952699,FALSE,11,45,3,0,0,Free_Flow,4,1
6/18/2026 12:00,North 90th Street,"30.0308,31.4721",30.0308,31.4721,34,72,69,0.898582,FALSE,12,0,3,0,0,Moderate,8,2
6/18/2026 12:15,South 90th Street,"30.0195,31.4326",30.0195,31.4326,56,57,50,0.98488,FALSE,12,15,3,0,0,Free_Flow,15,1
6/18/2026 12:30,Ring Road - Maadi,"29.9544,31.2858",29.9544,31.2858,57,68,30,0.879559,FALSE,12,30,3,0,0,Free_Flow,10,1
6/18/2026 12:45,October Bridge,"30.0526,31.2372",30.0526,31.2372,57,67,49,0.871925,FALSE,12,45,3,0,0,Free_Flow,9,1
6/18/2026 13:00,26th July Corridor,"30.0381,31.0264",30.0381,31.0264,30,65,45,0.976376,FALSE,13,0,3,0,0,Moderate,0,2
6/18/2026 13:15,Abbas El Akkad,"30.0631,31.3341",30.0631,31.3341,60,62,21,0.887215,FALSE,13,15,3,0,0,Free_Flow,1,1
6/18/2026 13:30,Galaa Square,"30.0398,31.2188",30.0398,31.2188,56,78,39,0.894998,FALSE,13,30,3,0,0,Free_Flow,5,1
6/18/2026 13:45,Salah Salem,"30.0645,31.282",30.0645,31.282,50,66,55,0.885946,FALSE,13,45,3,0,0,Free_Flow,14,1
6/18/2026 14:00,Autostrad - Sheraton,"30.1065,31.3711",30.1065,31.3711,61,73,37,0.877637,FALSE,14,0,3,0,0,Free_Flow,2,1
6/18/2026 14:15,Tahrir Square,"30.0444,31.2357",30.0444,31.2357,60,77,70,0.974263,FALSE,14,15,3,0,0,Free_Flow,16,1
6/18/2026 14:30,Corniche El Nil,"30.0263,31.2268",30.0263,31.2268,44,68,70,0.92506,FALSE,14,30,3,0,0,Moderate,3,2
6/18/2026 14:45,Mosheer Tantawy Axis,"30.0242,31.3486",30.0242,31.3486,38,61,43,0.94898,FALSE,14,45,3,0,0,Moderate,7,2
6/18/2026 15:00,Rod El Farag Axis,"30.0881,31.2185",30.0881,31.2185,41,61,53,0.908586,FALSE,15,0,3,0,0,Moderate,13,2
6/18/2026 15:15,Ring Road - Marg,"30.1554,31.3323",30.1554,31.3323,57,69,37,0.852779,FALSE,15,15,3,0,0,Free_Flow,11,1
6/18/2026 15:30,Ring Road - Moneeb,"29.9881,31.2227",29.9881,31.2227,30,72,69,0.87667,FALSE,15,30,3,0,0,Moderate,12,2
6/18/2026 15:45,Gamaat El Dowal St,"30.0543,31.2005",30.0543,31.2005,54,77,29,0.973081,FALSE,15,45,3,0,0,Free_Flow,6,1
6/18/2026 16:00,Faisal Street,"30.0051,31.1574",30.0051,31.1574,26,62,84,0.930068,FALSE,16,0,3,0,1,Moderate,4,2
6/18/2026 16:15,North 90th Street,"30.0308,31.4721",30.0308,31.4721,28,62,111,0.888001,FALSE,16,15,3,0,1,Moderate,8,2
6/18/2026 16:30,South 90th Street,"30.0195,31.4326",30.0195,31.4326,16,73,88,0.943909,FALSE,16,30,3,0,1,Congested,15,0
6/18/2026 16:45,Ring Road - Maadi,"29.9544,31.2858",29.9544,31.2858,17,77,76,0.960687,FALSE,16,45,3,0,1,Congested,10,0
6/18/2026 17:00,October Bridge,"30.0526,31.2372",30.0526,31.2372,11,66,63,0.912633,FALSE,17,0,3,0,1,Congested,9,0
6/18/2026 17:15,26th July Corridor,"30.0381,31.0264",30.0381,31.0264,23,68,55,0.907277,FALSE,17,15,3,0,1,Moderate,0,2
6/18/2026 17:30,Abbas El Akkad,"30.0631,31.3341",30.0631,31.3341,19,69,104,0.961007,FALSE,17,30,3,0,1,Congested,1,0
6/18/2026 17:45,Galaa Square,"30.0398,31.2188",30.0398,31.2188,22,79,47,0.969701,FALSE,17,45,3,0,1,Moderate,5,2
6/18/2026 18:00,Salah Salem,"30.0645,31.282",30.0645,31.282,30,77,110,0.87478,FALSE,18,0,3,0,1,Moderate,14,2
6/18/2026 18:15,Autostrad - Sheraton,"30.1065,31.3711",30.1065,31.3711,32,66,98,0.931345,FALSE,18,15,3,0,1,Moderate,2,2
6/18/2026 18:30,Tahrir Square,"30.0444,31.2357",30.0444,31.2357,31,55,88,0.98133,FALSE,18,30,3,0,1,Moderate,16,2
6/18/2026 18:45,Corniche El Nil,"30.0263,31.2268",30.0263,31.2268,25,80,95,0.874421,FALSE,18,45,3,0,1,Moderate,3,2
6/18/2026 19:00,Mosheer Tantawy Axis,"30.0242,31.3486",30.0242,31.3486,30,71,97,0.965589,FALSE,19,0,3,0,1,Moderate,7,2
6/18/2026 19:15,Rod El Farag Axis,"30.0881,31.2185",30.0881,31.2185,15,77,60,0.928268,FALSE,19,15,3,0,1,Congested,13,0
6/18/2026 19:30,Ring Road - Marg,"30.1554,31.3323",30.1554,31.3323,31,59,106,0.884126,FALSE,19,30,3,0,1,Moderate,11,2
6/18/2026 19:45,Ring Road - Moneeb,"29.9881,31.2227",29.9881,31.2227,17,70,79,0.895036,FALSE,19,45,3,0,1,Congested,12,0
6/18/2026 20:00,Gamaat El Dowal St,"30.0543,31.2005",30.0543,31.2005,35,80,79,0.936093,FALSE,20,0,3,0,0,Moderate,6,2
6/18/2026 20:15,Faisal Street,"30.0051,31.1574",30.0051,31.1574,12,58,75,0.862014,FALSE,20,15,3,0,0,Congested,4,0
6/18/2026 20:30,North 90th Street,"30.0308,31.4721",30.0308,31.4721,24,73,69,0.892264,FALSE,20,30,3,0,0,Moderate,8,2
6/18/2026 20:45,South 90th Street,"30.0195,31.4326",30.0195,31.4326,27,68,99,0.935574,FALSE,20,45,3,0,0,Moderate,15,2
6/18/2026 21:00,Ring Road - Maadi,"29.9544,31.2858",29.9544,31.2858,61,70,17,0.917941,FALSE,21,0,3,0,0,Free_Flow,10,1
6/18/2026 21:15,October Bridge,"30.0526,31.2372",30.0526,31.2372,65,68,21,0.926866,FALSE,21,15,3,0,0,Free_Flow,9,1
6/18/2026 21:30,26th July Corridor,"30.0381,31.0264",30.0381,31.0264,47,60,30,0.895557,FALSE,21,30,3,0,0,Moderate,0,2
6/18/2026 21:45,Abbas El Akkad,"30.0631,31.3341",30.0631,31.3341,58,70,25,0.863957,FALSE,21,45,3,0,0,Free_Flow,1,1
6/18/2026 22:00,Galaa Square,"30.0398,31.2188",30.0398,31.2188,38,69,70,0.898827,FALSE,22,0,3,0,0,Moderate,5,2
6/18/2026 22:15,Salah Salem,"30.0645,31.282",30.0645,31.282,29,62,49,0.992555,FALSE,22,15,3,0,0,Moderate,14,2
6/18/2026 22:30,Autostrad - Sheraton,"30.1065,31.3711",30.1065,31.3711,36,71,26,0.855059,FALSE,22,30,3,0,0,Moderate,2,2
6/18/2026 22:45,Tahrir Square,"30.0444,31.2357",30.0444,31.2357,30,66,42,0.935439,FALSE,22,45,3,0,0,Moderate,16,2
6/18/2026 23:00,Corniche El Nil,"30.0263,31.2268",30.0263,31.2268,58,70,47,0.968187,FALSE,23,0,3,0,0,Free_Flow,3,1
6/18/2026 23:15,Mosheer Tantawy Axis,"30.0242,31.3486",30.0242,31.3486,43,65,58,0.902732,FALSE,23,15,3,0,0,Moderate,7,2
6/18/2026 23:30,Rod El Farag Axis,"30.0881,31.2185",30.0881,31.2185,36,69,34,0.990717,FALSE,23,30,3,0,0,Moderate,13,2
6/18/2026 23:45,Ring Road - Marg,"30.1554,31.3323",30.1554,31.3323,46,75,38,0.954178,FALSE,23,45,3,0,0,Moderate,11,2
6/19/2026 0:00,Ring Road - Moneeb,"29.9881,31.2227",29.9881,31.2227,65,65,12,0.900938,FALSE,0,0,4,0,0,Free_Flow,12,1
6/19/2026 0:15,Gamaat El Dowal St,"30.0543,31.2005",30.0543,31.2005,39,63,29,0.981001,FALSE,0,15,4,0,0,Moderate,6,2
6/19/2026 0:30,Faisal Street,"30.0051,31.1574",30.0051,31.1574,74,74,48,0.931202,FALSE,0,30,4,0,0,Free_Flow,4,1
6/19/2026 0:45,North 90th Street,"30.0308,31.4721",30.0308,31.4721,71,79,33,0.911465,FALSE,0,45,4,0,0,Free_Flow,8,1
6/19/2026 1:00,South 90th Street,"30.0195,31.4326",30.0195,31.4326,57,78,7,0.950299,FALSE,1,0,4,0,0,Free_Flow,15,1
6/19/2026 1:15,Ring Road - Maadi,"29.9544,31.2858",29.9544,31.2858,41,59,35,0.851448,FALSE,1,15,4,0,0,Moderate,10,2
6/19/2026 1:30,October Bridge,"30.0526,31.2372",30.0526,31.2372,42,55,10,0.906858,FALSE,1,30,4,0,0,Moderate,9,2
6/19/2026 1:45,26th July Corridor,"30.0381,31.0264",30.0381,31.0264,66,66,26,0.999208,FALSE,1,45,4,0,0,Free_Flow,0,1
6/19/2026 2:00,Abbas El Akkad,"30.0631,31.3341",30.0631,31.3341,58,61,33,0.879405,FALSE,2,0,4,0,0,Free_Flow,1,1
6/19/2026 2:15,Galaa Square,"30.0398,31.2188",30.0398,31.2188,60,63,31,0.986701,FALSE,2,15,4,0,0,Free_Flow,5,1
6/19/2026 2:30,Salah Salem,"30.0645,31.282",30.0645,31.282,56,63,6,0.990961,FALSE,2,30,4,0,0,Free_Flow,14,1
6/19/2026 2:45,Autostrad - Sheraton,"30.1065,31.3711",30.1065,31.3711,70,78,39,0.944622,FALSE,2,45,4,0,0,Free_Flow,2,1
6/19/2026 3:00,Tahrir Square,"30.0444,31.2357",30.0444,31.2357,47,58,39,0.879229,FALSE,3,0,4,0,0,Moderate,16,2
6/19/2026 3:15,Corniche El Nil,"30.0263,31.2268",30.0263,31.2268,63,63,24,0.98124,FALSE,3,15,4,0,0,Free_Flow,3,1
6/19/2026 3:30,Mosheer Tantawy Axis,"30.0242,31.3486",30.0242,31.3486,55,76,43,0.928633,FALSE,3,30,4,0,0,Free_Flow,7,1
6/19/2026 3:45,Rod El Farag Axis,"30.0881,31.2185",30.0881,31.2185,65,78,14,0.943873,FALSE,3,45,4,0,0,Free_Flow,13,1
6/19/2026 4:00,Ring Road - Marg,"30.1554,31.3323",30.1554,31.3323,61,67,43,0.909229,FALSE,4,0,4,0,0,Free_Flow,11,1
6/19/2026 4:15,Ring Road - Moneeb,"29.9881,31.2227",29.9881,31.2227,44,73,10,0.921177,FALSE,4,15,4,0,0,Moderate,12,2
6/19/2026 4:30,Gamaat El Dowal St,"30.0543,31.2005",30.0543,31.2005,48,77,49,0.943562,FALSE,4,30,4,0,0,Moderate,6,2
6/19/2026 4:45,Faisal Street,"30.0051,31.1574",30.0051,31.1574,61,62,6,0.955554,FALSE,4,45,4,0,0,Free_Flow,4,1
6/19/2026 5:00,North 90th Street,"30.0308,31.4721",30.0308,31.4721,50,72,42,0.959679,FALSE,5,0,4,0,0,Free_Flow,8,1
6/19/2026 5:15,South 90th Street,"30.0195,31.4326",30.0195,31.4326,74,74,31,0.999481,FALSE,5,15,4,0,0,Free_Flow,15,1
6/19/2026 5:30,Ring Road - Maadi,"29.9544,31.2858",29.9544,31.2858,38,72,35,0.94921,FALSE,5,30,4,0,0,Moderate,10,2
6/19/2026 5:45,October Bridge,"30.0526,31.2372",30.0526,31.2372,52,74,45,0.935095,FALSE,5,45,4,0,0,Free_Flow,9,1
6/19/2026 6:00,26th July Corridor,"30.0381,31.0264",30.0381,31.0264,45,60,24,0.944117,FALSE,6,0,4,0,0,Moderate,0,2
6/19/2026 6:15,Abbas El Akkad,"30.0631,31.3341",30.0631,31.3341,68,68,28,0.93716,FALSE,6,15,4,0,0,Free_Flow,1,1
6/19/2026 6:30,Galaa Square,"30.0398,31.2188",30.0398,31.2188,72,76,49,0.882615,FALSE,6,30,4,0,0,Free_Flow,5,1
6/19/2026 6:45,Salah Salem,"30.0645,31.282",30.0645,31.282,53,72,34,0.99088,FALSE,6,45,4,0,0,Free_Flow,14,1
6/19/2026 7:00,Autostrad - Sheraton,"30.1065,31.3711",30.1065,31.3711,64,70,31,0.922233,FALSE,7,0,4,0,1,Free_Flow,2,1
6/19/2026 7:15,Tahrir Square,"30.0444,31.2357",30.0444,31.2357,61,61,12,0.863784,FALSE,7,15,4,0,1,Free_Flow,16,1
6/19/2026 7:30,Corniche El Nil,"30.0263,31.2268",30.0263,31.2268,60,80,30,0.958522,FALSE,7,30,4,0,1,Free_Flow,3,1
6/19/2026 7:45,Mosheer Tantawy Axis,"30.0242,31.3486",30.0242,31.3486,67,71,19,0.854893,FALSE,7,45,4,0,1,Free_Flow,7,1
6/19/2026 8:00,Rod El Farag Axis,"30.0881,31.2185",30.0881,31.2185,55,71,21,0.980381,FALSE,8,0,4,0,1,Free_Flow,13,1
6/19/2026 8:15,Ring Road - Marg,"30.1554,31.3323",30.1554,31.3323,62,66,33,0.858564,FALSE,8,15,4,0,1,Free_Flow,11,1
6/19/2026 8:30,Ring Road - Moneeb,"29.9881,31.2227",29.9881,31.2227,57,61,9,0.993319,FALSE,8,30,4,0,1,Free_Flow,12,1
6/19/2026 8:45,Gamaat El Dowal St,"30.0543,31.2005",30.0543,31.2005,52,71,7,0.946338,FALSE,8,45,4,0,1,Free_Flow,6,1
6/19/2026 9:00,Faisal Street,"30.0051,31.1574",30.0051,31.1574,44,62,39,0.866859,FALSE,9,0,4,0,1,Moderate,4,2
6/19/2026 9:15,North 90th Street,"30.0308,31.4721",30.0308,31.4721,49,78,40,0.923817,FALSE,9,15,4,0,1,Moderate,8,2
6/19/2026 9:30,South 90th Street,"30.0195,31.4326",30.0195,31.4326,38,77,26,0.984588,FALSE,9,30,4,0,1,Moderate,15,2
6/19/2026 9:45,Ring Road - Maadi,"29.9544,31.2858",29.9544,31.2858,44,59,15,0.857761,FALSE,9,45,4,0,1,Moderate,10,2
6/19/2026 10:00,October Bridge,"30.0526,31.2372",30.0526,31.2372,72,72,33,0.861508,FALSE,10,0,4,0,0,Free_Flow,9,1
6/19/2026 10:15,26th July Corridor,"30.0381,31.0264",30.0381,31.0264,60,60,32,0.861528,FALSE,10,15,4,0,0,Free_Flow,0,1
6/19/2026 10:30,Abbas El Akkad,"30.0631,31.3341",30.0631,31.3341,46,69,48,0.95993,FALSE,10,30,4,0,0,Moderate,1,2
6/19/2026 10:45,Galaa Square,"30.0398,31.2188",30.0398,31.2188,37,65,14,0.989666,FALSE,10,45,4,0,0,Moderate,5,2
6/19/2026 11:00,Salah Salem,"30.0645,31.282",30.0645,31.282,47,62,37,0.854585,FALSE,11,0,4,0,0,Moderate,14,2
6/19/2026 11:15,Autostrad - Sheraton,"30.1065,31.3711",30.1065,31.3711,36,69,7,0.923037,FALSE,11,15,4,0,0,Moderate,2,2
6/19/2026 11:30,Tahrir Square,"30.0444,31.2357",30.0444,31.2357,73,75,30,0.863378,FALSE,11,30,4,0,0,Free_Flow,16,1
6/19/2026 11:45,Corniche El Nil,"30.0263,31.2268",30.0263,31.2268,58,63,6,0.947874,FALSE,11,45,4,0,0,Free_Flow,3,1
6/19/2026 12:00,Mosheer Tantawy Axis,"30.0242,31.3486",30.0242,31.3486,39,73,34,0.932754,FALSE,12,0,4,0,0,Moderate,7,2
6/19/2026 12:15,Rod El Farag Axis,"30.0881,31.2185",30.0881,31.2185,63,75,35,0.98596,FALSE,12,15,4,0,0,Free_Flow,13,1
6/19/2026 12:30,Ring Road - Marg,"30.1554,31.3323",30.1554,31.3323,60,60,17,0.955651,FALSE,12,30,4,0,0,Free_Flow,11,1
6/19/2026 12:45,Ring Road - Moneeb,"29.9881,31.2227",29.9881,31.2227,63,77,19,0.911732,FALSE,12,45,4,0,0,Free_Flow,12,1
6/19/2026 13:00,Gamaat El Dowal St,"30.0543,31.2005",30.0543,31.2005,55,62,9,0.875105,FALSE,13,0,4,0,0,Free_Flow,6,1
6/19/2026 13:15,Faisal Street,"30.0051,31.1574",30.0051,31.1574,67,78,17,0.862646,FALSE,13,15,4,0,0,Free_Flow,4,1
6/19/2026 13:30,North 90th Street,"30.0308,31.4721",30.0308,31.4721,63,63,34,0.966997,FALSE,13,30,4,0,0,Free_Flow,8,1
6/19/2026 13:45,South 90th Street,"30.0195,31.4326",30.0195,31.4326,44,69,23,0.867693,FALSE,13,45,4,0,0,Moderate,15,2
6/19/2026 14:00,Ring Road - Maadi,"29.9544,31.2858",29.9544,31.2858,48,78,45,0.983451,FALSE,14,0,4,0,0,Moderate,10,2
6/19/2026 14:15,October Bridge,"30.0526,31.2372",30.0526,31.2372,57,64,43,0.948378,FALSE,14,15,4,0,0,Free_Flow,9,1
6/19/2026 14:30,26th July Corridor,"30.0381,31.0264",30.0381,31.0264,69,69,17,0.955106,FALSE,14,30,4,0,0,Free_Flow,0,1
6/19/2026 14:45,Abbas El Akkad,"30.0631,31.3341",30.0631,31.3341,72,72,18,0.932633,FALSE,14,45,4,0,0,Free_Flow,1,1
6/19/2026 15:00,Galaa Square,"30.0398,31.2188",30.0398,31.2188,65,65,18,0.952364,FALSE,15,0,4,0,0,Free_Flow,5,1
6/19/2026 15:15,Salah Salem,"30.0645,31.282",30.0645,31.282,54,65,6,0.958507,FALSE,15,15,4,0,0,Free_Flow,14,1
6/19/2026 15:30,Autostrad - Sheraton,"30.1065,31.3711",30.1065,31.3711,56,75,18,0.902968,FALSE,15,30,4,0,0,Free_Flow,2,1
6/19/2026 15:45,Tahrir Square,"30.0444,31.2357",30.0444,31.2357,46,69,41,0.861581,FALSE,15,45,4,0,0,Moderate,16,2
6/19/2026 16:00,Corniche El Nil,"30.0263,31.2268",30.0263,31.2268,63,80,46,0.891227,FALSE,16,0,4,0,1,Free_Flow,3,1
6/19/2026 16:15,Mosheer Tantawy Axis,"30.0242,31.3486",30.0242,31.3486,75,76,36,0.974476,FALSE,16,15,4,0,1,Free_Flow,7,1
6/19/2026 16:30,Rod El Farag Axis,"30.0881,31.2185",30.0881,31.2185,57,76,35,0.966384,FALSE,16,30,4,0,1,Free_Flow,13,1
6/19/2026 16:45,Ring Road - Marg,"30.1554,31.3323",30.1554,31.3323,75,75,11,0.990219,FALSE,16,45,4,0,1,Free_Flow,11,1
6/19/2026 17:00,Ring Road - Moneeb,"29.9881,31.2227",29.9881,31.2227,45,56,26,0.944541,FALSE,17,0,4,0,1,Moderate,12,2
6/19/2026 17:15,Gamaat El Dowal St,"30.0543,31.2005",30.0543,31.2005,36,79,47,0.990104,FALSE,17,15,4,0,1,Moderate,6,2
6/19/2026 17:30,Faisal Street,"30.0051,31.1574",30.0051,31.1574,63,63,29,0.851653,FALSE,17,30,4,0,1,Free_Flow,4,1
6/19/2026 17:45,North 90th Street,"30.0308,31.4721",30.0308,31.4721,43,68,27,0.970055,FALSE,17,45,4,0,1,Moderate,8,2
6/19/2026 18:00,South 90th Street,"30.0195,31.4326",30.0195,31.4326,71,71,47,0.856557,FALSE,18,0,4,0,1,Free_Flow,15,1
6/19/2026 18:15,Ring Road - Maadi,"29.9544,31.2858",29.9544,31.2858,64,73,37,0.980892,FALSE,18,15,4,0,1,Free_Flow,10,1
6/19/2026 18:30,October Bridge,"30.0526,31.2372",30.0526,31.2372,41,58,49,0.86357,FALSE,18,30,4,0,1,Moderate,9,2
6/19/2026 18:45,26th July Corridor,"30.0381,31.0264",30.0381,31.0264,65,78,50,0.862977,FALSE,18,45,4,0,1,Free_Flow,0,1
6/19/2026 19:00,Abbas El Akkad,"30.0631,31.3341",30.0631,31.3341,71,71,8,0.93308,FALSE,19,0,4,0,1,Free_Flow,1,1
6/19/2026 19:15,Galaa Square,"30.0398,31.2188",30.0398,31.2188,58,77,16,0.912204,FALSE,19,15,4,0,1,Free_Flow,5,1
6/19/2026 19:30,Salah Salem,"30.0645,31.282",30.0645,31.282,65,65,25,0.909986,FALSE,19,30,4,0,1,Free_Flow,14,1
6/19/2026 19:45,Autostrad - Sheraton,"30.1065,31.3711",30.1065,31.3711,69,69,36,0.864772,FALSE,19,45,4,0,1,Free_Flow,2,1
6/19/2026 20:00,Tahrir Square,"30.0444,31.2357",30.0444,31.2357,73,73,29,0.863625,FALSE,20,0,4,0,0,Free_Flow,16,1
6/19/2026 20:15,Corniche El Nil,"30.0263,31.2268",30.0263,31.2268,47,74,24,0.866055,FALSE,20,15,4,0,0,Moderate,3,2
6/19/2026 20:30,Mosheer Tantawy Axis,"30.0242,31.3486",30.0242,31.3486,53,55,8,0.943706,FALSE,20,30,4,0,0,Free_Flow,7,1
6/19/2026 20:45,Rod El Farag Axis,"30.0881,31.2185",30.0881,31.2185,56,79,36,0.87193,FALSE,20,45,4,0,0,Free_Flow,13,1
6/19/2026 21:00,Ring Road - Marg,"30.1554,31.3323",30.1554,31.3323,60,74,24,0.852902,FALSE,21,0,4,0,0,Free_Flow,11,1
6/19/2026 21:15,Ring Road - Moneeb,"29.9881,31.2227",29.9881,31.2227,63,63,17,0.945625,FALSE,21,15,4,0,0,Free_Flow,12,1
6/19/2026 21:30,Gamaat El Dowal St,"30.0543,31.2005",30.0543,31.2005,56,62,32,0.881257,FALSE,21,30,4,0,0,Free_Flow,6,1
6/19/2026 21:45,Faisal Street,"30.0051,31.1574",30.0051,31.1574,73,73,20,0.982804,FALSE,21,45,4,0,0,Free_Flow,4,1
6/19/2026 22:00,North 90th Street,"30.0308,31.4721",30.0308,31.4721,39,60,18,0.934158,FALSE,22,0,4,0,0,Moderate,8,2
6/19/2026 22:15,South 90th Street,"30.0195,31.4326",30.0195,31.4326,43,73,41,0.868015,FALSE,22,15,4,0,0,Moderate,15,2
6/19/2026 22:30,Ring Road - Maadi,"29.9544,31.2858",29.9544,31.2858,36,61,19,0.993093,FALSE,22,30,4,0,0,Moderate,10,2
6/19/2026 22:45,October Bridge,"30.0526,31.2372",30.0526,31.2372,40,72,33,0.888818,FALSE,22,45,4,0,0,Moderate,9,2
6/19/2026 23:00,26th July Corridor,"30.0381,31.0264",30.0381,31.0264,40,72,47,0.92294,FALSE,23,0,4,0,0,Moderate,0,2
6/19/2026 23:15,Abbas El Akkad,"30.0631,31.3341",30.0631,31.3341,68,68,26,0.953783,FALSE,23,15,4,0,0,Free_Flow,1,1
6/19/2026 23:30,Galaa Square,"30.0398,31.2188",30.0398,31.2188,55,63,25,0.972721,FALSE,23,30,4,0,0,Free_Flow,5,1
6/19/2026 23:45,Salah Salem,"30.0645,31.282",30.0645,31.282,59,59,32,0.975518,FALSE,23,45,4,0,0,Free_Flow,14,1
6/20/2026 0:00,Autostrad - Sheraton,"30.1065,31.3711",30.1065,31.3711,47,58,34,0.985962,FALSE,0,0,5,1,0,Moderate,2,2
6/20/2026 0:15,Tahrir Square,"30.0444,31.2357",30.0444,31.2357,41,58,14,0.940597,FALSE,0,15,5,1,0,Moderate,16,2
6/20/2026 0:30,Corniche El Nil,"30.0263,31.2268",30.0263,31.2268,43,77,32,0.971765,FALSE,0,30,5,1,0,Moderate,3,2
6/20/2026 0:45,Mosheer Tantawy Axis,"30.0242,31.3486",30.0242,31.3486,74,74,31,0.967508,FALSE,0,45,5,1,0,Free_Flow,7,1
6/20/2026 1:00,Rod El Farag Axis,"30.0881,31.2185",30.0881,31.2185,74,77,40,0.961904,FALSE,1,0,5,1,0,Free_Flow,13,1
6/20/2026 1:15,Ring Road - Marg,"30.1554,31.3323",30.1554,31.3323,49,65,23,0.876749,FALSE,1,15,5,1,0,Moderate,11,2
6/20/2026 1:30,Ring Road - Moneeb,"29.9881,31.2227",29.9881,31.2227,35,62,44,0.961158,FALSE,1,30,5,1,0,Moderate,12,2
6/20/2026 1:45,Gamaat El Dowal St,"30.0543,31.2005",30.0543,31.2005,69,69,40,0.933228,FALSE,1,45,5,1,0,Free_Flow,6,1
6/20/2026 2:00,Faisal Street,"30.0051,31.1574",30.0051,31.1574,51,63,21,0.966905,FALSE,2,0,5,1,0,Free_Flow,4,1
6/20/2026 2:15,North 90th Street,"30.0308,31.4721",30.0308,31.4721,73,73,31,0.918486,FALSE,2,15,5,1,0,Free_Flow,8,1
6/20/2026 2:30,South 90th Street,"30.0195,31.4326",30.0195,31.4326,55,66,19,0.97787,FALSE,2,30,5,1,0,Free_Flow,15,1
6/20/2026 2:45,Ring Road - Maadi,"29.9544,31.2858",29.9544,31.2858,43,57,36,0.859429,FALSE,2,45,5,1,0,Moderate,10,2
6/20/2026 3:00,October Bridge,"30.0526,31.2372",30.0526,31.2372,50,75,36,0.875154,FALSE,3,0,5,1,0,Free_Flow,9,1
6/20/2026 3:15,26th July Corridor,"30.0381,31.0264",30.0381,31.0264,72,72,41,0.942459,FALSE,3,15,5,1,0,Free_Flow,0,1
6/20/2026 3:30,Abbas El Akkad,"30.0631,31.3341",30.0631,31.3341,53,59,42,0.920946,FALSE,3,30,5,1,0,Free_Flow,1,1
6/20/2026 3:45,Galaa Square,"30.0398,31.2188",30.0398,31.2188,51,78,16,0.993016,FALSE,3,45,5,1,0,Free_Flow,5,1
6/20/2026 4:00,Salah Salem,"30.0645,31.282",30.0645,31.282,35,55,18,0.881293,FALSE,4,0,5,1,0,Moderate,14,2
6/20/2026 4:15,Autostrad - Sheraton,"30.1065,31.3711",30.1065,31.3711,43,74,42,0.971426,FALSE,4,15,5,1,0,Moderate,2,2
6/20/2026 4:30,Tahrir Square,"30.0444,31.2357",30.0444,31.2357,56,60,10,0.942398,FALSE,4,30,5,1,0,Free_Flow,16,1
6/20/2026 4:45,Corniche El Nil,"30.0263,31.2268",30.0263,31.2268,51,77,47,0.976452,FALSE,4,45,5,1,0,Free_Flow,3,1
6/20/2026 5:00,Mosheer Tantawy Axis,"30.0242,31.3486",30.0242,31.3486,45,59,17,0.866803,FALSE,5,0,5,1,0,Moderate,7,2
6/20/2026 5:15,Rod El Farag Axis,"30.0881,31.2185",30.0881,31.2185,37,62,5,0.942742,FALSE,5,15,5,1,0,Moderate,13,2
6/20/2026 5:30,Ring Road - Marg,"30.1554,31.3323",30.1554,31.3323,44,62,16,0.902171,FALSE,5,30,5,1,0,Moderate,11,2
6/20/2026 5:45,Ring Road - Moneeb,"29.9881,31.2227",29.9881,31.2227,44,78,20,0.929547,FALSE,5,45,5,1,0,Moderate,12,2
6/20/2026 6:00,Gamaat El Dowal St,"30.0543,31.2005",30.0543,31.2005,65,65,11,0.964722,FALSE,6,0,5,1,0,Free_Flow,6,1
6/20/2026 6:15,Faisal Street,"30.0051,31.1574",30.0051,31.1574,49,68,12,0.921689,FALSE,6,15,5,1,0,Moderate,4,2
6/20/2026 6:30,North 90th Street,"30.0308,31.4721",30.0308,31.4721,48,78,37,0.885658,FALSE,6,30,5,1,0,Moderate,8,2
6/20/2026 6:45,South 90th Street,"30.0195,31.4326",30.0195,31.4326,43,71,15,0.852091,FALSE,6,45,5,1,0,Moderate,15,2
6/20/2026 7:00,Ring Road - Maadi,"29.9544,31.2858",29.9544,31.2858,66,68,49,0.971026,FALSE,7,0,5,1,1,Free_Flow,10,1
6/20/2026 7:15,October Bridge,"30.0526,31.2372",30.0526,31.2372,57,67,8,0.937729,FALSE,7,15,5,1,1,Free_Flow,9,1
6/20/2026 7:30,26th July Corridor,"30.0381,31.0264",30.0381,31.0264,38,69,25,0.858925,FALSE,7,30,5,1,1,Moderate,0,2
6/20/2026 7:45,Abbas El Akkad,"30.0631,31.3341",30.0631,31.3341,63,75,18,0.910779,FALSE,7,45,5,1,1,Free_Flow,1,1
6/20/2026 8:00,Galaa Square,"30.0398,31.2188",30.0398,31.2188,44,76,41,0.909791,FALSE,8,0,5,1,1,Moderate,5,2
6/20/2026 8:15,Salah Salem,"30.0645,31.282",30.0645,31.282,37,66,23,0.994484,FALSE,8,15,5,1,1,Moderate,14,2
6/20/2026 8:30,Autostrad - Sheraton,"30.1065,31.3711",30.1065,31.3711,61,67,15,0.910438,FALSE,8,30,5,1,1,Free_Flow,2,1
6/20/2026 8:45,Tahrir Square,"30.0444,31.2357",30.0444,31.2357,49,70,23,0.989509,FALSE,8,45,5,1,1,Moderate,16,2
6/20/2026 9:00,Corniche El Nil,"30.0263,31.2268",30.0263,31.2268,48,72,22,0.903439,FALSE,9,0,5,1,1,Moderate,3,2
6/20/2026 9:15,Mosheer Tantawy Axis,"30.0242,31.3486",30.0242,31.3486,42,61,8,0.882774,FALSE,9,15,5,1,1,Moderate,7,2
6/20/2026 9:30,Rod El Farag Axis,"30.0881,31.2185",30.0881,31.2185,72,75,20,0.951529,FALSE,9,30,5,1,1,Free_Flow,13,1
6/20/2026 9:45,Ring Road - Marg,"30.1554,31.3323",30.1554,31.3323,35,59,10,0.865655,FALSE,9,45,5,1,1,Moderate,11,2
6/20/2026 10:00,Ring Road - Moneeb,"29.9881,31.2227",29.9881,31.2227,67,67,41,0.894362,FALSE,10,0,5,1,0,Free_Flow,12,1
6/20/2026 10:15,Gamaat El Dowal St,"30.0543,31.2005",30.0543,31.2005,49,63,10,0.998036,FALSE,10,15,5,1,0,Moderate,6,2
6/20/2026 10:30,Faisal Street,"30.0051,31.1574",30.0051,31.1574,44,79,17,0.954796,FALSE,10,30,5,1,0,Moderate,4,2
6/20/2026 10:45,North 90th Street,"30.0308,31.4721",30.0308,31.4721,56,69,40,0.955185,FALSE,10,45,5,1,0,Free_Flow,8,1
6/20/2026 11:00,South 90th Street,"30.0195,31.4326",30.0195,31.4326,67,77,12,0.930712,FALSE,11,0,5,1,0,Free_Flow,15,1
6/20/2026 11:15,Ring Road - Maadi,"29.9544,31.2858",29.9544,31.2858,41,80,23,0.888536,FALSE,11,15,5,1,0,Moderate,10,2
6/20/2026 11:30,October Bridge,"30.0526,31.2372",30.0526,31.2372,46,75,16,0.879491,FALSE,11,30,5,1,0,Moderate,9,2
6/20/2026 11:45,26th July Corridor,"30.0381,31.0264",30.0381,31.0264,35,60,42,0.952271,FALSE,11,45,5,1,0,Moderate,0,2
6/20/2026 12:00,Abbas El Akkad,"30.0631,31.3341",30.0631,31.3341,60,61,28,0.869742,FALSE,12,0,5,1,0,Free_Flow,1,1
6/20/2026 12:15,Galaa Square,"30.0398,31.2188",30.0398,31.2188,69,69,38,0.872129,FALSE,12,15,5,1,0,Free_Flow,5,1
6/20/2026 12:30,Salah Salem,"30.0645,31.282",30.0645,31.282,68,68,49,0.8708,FALSE,12,30,5,1,0,Free_Flow,14,1
6/20/2026 12:45,Autostrad - Sheraton,"30.1065,31.3711",30.1065,31.3711,63,63,5,0.986568,FALSE,12,45,5,1,0,Free_Flow,2,1
6/20/2026 13:00,Tahrir Square,"30.0444,31.2357",30.0444,31.2357,70,70,25,0.950223,FALSE,13,0,5,1,0,Free_Flow,16,1
6/20/2026 13:15,Corniche El Nil,"30.0263,31.2268",30.0263,31.2268,69,77,40,0.939573,FALSE,13,15,5,1,0,Free_Flow,3,1
6/20/2026 13:30,Mosheer Tantawy Axis,"30.0242,31.3486",30.0242,31.3486,70,76,50,0.960151,FALSE,13,30,5,1,0,Free_Flow,7,1
6/20/2026 13:45,Rod El Farag Axis,"30.0881,31.2185",30.0881,31.2185,50,80,39,0.918495,FALSE,13,45,5,1,0,Free_Flow,13,1
6/20/2026 14:00,Ring Road - Marg,"30.1554,31.3323",30.1554,31.3323,61,68,19,0.948155,FALSE,14,0,5,1,0,Free_Flow,11,1
6/20/2026 14:15,Ring Road - Moneeb,"29.9881,31.2227",29.9881,31.2227,45,68,39,0.883116,FALSE,14,15,5,1,0,Moderate,12,2
6/20/2026 14:30,Gamaat El Dowal St,"30.0543,31.2005",30.0543,31.2005,41,66,5,0.874526,FALSE,14,30,5,1,0,Moderate,6,2
6/20/2026 14:45,Faisal Street,"30.0051,31.1574",30.0051,31.1574,57,57,48,0.989461,FALSE,14,45,5,1,0,Free_Flow,4,1
6/20/2026 15:00,North 90th Street,"30.0308,31.4721",30.0308,31.4721,67,67,44,0.926063,FALSE,15,0,5,1,0,Free_Flow,8,1
6/20/2026 15:15,South 90th Street,"30.0195,31.4326",30.0195,31.4326,41,62,37,0.905826,FALSE,15,15,5,1,0,Moderate,15,2
6/20/2026 15:30,Ring Road - Maadi,"29.9544,31.2858",29.9544,31.2858,73,78,14,0.859303,FALSE,15,30,5,1,0,Free_Flow,10,1
6/20/2026 15:45,October Bridge,"30.0526,31.2372",30.0526,31.2372,41,63,46,0.864233,FALSE,15,45,5,1,0,Moderate,9,2
6/20/2026 16:00,26th July Corridor,"30.0381,31.0264",30.0381,31.0264,58,67,9,0.975784,FALSE,16,0,5,1,1,Free_Flow,0,1
6/20/2026 16:15,Abbas El Akkad,"30.0631,31.3341",30.0631,31.3341,48,59,34,0.970988,FALSE,16,15,5,1,1,Moderate,1,2
6/20/2026 16:30,Galaa Square,"30.0398,31.2188",30.0398,31.2188,61,75,43,0.980583,FALSE,16,30,5,1,1,Free_Flow,5,1
6/20/2026 16:45,Salah Salem,"30.0645,31.282",30.0645,31.282,65,70,28,0.935627,FALSE,16,45,5,1,1,Free_Flow,14,1
6/20/2026 17:00,Autostrad - Sheraton,"30.1065,31.3711",30.1065,31.3711,72,72,25,0.926535,FALSE,17,0,5,1,1,Free_Flow,2,1
6/20/2026 17:15,Tahrir Square,"30.0444,31.2357",30.0444,31.2357,68,76,35,0.880869,FALSE,17,15,5,1,1,Free_Flow,16,1
6/20/2026 17:30,Corniche El Nil,"30.0263,31.2268",30.0263,31.2268,67,67,49,0.882115,FALSE,17,30,5,1,1,Free_Flow,3,1
6/20/2026 17:45,Mosheer Tantawy Axis,"30.0242,31.3486",30.0242,31.3486,64,77,41,0.947413,FALSE,17,45,5,1,1,Free_Flow,7,1
6/20/2026 18:00,Rod El Farag Axis,"30.0881,31.2185",30.0881,31.2185,57,60,37,0.993888,FALSE,18,0,5,1,1,Free_Flow,13,1
6/20/2026 18:15,Ring Road - Marg,"30.1554,31.3323",30.1554,31.3323,68,68,17,0.870283,FALSE,18,15,5,1,1,Free_Flow,11,1
6/20/2026 18:30,Ring Road - Moneeb,"29.9881,31.2227",29.9881,31.2227,74,74,15,0.99606,FALSE,18,30,5,1,1,Free_Flow,12,1
6/20/2026 18:45,Gamaat El Dowal St,"30.0543,31.2005",30.0543,31.2005,61,61,18,0.949768,FALSE,18,45,5,1,1,Free_Flow,6,1
6/20/2026 19:00,Faisal Street,"30.0051,31.1574",30.0051,31.1574,37,64,14,0.877113,FALSE,19,0,5,1,1,Moderate,4,2
6/20/2026 19:15,North 90th Street,"30.0308,31.4721",30.0308,31.4721,52,56,32,0.854529,FALSE,19,15,5,1,1,Free_Flow,8,1
6/20/2026 19:30,South 90th Street,"30.0195,31.4326",30.0195,31.4326,45,75,15,0.987862,FALSE,19,30,5,1,1,Moderate,15,2
6/20/2026 19:45,Ring Road - Maadi,"29.9544,31.2858",29.9544,31.2858,45,59,12,0.912426,FALSE,19,45,5,1,1,Moderate,10,2
6/20/2026 20:00,October Bridge,"30.0526,31.2372",30.0526,31.2372,66,73,21,0.878007,FALSE,20,0,5,1,0,Free_Flow,9,1
6/20/2026 20:15,26th July Corridor,"30.0381,31.0264",30.0381,31.0264,44,69,32,0.946081,FALSE,20,15,5,1,0,Moderate,0,2
6/20/2026 20:30,Abbas El Akkad,"30.0631,31.3341",30.0631,31.3341,39,75,8,0.981698,FALSE,20,30,5,1,0,Moderate,1,2
6/20/2026 20:45,Galaa Square,"30.0398,31.2188",30.0398,31.2188,57,78,35,0.889642,FALSE,20,45,5,1,0,Free_Flow,5,1
6/20/2026 21:00,Salah Salem,"30.0645,31.282",30.0645,31.282,62,66,36,0.886389,FALSE,21,0,5,1,0,Free_Flow,14,1
6/20/2026 21:15,Autostrad - Sheraton,"30.1065,31.3711",30.1065,31.3711,38,58,17,0.944843,FALSE,21,15,5,1,0,Moderate,2,2
6/20/2026 21:30,Tahrir Square,"30.0444,31.2357",30.0444,31.2357,60,73,17,0.985107,FALSE,21,30,5,1,0,Free_Flow,16,1
6/20/2026 21:45,Corniche El Nil,"30.0263,31.2268",30.0263,31.2268,56,75,49,0.977775,FALSE,21,45,5,1,0,Free_Flow,3,1
6/20/2026 22:00,Mosheer Tantawy Axis,"30.0242,31.3486",30.0242,31.3486,59,78,14,0.881186,FALSE,22,0,5,1,0,Free_Flow,7,1
6/20/2026 22:15,Rod El Farag Axis,"30.0881,31.2185",30.0881,31.2185,60,71,31,0.907921,FALSE,22,15,5,1,0,Free_Flow,13,1
6/20/2026 22:30,Ring Road - Marg,"30.1554,31.3323",30.1554,31.3323,54,78,15,0.932446,FALSE,22,30,5,1,0,Free_Flow,11,1
6/20/2026 22:45,Ring Road - Moneeb,"29.9881,31.2227",29.9881,31.2227,52,77,41,0.888362,FALSE,22,45,5,1,0,Free_Flow,12,1
6/20/2026 23:00,Gamaat El Dowal St,"30.0543,31.2005",30.0543,31.2005,73,73,47,0.936472,FALSE,23,0,5,1,0,Free_Flow,6,1
6/20/2026 23:15,Faisal Street,"30.0051,31.1574",30.0051,31.1574,40,76,43,0.933493,FALSE,23,15,5,1,0,Moderate,4,2
6/20/2026 23:30,North 90th Street,"30.0308,31.4721",30.0308,31.4721,72,72,11,0.981471,FALSE,23,30,5,1,0,Free_Flow,8,1
6/20/2026 23:45,South 90th Street,"30.0195,31.4326",30.0195,31.4326,39,55,24,0.862801,FALSE,23,45,5,1,0,Moderate,15,2
6/21/2026 0:00,Ring Road - Maadi,"29.9544,31.2858",29.9544,31.2858,42,66,62,0.965694,FALSE,0,0,6,1,0,Moderate,10,2
6/21/2026 0:15,October Bridge,"30.0526,31.2372",30.0526,31.2372,60,66,27,0.934095,FALSE,0,15,6,1,0,Free_Flow,9,1
6/21/2026 0:30,26th July Corridor,"30.0381,31.0264",30.0381,31.0264,42,72,51,0.981866,FALSE,0,30,6,1,0,Moderate,0,2
6/21/2026 0:45,Abbas El Akkad,"30.0631,31.3341",30.0631,31.3341,46,57,66,0.918638,FALSE,0,45,6,1,0,Moderate,1,2
6/21/2026 1:00,Galaa Square,"30.0398,31.2188",30.0398,31.2188,39,65,13,0.975458,FALSE,1,0,6,1,0,Moderate,5,2
6/21/2026 1:15,Salah Salem,"30.0645,31.282",30.0645,31.282,34,71,29,0.958457,FALSE,1,15,6,1,0,Moderate,14,2
6/21/2026 1:30,Autostrad - Sheraton,"30.1065,31.3711",30.1065,31.3711,25,70,19,0.864274,FALSE,1,30,6,1,0,Moderate,2,2
6/21/2026 1:45,Tahrir Square,"30.0444,31.2357",30.0444,31.2357,53,62,69,0.930389,FALSE,1,45,6,1,0,Free_Flow,16,1
6/21/2026 2:00,Corniche El Nil,"30.0263,31.2268",30.0263,31.2268,48,73,34,0.962759,FALSE,2,0,6,1,0,Moderate,3,2
6/21/2026 2:15,Mosheer Tantawy Axis,"30.0242,31.3486",30.0242,31.3486,40,61,71,0.888674,FALSE,2,15,6,1,0,Moderate,7,2
6/21/2026 2:30,Rod El Farag Axis,"30.0881,31.2185",30.0881,31.2185,50,63,23,0.896554,FALSE,2,30,6,1,0,Free_Flow,13,1
6/21/2026 2:45,Ring Road - Marg,"30.1554,31.3323",30.1554,31.3323,49,75,24,0.882453,FALSE,2,45,6,1,0,Moderate,11,2
6/21/2026 3:00,Ring Road - Moneeb,"29.9881,31.2227",29.9881,31.2227,53,70,67,0.986491,FALSE,3,0,6,1,0,Free_Flow,12,1
6/21/2026 3:15,Gamaat El Dowal St,"30.0543,31.2005",30.0543,31.2005,60,72,63,0.944505,FALSE,3,15,6,1,0,Free_Flow,6,1
6/21/2026 3:30,Faisal Street,"30.0051,31.1574",30.0051,31.1574,54,55,74,0.923865,FALSE,3,30,6,1,0,Free_Flow,4,1
6/21/2026 3:45,North 90th Street,"30.0308,31.4721",30.0308,31.4721,41,59,76,0.88055,FALSE,3,45,6,1,0,Moderate,8,2
6/21/2026 4:00,South 90th Street,"30.0195,31.4326",30.0195,31.4326,53,60,43,0.85413,FALSE,4,0,6,1,0,Free_Flow,15,1
6/21/2026 4:15,Ring Road - Maadi,"29.9544,31.2858",29.9544,31.2858,28,72,33,0.969345,FALSE,4,15,6,1,0,Moderate,10,2
6/21/2026 4:30,October Bridge,"30.0526,31.2372",30.0526,31.2372,39,58,13,0.872368,FALSE,4,30,6,1,0,Moderate,9,2
6/21/2026 4:45,26th July Corridor,"30.0381,31.0264",30.0381,31.0264,37,63,38,0.974933,FALSE,4,45,6,1,0,Moderate,0,2
6/21/2026 5:00,Abbas El Akkad,"30.0631,31.3341",30.0631,31.3341,63,72,52,0.85712,FALSE,5,0,6,1,0,Free_Flow,1,1
6/21/2026 5:15,Galaa Square,"30.0398,31.2188",30.0398,31.2188,46,72,14,0.87134,FALSE,5,15,6,1,0,Moderate,5,2
6/21/2026 5:30,Salah Salem,"30.0645,31.282",30.0645,31.282,57,76,21,0.95772,FALSE,5,30,6,1,0,Free_Flow,14,1
6/21/2026 5:45,Autostrad - Sheraton,"30.1065,31.3711",30.1065,31.3711,63,63,13,0.940948,FALSE,5,45,6,1,0,Free_Flow,2,1
6/21/2026 6:00,Tahrir Square,"30.0444,31.2357",30.0444,31.2357,38,63,43,0.967936,FALSE,6,0,6,1,0,Moderate,16,2
6/21/2026 6:15,Corniche El Nil,"30.0263,31.2268",30.0263,31.2268,48,70,10,0.964938,FALSE,6,15,6,1,0,Moderate,3,2
6/21/2026 6:30,Mosheer Tantawy Axis,"30.0242,31.3486",30.0242,31.3486,61,61,70,0.929716,FALSE,6,30,6,1,0,Free_Flow,7,1
6/21/2026 6:45,Rod El Farag Axis,"30.0881,31.2185",30.0881,31.2185,32,57,27,0.906792,FALSE,6,45,6,1,0,Moderate,13,2
6/21/2026 7:00,Ring Road - Marg,"30.1554,31.3323",30.1554,31.3323,17,69,49,0.901026,FALSE,7,0,6,1,1,Congested,11,0
6/21/2026 7:15,Ring Road - Moneeb,"29.9881,31.2227",29.9881,31.2227,28,58,55,0.979721,FALSE,7,15,6,1,1,Moderate,12,2
6/21/2026 7:30,Gamaat El Dowal St,"30.0543,31.2005",30.0543,31.2005,15,80,76,0.922881,FALSE,7,30,6,1,1,Congested,6,0
6/21/2026 7:45,Faisal Street,"30.0051,31.1574",30.0051,31.1574,35,79,66,0.906039,FALSE,7,45,6,1,1,Moderate,4,2
6/21/2026 8:00,North 90th Street,"30.0308,31.4721",30.0308,31.4721,20,68,119,0.994754,FALSE,8,0,6,1,1,Moderate,8,2
6/21/2026 8:15,South 90th Street,"30.0195,31.4326",30.0195,31.4326,23,77,116,0.981675,FALSE,8,15,6,1,1,Moderate,15,2
6/21/2026 8:30,Ring Road - Maadi,"29.9544,31.2858",29.9544,31.2858,25,78,61,0.854026,FALSE,8,30,6,1,1,Moderate,10,2
6/21/2026 8:45,October Bridge,"30.0526,31.2372",30.0526,31.2372,16,72,105,0.90336,FALSE,8,45,6,1,1,Congested,9,0
6/21/2026 9:00,26th July Corridor,"30.0381,31.0264",30.0381,31.0264,12,74,103,0.871795,FALSE,9,0,6,1,1,Congested,0,0
6/21/2026 9:15,Abbas El Akkad,"30.0631,31.3341",30.0631,31.3341,10,75,112,0.861306,FALSE,9,15,6,1,1,Congested,1,0
6/21/2026 9:30,Galaa Square,"30.0398,31.2188",30.0398,31.2188,10,80,47,0.924151,FALSE,9,30,6,1,1,Congested,5,0
6/21/2026 9:45,Salah Salem,"30.0645,31.282",30.0645,31.282,29,76,40,0.960833,FALSE,9,45,6,1,1,Moderate,14,2
6/21/2026 10:00,Autostrad - Sheraton,"30.1065,31.3711",30.1065,31.3711,19,59,59,0.967129,FALSE,10,0,6,1,0,Congested,2,0
6/21/2026 10:15,Tahrir Square,"30.0444,31.2357",30.0444,31.2357,27,67,98,0.888729,FALSE,10,15,6,1,0,Moderate,16,2
6/21/2026 10:30,Corniche El Nil,"30.0263,31.2268",30.0263,31.2268,10,73,92,0.875342,FALSE,10,30,6,1,0,Congested,3,0
6/21/2026 10:45,Mosheer Tantawy Axis,"30.0242,31.3486",30.0242,31.3486,26,68,70,0.939045,FALSE,10,45,6,1,0,Moderate,7,2
6/21/2026 11:00,Rod El Farag Axis,"30.0881,31.2185",30.0881,31.2185,50,58,57,0.916914,FALSE,11,0,6,1,0,Free_Flow,13,1
6/21/2026 11:15,Ring Road - Marg,"30.1554,31.3323",30.1554,31.3323,65,65,79,0.898445,FALSE,11,15,6,1,0,Free_Flow,11,1
6/21/2026 11:30,Ring Road - Moneeb,"29.9881,31.2227",29.9881,31.2227,27,55,42,0.868211,FALSE,11,30,6,1,0,Moderate,12,2
6/21/2026 11:45,Gamaat El Dowal St,"30.0543,31.2005",30.0543,31.2005,46,67,69,0.939427,FALSE,11,45,6,1,0,Moderate,6,2
6/21/2026 12:00,Faisal Street,"30.0051,31.1574",30.0051,31.1574,30,79,78,0.906744,FALSE,12,0,6,1,0,Moderate,4,2
6/21/2026 12:15,North 90th Street,"30.0308,31.4721",30.0308,31.4721,58,58,45,0.865618,FALSE,12,15,6,1,0,Free_Flow,8,1
6/21/2026 12:30,South 90th Street,"30.0195,31.4326",30.0195,31.4326,31,62,13,0.852387,FALSE,12,30,6,1,0,Moderate,15,2
6/21/2026 12:45,Ring Road - Maadi,"29.9544,31.2858",29.9544,31.2858,54,65,50,0.951401,FALSE,12,45,6,1,0,Free_Flow,10,1
6/21/2026 13:00,October Bridge,"30.0526,31.2372",30.0526,31.2372,45,70,26,0.890559,FALSE,13,0,6,1,0,Moderate,9,2
6/21/2026 13:15,26th July Corridor,"30.0381,31.0264",30.0381,31.0264,61,79,40,0.96685,FALSE,13,15,6,1,0,Free_Flow,0,1
6/21/2026 13:30,Abbas El Akkad,"30.0631,31.3341",30.0631,31.3341,52,80,29,0.977085,FALSE,13,30,6,1,0,Free_Flow,1,1
6/21/2026 13:45,Galaa Square,"30.0398,31.2188",30.0398,31.2188,42,77,54,0.909172,FALSE,13,45,6,1,0,Moderate,5,2
6/21/2026 14:00,Salah Salem,"30.0645,31.282",30.0645,31.282,26,64,12,0.983766,FALSE,14,0,6,1,0,Moderate,14,2
6/21/2026 14:15,Autostrad - Sheraton,"30.1065,31.3711",30.1065,31.3711,65,65,26,0.904243,FALSE,14,15,6,1,0,Free_Flow,2,1
6/21/2026 14:30,Tahrir Square,"30.0444,31.2357",30.0444,31.2357,31,80,63,0.883421,FALSE,14,30,6,1,0,Moderate,16,2
6/21/2026 14:45,Corniche El Nil,"30.0263,31.2268",30.0263,31.2268,38,77,76,0.894892,FALSE,14,45,6,1,0,Moderate,3,2
6/21/2026 15:00,Mosheer Tantawy Axis,"30.0242,31.3486",30.0242,31.3486,63,63,25,0.935743,FALSE,15,0,6,1,0,Free_Flow,7,1
6/21/2026 15:15,Rod El Farag Axis,"30.0881,31.2185",30.0881,31.2185,34,66,36,0.939796,FALSE,15,15,6,1,0,Moderate,13,2
6/21/2026 15:30,Ring Road - Marg,"30.1554,31.3323",30.1554,31.3323,50,61,49,0.890777,FALSE,15,30,6,1,0,Free_Flow,11,1
6/21/2026 15:45,Ring Road - Moneeb,"29.9881,31.2227",29.9881,31.2227,63,74,73,0.898644,FALSE,15,45,6,1,0,Free_Flow,12,1
6/21/2026 16:00,Gamaat El Dowal St,"30.0543,31.2005",30.0543,31.2005,24,58,92,0.852698,FALSE,16,0,6,1,1,Moderate,6,2
6/21/2026 16:15,Faisal Street,"30.0051,31.1574",30.0051,31.1574,28,63,92,0.95242,FALSE,16,15,6,1,1,Moderate,4,2
6/21/2026 16:30,North 90th Street,"30.0308,31.4721",30.0308,31.4721,17,71,104,0.954386,FALSE,16,30,6,1,1,Congested,8,0
6/21/2026 16:45,South 90th Street,"30.0195,31.4326",30.0195,31.4326,25,77,68,0.902928,FALSE,16,45,6,1,1,Moderate,15,2
6/21/2026 17:00,Ring Road - Maadi,"29.9544,31.2858",29.9544,31.2858,35,57,42,0.982615,FALSE,17,0,6,1,1,Moderate,10,2
6/21/2026 17:15,October Bridge,"30.0526,31.2372",30.0526,31.2372,27,65,85,0.868348,FALSE,17,15,6,1,1,Moderate,9,2
6/21/2026 17:30,26th July Corridor,"30.0381,31.0264",30.0381,31.0264,27,70,67,0.986063,FALSE,17,30,6,1,1,Moderate,0,2
6/21/2026 17:45,Abbas El Akkad,"30.0631,31.3341",30.0631,31.3341,31,62,71,0.985126,FALSE,17,45,6,1,1,Moderate,1,2
6/21/2026 18:00,Galaa Square,"30.0398,31.2188",30.0398,31.2188,31,69,84,0.856848,FALSE,18,0,6,1,1,Moderate,5,2
6/21/2026 18:15,Salah Salem,"30.0645,31.282",30.0645,31.282,23,75,100,0.956093,FALSE,18,15,6,1,1,Moderate,14,2
6/21/2026 18:30,Autostrad - Sheraton,"30.1065,31.3711",30.1065,31.3711,24,57,56,0.977421,FALSE,18,30,6,1,1,Moderate,2,2
6/21/2026 18:45,Tahrir Square,"30.0444,31.2357",30.0444,31.2357,31,62,112,0.937223,FALSE,18,45,6,1,1,Moderate,16,2
6/21/2026 19:00,Corniche El Nil,"30.0263,31.2268",30.0263,31.2268,16,68,45,0.912668,FALSE,19,0,6,1,1,Congested,3,0
6/21/2026 19:15,Mosheer Tantawy Axis,"30.0242,31.3486",30.0242,31.3486,29,79,69,0.966631,FALSE,19,15,6,1,1,Moderate,7,2
6/21/2026 19:30,Rod El Farag Axis,"30.0881,31.2185",30.0881,31.2185,15,56,42,0.881962,FALSE,19,30,6,1,1,Congested,13,0
6/21/2026 19:45,Ring Road - Marg,"30.1554,31.3323",30.1554,31.3323,32,56,58,0.887342,FALSE,19,45,6,1,1,Moderate,11,2
6/21/2026 20:00,Ring Road - Moneeb,"29.9881,31.2227",29.9881,31.2227,31,63,103,0.890846,FALSE,20,0,6,1,0,Moderate,12,2
6/21/2026 20:15,Gamaat El Dowal St,"30.0543,31.2005",30.0543,31.2005,11,77,86,0.882533,FALSE,20,15,6,1,0,Congested,6,0
6/21/2026 20:30,Faisal Street,"30.0051,31.1574",30.0051,31.1574,28,56,79,0.939854,FALSE,20,30,6,1,0,Moderate,4,2
6/21/2026 20:45,North 90th Street,"30.0308,31.4721",30.0308,31.4721,31,70,75,0.891729,FALSE,20,45,6,1,0,Moderate,8,2
6/21/2026 21:00,South 90th Street,"30.0195,31.4326",30.0195,31.4326,46,78,36,0.866036,FALSE,21,0,6,1,0,Moderate,15,2
6/21/2026 21:15,Ring Road - Maadi,"29.9544,31.2858",29.9544,31.2858,64,68,43,0.993907,FALSE,21,15,6,1,0,Free_Flow,10,1
6/21/2026 21:30,October Bridge,"30.0526,31.2372",30.0526,31.2372,62,62,47,0.850178,FALSE,21,30,6,1,0,Free_Flow,9,1
6/21/2026 21:45,26th July Corridor,"30.0381,31.0264",30.0381,31.0264,63,63,15,0.995744,FALSE,21,45,6,1,0,Free_Flow,0,1
6/21/2026 22:00,Abbas El Akkad,"30.0631,31.3341",30.0631,31.3341,28,60,16,0.90697,FALSE,22,0,6,1,0,Moderate,1,2
6/21/2026 22:15,Galaa Square,"30.0398,31.2188",30.0398,31.2188,58,76,32,0.914064,FALSE,22,15,6,1,0,Free_Flow,5,1
6/21/2026 22:30,Salah Salem,"30.0645,31.282",30.0645,31.282,35,63,75,0.962015,FALSE,22,30,6,1,0,Moderate,14,2
6/21/2026 22:45,Autostrad - Sheraton,"30.1065,31.3711",30.1065,31.3711,60,67,40,0.913312,FALSE,22,45,6,1,0,Free_Flow,2,1
6/21/2026 23:00,Tahrir Square,"30.0444,31.2357",30.0444,31.2357,47,78,59,0.93179,FALSE,23,0,6,1,0,Moderate,16,2
6/21/2026 23:15,Corniche El Nil,"30.0263,31.2268",30.0263,31.2268,59,72,45,0.985941,FALSE,23,15,6,1,0,Free_Flow,3,1
6/21/2026 23:30,Mosheer Tantawy Axis,"30.0242,31.3486",30.0242,31.3486,44,66,44,0.895873,FALSE,23,30,6,1,0,Moderate,7,2
6/21/2026 23:45,Rod El Farag Axis,"30.0881,31.2185",30.0881,31.2185,52,65,31,0.982486,FALSE,23,45,6,1,0,Free_Flow,13,1
6/22/2026 0:00,Ring Road - Marg,"30.1554,31.3323",30.1554,31.3323,62,62,27,0.90731,FALSE,0,0,0,0,0,Free_Flow,11,1
6/22/2026 0:15,Ring Road - Moneeb,"29.9881,31.2227",29.9881,31.2227,64,64,29,0.996431,FALSE,0,15,0,0,0,Free_Flow,12,1
6/22/2026 0:30,Gamaat El Dowal St,"30.0543,31.2005",30.0543,31.2005,52,62,15,0.85631,FALSE,0,30,0,0,0,Free_Flow,6,1
6/22/2026 0:45,Faisal Street,"30.0051,31.1574",30.0051,31.1574,27,73,36,0.88855,FALSE,0,45,0,0,0,Moderate,4,2
6/22/2026 1:00,North 90th Street,"30.0308,31.4721",30.0308,31.4721,32,60,37,0.929825,FALSE,1,0,0,0,0,Moderate,8,2
6/22/2026 1:15,South 90th Street,"30.0195,31.4326",30.0195,31.4326,60,61,51,0.876907,FALSE,1,15,0,0,0,Free_Flow,15,1
6/22/2026 1:30,Ring Road - Maadi,"29.9544,31.2858",29.9544,31.2858,47,71,62,0.850623,FALSE,1,30,0,0,0,Moderate,10,2
6/22/2026 1:45,October Bridge,"30.0526,31.2372",30.0526,31.2372,43,58,40,0.883058,FALSE,1,45,0,0,0,Moderate,9,2
